id,number,type,priority,description,site_id,equipment_id,assignee_id,brigade_id,master_id,due_at,norm_hours,status,is_overdue,fault_code,work_done,rework_count,issued_at,accepted_at,started_at,done_at,closed_at
1,1,planned,planned,"Плановый ремонт (ППР): Дробилка КМД-1750 — осмотр, смазка, подтяжка креплений, замена изношенных элементов",1,1,4d9937c4-06fe-581d-bbee-b905cacaf2cc,2,c8297387-4c37-53d3-8120-a214ac80359e,2026-07-06T21:14:17.565714+05:00,8,closed,False,,"Выполнен ППР: Дробилка КМД-1750 — осмотр, смазка узлов, подтяжка креплений",0,2026-07-06T08:38:20.288388+05:00,2026-07-06T08:47:29.941603+05:00,2026-07-06T08:52:35.881621+05:00,2026-07-06T18:45:22.076088+05:00,2026-07-06T19:05:19.758144+05:00
2,2,planned,planned,"Плановый ремонт (ППР): Гидропресс П-6326 — осмотр, смазка, подтяжка креплений, замена изношенных элементов",4,23,1c4d0efe-d6e1-5774-af33-096424b68a1d,2,c8297387-4c37-53d3-8120-a214ac80359e,2026-07-06T14:26:49.624601+05:00,3,closed,False,,"Выполнен ППР: Гидропресс П-6326 — осмотр, смазка узлов, подтяжка креплений",0,2026-07-06T08:50:58.344604+05:00,2026-07-06T08:54:21.761566+05:00,2026-07-06T09:06:48.715675+05:00,2026-07-06T13:23:13.064566+05:00,2026-07-06T13:50:20.071065+05:00
3,3,planned,planned,"Плановый ремонт (ППР): Конвейер К-7 — осмотр, смазка, подтяжка креплений, замена изношенных элементов",2,13,75808db3-d714-5bc1-8824-97b2c7c6f097,1,c8297387-4c37-53d3-8120-a214ac80359e,2026-07-06T17:03:42.727873+05:00,4,closed,False,,"Выполнен ППР: Конвейер К-7 — осмотр, смазка узлов, подтяжка креплений",0,2026-07-06T08:59:42.501695+05:00,2026-07-06T09:06:32.139550+05:00,2026-07-06T09:25:39.324307+05:00,2026-07-06T14:27:53.131256+05:00,2026-07-06T14:48:06.830182+05:00
4,4,planned,planned,"Плановый ремонт (ППР): Насос ГрАТ-450 №2 — осмотр, смазка, подтяжка креплений, замена изношенных элементов",2,10,30c23f9b-3046-52c7-aa98-4ded8e8f73ec,1,c8297387-4c37-53d3-8120-a214ac80359e,2026-07-06T16:54:37.395616+05:00,4,closed,False,,"Выполнен ППР: Насос ГрАТ-450 №2 — осмотр, смазка узлов, подтяжка креплений",0,2026-07-06T09:14:31.737566+05:00,2026-07-06T09:18:18.494447+05:00,2026-07-06T09:34:03.684313+05:00,2026-07-06T12:09:44.628322+05:00,2026-07-06T12:44:49.022460+05:00
5,5,planned,planned,"Плановый ремонт (ППР): Насос ГрАТ-450 №1 — осмотр, смазка, подтяжка креплений, замена изношенных элементов",2,9,4cd857ba-990a-5264-9b16-d26a06a3e6f4,2,c8297387-4c37-53d3-8120-a214ac80359e,2026-07-06T16:06:25.069960+05:00,4,closed,False,,"Выполнен ППР: Насос ГрАТ-450 №1 — осмотр, смазка узлов, подтяжка креплений",0,2026-07-06T09:17:49.547328+05:00,2026-07-06T09:25:17.505095+05:00,2026-07-06T09:35:35.260083+05:00,2026-07-06T13:00:48.542258+05:00,2026-07-06T13:44:05.579846+05:00
6,6,unplanned,emergency,"Перегрев электродвигателя, гул",1,5,afebbbfd-2a78-5649-81b2-ad4f458ca374,2,c8297387-4c37-53d3-8120-a214ac80359e,2026-07-06T15:14:59.442870+05:00,4,closed,False,Э-02,"Заменены подшипники двигателя, проверены обмотки, пуск в норме",0,2026-07-06T09:47:59.442870+05:00,2026-07-06T09:49:53.003359+05:00,2026-07-06T10:08:00.150032+05:00,2026-07-06T13:30:47.934247+05:00,2026-07-06T14:02:34.887579+05:00
7,7,unplanned,high,Шум и нагрев подшипникового узла привода,1,6,79413058-e2c0-5b03-adfb-a2a01c58f0d5,3,c8297387-4c37-53d3-8120-a214ac80359e,2026-07-06T22:27:00.248856+05:00,3,closed,False,М-02,"Заменён подшипник, узел промыт и смазан, проверено на холостом ходу",0,2026-07-06T17:09:11.560926+05:00,2026-07-06T17:17:18.903736+05:00,2026-07-06T17:28:42.854835+05:00,2026-07-06T19:45:45.617301+05:00,2026-07-06T20:42:55.611791+05:00
8,8,planned,planned,"Плановый ремонт (ППР): Вентилятор ВМ-12 — осмотр, смазка, подтяжка креплений, замена изношенных элементов",2,14,1c4d0efe-d6e1-5774-af33-096424b68a1d,2,c8297387-4c37-53d3-8120-a214ac80359e,2026-07-07T14:28:40.393843+05:00,3,closed,False,,"Выполнен ППР: Вентилятор ВМ-12 — осмотр, смазка узлов, подтяжка креплений",0,2026-07-07T08:05:25.703465+05:00,2026-07-07T08:09:16.562190+05:00,2026-07-07T08:23:07.080360+05:00,2026-07-07T10:49:20.276635+05:00,2026-07-07T11:13:01.246717+05:00
9,9,planned,planned,"Плановый ремонт (ППР): Насос ГрАТ-450 №3 — осмотр, смазка, подтяжка креплений, замена изношенных элементов",2,11,2f23346e-8eed-5645-a1b2-d929d4517246,3,c8297387-4c37-53d3-8120-a214ac80359e,2026-07-07T15:55:03.164179+05:00,4,closed,False,,"Выполнен ППР: Насос ГрАТ-450 №3 — осмотр, смазка узлов, подтяжка креплений",0,2026-07-07T08:56:45.481406+05:00,2026-07-07T09:07:03.039414+05:00,2026-07-07T09:24:09.596516+05:00,2026-07-07T12:41:32.828446+05:00,2026-07-07T13:16:04.046441+05:00
10,10,planned,planned,"Плановый ремонт (ППР): Сушильный барабан СБ-1 — осмотр, смазка, подтяжка креплений, замена изношенных элементов",3,15,75808db3-d714-5bc1-8824-97b2c7c6f097,1,c8297387-4c37-53d3-8120-a214ac80359e,2026-07-07T18:27:43.635730+05:00,6,closed,False,,"Выполнен ППР: Сушильный барабан СБ-1 — осмотр, смазка узлов, подтяжка креплений",0,2026-07-07T09:19:20.805014+05:00,2026-07-07T09:22:14.126867+05:00,2026-07-07T09:30:55.319692+05:00,2026-07-07T16:31:11.986287+05:00,2026-07-07T17:26:15.875524+05:00
11,11,unplanned,emergency,"Двигатель не запускается, запах гари",3,15,524bebbe-f703-5521-8e9d-5a3e54fbbf10,1,c8297387-4c37-53d3-8120-a214ac80359e,2026-07-07T21:18:22.453513+05:00,4,closed,False,Э-02,"Заменены подшипники двигателя, проверены обмотки, пуск в норме",0,2026-07-07T15:51:22.453513+05:00,2026-07-07T15:53:02.675298+05:00,2026-07-07T16:02:04.156075+05:00,2026-07-07T20:38:18.216657+05:00,2026-07-07T20:52:12.330811+05:00
12,12,unplanned,high,"Течь гидрожидкости, лужа под агрегатом",2,9,9d7fbeed-09f8-55cd-9cc1-8e28b1c8a47a,3,38634255-032f-5302-be4f-e3bb175128c8,2026-07-08T09:08:28.427285+05:00,2,closed,False,Г-01,"Заменены уплотнения, долито масло, течь устранена",0,2026-07-08T03:55:13.636779+05:00,2026-07-08T04:02:04.425976+05:00,2026-07-08T04:13:07.388524+05:00,2026-07-08T06:04:20.943336+05:00,2026-07-08T06:24:54.212696+05:00
13,13,planned,planned,"Плановый ремонт (ППР): Сварочный пост СП-2 — осмотр, смазка, подтяжка креплений, замена изношенных элементов",4,25,4d9937c4-06fe-581d-bbee-b905cacaf2cc,2,c8297387-4c37-53d3-8120-a214ac80359e,2026-07-08T14:51:01.925815+05:00,3,closed,False,,"Выполнен ППР: Сварочный пост СП-2 — осмотр, смазка узлов, подтяжка креплений",0,2026-07-08T08:40:53.133700+05:00,2026-07-08T08:50:51.107955+05:00,2026-07-08T08:58:33.556528+05:00,2026-07-08T11:31:57.509815+05:00,2026-07-08T12:16:06.950104+05:00
14,14,planned,planned,"Плановый ремонт (ППР): Дымосос ДН-15 — осмотр, смазка, подтяжка креплений, замена изношенных элементов",3,19,75808db3-d714-5bc1-8824-97b2c7c6f097,1,c8297387-4c37-53d3-8120-a214ac80359e,2026-07-08T15:22:28.270295+05:00,3,closed,False,,"Выполнен ППР: Дымосос ДН-15 — осмотр, смазка узлов, подтяжка креплений",0,2026-07-08T09:51:49.088980+05:00,2026-07-08T09:57:35.382963+05:00,2026-07-08T10:00:16.626547+05:00,2026-07-08T11:55:17.859819+05:00,2026-07-08T12:38:38.371448+05:00
15,15,unplanned,emergency,Шум и нагрев подшипникового узла привода,2,11,2f23346e-8eed-5645-a1b2-d929d4517246,3,c8297387-4c37-53d3-8120-a214ac80359e,2026-07-08T15:58:39.168407+05:00,3,closed,False,М-02,"Заменён подшипник, узел промыт и смазан, проверено на холостом ходу",0,2026-07-08T11:49:39.168407+05:00,2026-07-08T11:58:32.985612+05:00,2026-07-08T12:02:30.051349+05:00,2026-07-08T15:11:56.921918+05:00,2026-07-08T15:45:01.705555+05:00
16,16,planned,planned,"Плановый ремонт (ППР): Дробилка ККД-1500 — осмотр, смазка, подтяжка креплений, замена изношенных элементов",1,2,30c23f9b-3046-52c7-aa98-4ded8e8f73ec,1,c8297387-4c37-53d3-8120-a214ac80359e,2026-07-09T20:15:46.329488+05:00,8,closed,False,,"Выполнен ППР: Дробилка ККД-1500 — осмотр, смазка узлов, подтяжка креплений",0,2026-07-09T08:28:47.525371+05:00,2026-07-09T08:36:28.106925+05:00,2026-07-09T08:44:01.630290+05:00,2026-07-09T18:25:00.320098+05:00,2026-07-09T19:13:43.977867+05:00
17,17,planned,planned,"Плановый ремонт (ППР): Кран мостовой 10 т — осмотр, смазка, подтяжка креплений, замена изношенных элементов",4,22,4d9937c4-06fe-581d-bbee-b905cacaf2cc,2,c8297387-4c37-53d3-8120-a214ac80359e,2026-07-09T15:14:21.117070+05:00,3,closed,False,,"Выполнен ППР: Кран мостовой 10 т — осмотр, смазка узлов, подтяжка креплений",0,2026-07-09T08:38:15.954158+05:00,2026-07-09T08:49:00.933416+05:00,2026-07-09T08:51:51.512549+05:00,2026-07-09T10:50:18.783078+05:00,2026-07-09T11:44:07.530075+05:00
18,18,planned,planned,"Плановый ремонт (ППР): Конвейер К-3 — осмотр, смазка, подтяжка креплений, замена изношенных элементов",1,6,30c23f9b-3046-52c7-aa98-4ded8e8f73ec,1,c8297387-4c37-53d3-8120-a214ac80359e,2026-07-09T15:49:04.080924+05:00,4,closed,False,,"Выполнен ППР: Конвейер К-3 — осмотр, смазка узлов, подтяжка креплений",0,2026-07-09T09:20:54.982771+05:00,2026-07-09T09:30:46.099238+05:00,2026-07-09T09:49:48.428141+05:00,2026-07-09T14:02:16.853254+05:00,2026-07-09T14:30:38.624938+05:00
19,19,planned,planned,"Плановый ремонт (ППР): Конвейер К-1 — осмотр, смазка, подтяжка креплений, замена изношенных элементов",1,4,4d9937c4-06fe-581d-bbee-b905cacaf2cc,2,c8297387-4c37-53d3-8120-a214ac80359e,2026-07-09T16:29:39.680053+05:00,4,closed,False,,"Выполнен ППР: Конвейер К-1 — осмотр, смазка узлов, подтяжка креплений",0,2026-07-09T09:46:54.974852+05:00,2026-07-09T09:52:56.058066+05:00,2026-07-09T10:05:30.959236+05:00,2026-07-09T12:30:11.590171+05:00,2026-07-09T13:20:49.623472+05:00
20,20,unplanned,high,"Перегрев узла, сухое трение",3,19,79413058-e2c0-5b03-adfb-a2a01c58f0d5,3,c8297387-4c37-53d3-8120-a214ac80359e,2026-07-09T21:43:11.908792+05:00,1,closed,False,С-01,"Узлы смазаны, проверен нагрев",0,2026-07-09T18:03:42.826940+05:00,2026-07-09T18:14:12.426038+05:00,2026-07-09T18:28:42.792743+05:00,2026-07-09T19:27:40.741063+05:00,2026-07-09T19:41:23.545061+05:00
21,21,unplanned,emergency,"Стук, откручиваются болты опоры",1,6,30c23f9b-3046-52c7-aa98-4ded8e8f73ec,1,38634255-032f-5302-be4f-e3bb175128c8,2026-07-10T06:15:21.358918+05:00,1.5,closed,False,М-05,"Подтянуты и заменены крепления, проверена вибрация",0,2026-07-10T04:03:21.358918+05:00,2026-07-10T04:04:23.326721+05:00,2026-07-10T04:08:40.713198+05:00,2026-07-10T05:53:29.168884+05:00,2026-07-10T06:26:14.037613+05:00
22,22,planned,planned,"Плановый ремонт (ППР): Сушильный барабан СБ-2 — осмотр, смазка, подтяжка креплений, замена изношенных элементов",3,16,4d9937c4-06fe-581d-bbee-b905cacaf2cc,2,c8297387-4c37-53d3-8120-a214ac80359e,2026-07-10T18:02:29.211315+05:00,6,closed,False,,"Выполнен ППР: Сушильный барабан СБ-2 — осмотр, смазка узлов, подтяжка креплений",0,2026-07-10T08:57:50.780045+05:00,2026-07-10T09:09:53.444451+05:00,2026-07-10T09:17:45.275577+05:00,2026-07-10T13:00:03.963200+05:00,2026-07-10T13:24:09.877471+05:00
23,23,planned,planned,"Плановый ремонт (ППР): Грохот ГИТ-51 №2 — осмотр, смазка, подтяжка креплений, замена изношенных элементов",2,8,30c23f9b-3046-52c7-aa98-4ded8e8f73ec,1,c8297387-4c37-53d3-8120-a214ac80359e,2026-07-10T17:12:37.045176+05:00,4,closed,False,,"Выполнен ППР: Грохот ГИТ-51 №2 — осмотр, смазка узлов, подтяжка креплений",0,2026-07-10T09:19:40.062313+05:00,2026-07-10T09:31:58.317560+05:00,2026-07-10T09:47:00.959524+05:00,2026-07-10T14:38:00.585964+05:00,2026-07-10T15:21:22.456540+05:00
24,24,unplanned,high,Шум и нагрев подшипникового узла привода,1,3,4d9937c4-06fe-581d-bbee-b905cacaf2cc,2,38634255-032f-5302-be4f-e3bb175128c8,2026-07-11T07:06:48.048226+05:00,3,closed,False,М-02,"Заменён подшипник, узел промыт и смазан, проверено на холостом ходу",0,2026-07-11T00:41:06.902310+05:00,2026-07-11T00:45:35.306367+05:00,2026-07-11T01:01:00.382490+05:00,2026-07-11T03:48:02.864673+05:00,2026-07-11T04:28:59.008831+05:00
25,25,unplanned,normal,"Двигатель не запускается, запах гари",1,1,ee96e203-5cd8-5eb3-be58-94fd2ac2392a,2,38634255-032f-5302-be4f-e3bb175128c8,2026-07-11T10:09:41.382851+05:00,4,closed,False,Э-02,"Заменены подшипники двигателя, проверены обмотки, пуск в норме",0,2026-07-11T02:46:26.239700+05:00,2026-07-11T02:58:33.680615+05:00,2026-07-11T03:11:47.879268+05:00,2026-07-11T06:29:18.491364+05:00,2026-07-11T06:52:40.706173+05:00
26,26,unplanned,emergency,"Вибрация, подшипник греется выше 80 °C",1,6,75808db3-d714-5bc1-8824-97b2c7c6f097,1,38634255-032f-5302-be4f-e3bb175128c8,2026-07-11T07:41:35.527616+05:00,3,closed,False,М-02,"Заменён подшипник, узел промыт и смазан, проверено на холостом ходу",0,2026-07-11T03:32:35.527616+05:00,2026-07-11T03:35:29.954673+05:00,2026-07-11T03:43:46.871522+05:00,2026-07-11T07:17:48.117345+05:00,2026-07-11T07:33:44.943495+05:00
27,27,planned,planned,"Плановый ремонт (ППР): Рукавный фильтр РФ-1 — осмотр, смазка, подтяжка креплений, замена изношенных элементов",3,17,2f23346e-8eed-5645-a1b2-d929d4517246,3,c8297387-4c37-53d3-8120-a214ac80359e,2026-07-11T14:16:33.095298+05:00,3,closed,False,,"Выполнен ППР: Рукавный фильтр РФ-1 — осмотр, смазка узлов, подтяжка креплений",0,2026-07-11T08:21:53.650540+05:00,2026-07-11T08:32:30.926443+05:00,2026-07-11T08:44:05.501743+05:00,2026-07-11T11:23:47.706638+05:00,2026-07-11T11:39:47.997956+05:00
28,28,planned,planned,"Плановый ремонт (ППР): Питатель пластинчатый ПП-1 — осмотр, смазка, подтяжка креплений, замена изношенных элементов",1,3,4d9937c4-06fe-581d-bbee-b905cacaf2cc,2,c8297387-4c37-53d3-8120-a214ac80359e,2026-07-11T14:54:04.856631+05:00,3,closed,True,,"Выполнен ППР: Питатель пластинчатый ПП-1 — осмотр, смазка узлов, подтяжка креплений",0,2026-07-11T09:01:37.830336+05:00,2026-07-11T09:13:07.406549+05:00,2026-07-11T09:27:32.984565+05:00,2026-07-11T15:00:27.228880+05:00,2026-07-11T15:50:16.634136+05:00
29,29,planned,planned,"Плановый ремонт (ППР): Рукавный фильтр РФ-2 — осмотр, смазка, подтяжка креплений, замена изношенных элементов",3,18,1c4d0efe-d6e1-5774-af33-096424b68a1d,2,c8297387-4c37-53d3-8120-a214ac80359e,2026-07-11T15:38:42.943674+05:00,3,closed,False,,"Выполнен ППР: Рукавный фильтр РФ-2 — осмотр, смазка узлов, подтяжка креплений",0,2026-07-11T09:06:41.285942+05:00,2026-07-11T09:12:39.381544+05:00,2026-07-11T09:22:17.099971+05:00,2026-07-11T11:53:07.587513+05:00,2026-07-11T12:33:28.051851+05:00
30,30,planned,planned,"Плановый ремонт (ППР): Токарный станок 1М63 — осмотр, смазка, подтяжка креплений, замена изношенных элементов",4,21,79413058-e2c0-5b03-adfb-a2a01c58f0d5,3,c8297387-4c37-53d3-8120-a214ac80359e,2026-07-11T16:47:28.319948+05:00,3,closed,False,,"Выполнен ППР: Токарный станок 1М63 — осмотр, смазка узлов, подтяжка креплений",0,2026-07-11T09:56:54.878865+05:00,2026-07-11T10:03:10.433248+05:00,2026-07-11T10:08:50.043528+05:00,2026-07-11T11:52:12.864688+05:00,2026-07-11T12:26:07.649980+05:00
31,31,unplanned,high,"Нет питания, повреждён кабель",4,25,42ef7ac6-1e11-523f-b9a2-a713f308d193,3,c8297387-4c37-53d3-8120-a214ac80359e,2026-07-11T17:37:45.094826+05:00,2,closed,False,Э-01,"Заменён участок кабеля, выполнено оконцевание, проверена изоляция",0,2026-07-11T12:36:58.916263+05:00,2026-07-11T12:45:13.844155+05:00,2026-07-11T12:55:18.816890+05:00,2026-07-11T14:23:04.906823+05:00,2026-07-11T15:05:50.465359+05:00
32,32,planned,planned,"Плановый ремонт (ППР): Конвейер К-2 — осмотр, смазка, подтяжка креплений, замена изношенных элементов",1,5,4cd857ba-990a-5264-9b16-d26a06a3e6f4,2,c8297387-4c37-53d3-8120-a214ac80359e,2026-07-12T14:30:52.310109+05:00,4,closed,False,,"Выполнен ППР: Конвейер К-2 — осмотр, смазка узлов, подтяжка креплений",0,2026-07-12T08:03:02.708193+05:00,2026-07-12T08:08:27.640376+05:00,2026-07-12T08:12:15.019319+05:00,2026-07-12T11:17:34.166013+05:00,2026-07-12T12:03:58.645515+05:00
33,33,planned,planned,"Плановый ремонт (ППР): Компрессор ВК-10 — осмотр, смазка, подтяжка креплений, замена изношенных элементов",4,24,1c4d0efe-d6e1-5774-af33-096424b68a1d,2,c8297387-4c37-53d3-8120-a214ac80359e,2026-07-12T12:00:05.370668+05:00,2,closed,False,,"Выполнен ППР: Компрессор ВК-10 — осмотр, смазка узлов, подтяжка креплений",0,2026-07-12T08:17:43.320309+05:00,2026-07-12T08:23:14.998970+05:00,2026-07-12T08:31:22.219932+05:00,2026-07-12T10:33:23.145792+05:00,2026-07-12T11:15:17.735179+05:00
34,34,planned,planned,"Плановый ремонт (ППР): Сепаратор пневматический СП-1 — осмотр, смазка, подтяжка креплений, замена изношенных элементов",2,12,4d9937c4-06fe-581d-bbee-b905cacaf2cc,2,c8297387-4c37-53d3-8120-a214ac80359e,2026-07-12T14:15:25.339451+05:00,3,closed,False,,"Выполнен ППР: Сепаратор пневматический СП-1 — осмотр, смазка узлов, подтяжка креплений",0,2026-07-12T08:23:36.219201+05:00,2026-07-12T08:27:30.243422+05:00,2026-07-12T08:31:28.200540+05:00,2026-07-12T11:58:40.658587+05:00,2026-07-12T12:12:16.270172+05:00
35,35,planned,planned,"Плановый ремонт (ППР): Грохот ГИТ-51 №1 — осмотр, смазка, подтяжка креплений, замена изношенных элементов",1,7,75808db3-d714-5bc1-8824-97b2c7c6f097,1,c8297387-4c37-53d3-8120-a214ac80359e,2026-07-12T16:16:10.270362+05:00,4,closed,False,,"Выполнен ППР: Грохот ГИТ-51 №1 — осмотр, смазка узлов, подтяжка креплений",0,2026-07-12T08:32:17.058735+05:00,2026-07-12T08:47:04.136083+05:00,2026-07-12T08:55:58.660834+05:00,2026-07-12T14:02:59.368610+05:00,2026-07-12T15:01:41.294614+05:00
36,36,planned,planned,"Плановый ремонт (ППР): Компрессор ВК-20 — осмотр, смазка, подтяжка креплений, замена изношенных элементов",3,20,75808db3-d714-5bc1-8824-97b2c7c6f097,1,c8297387-4c37-53d3-8120-a214ac80359e,2026-07-12T14:10:08.428602+05:00,2,closed,False,,"Выполнен ППР: Компрессор ВК-20 — осмотр, смазка узлов, подтяжка креплений",1,2026-07-12T08:42:02.209095+05:00,2026-07-12T08:44:19.151449+05:00,2026-07-12T08:49:08.692267+05:00,2026-07-12T12:46:56.929387+05:00,2026-07-12T13:18:40.094398+05:00
37,37,unplanned,emergency,"Перегрев электродвигателя, гул",2,8,ee96e203-5cd8-5eb3-be58-94fd2ac2392a,2,c8297387-4c37-53d3-8120-a214ac80359e,2026-07-12T16:30:44.268483+05:00,4,closed,False,Э-02,"Заменены подшипники двигателя, проверены обмотки, пуск в норме",0,2026-07-12T11:03:44.268483+05:00,2026-07-12T11:05:08.954857+05:00,2026-07-12T11:08:20.839129+05:00,2026-07-12T15:01:27.081401+05:00,2026-07-12T15:52:08.196020+05:00
38,38,unplanned,normal,Пневмоцилиндр работает рывками,3,17,75808db3-d714-5bc1-8824-97b2c7c6f097,1,c8297387-4c37-53d3-8120-a214ac80359e,2026-07-12T19:26:09.395801+05:00,2,closed,False,П-02,"Заменён клапан, установлен ремкомплект пневмоцилиндра",0,2026-07-12T14:33:11.439852+05:00,2026-07-12T14:38:01.842742+05:00,2026-07-12T14:48:03.532611+05:00,2026-07-12T16:20:45.113912+05:00,2026-07-12T16:34:41.517486+05:00
39,39,unplanned,emergency,Срабатывает тепловая защита,1,6,ee96e203-5cd8-5eb3-be58-94fd2ac2392a,2,38634255-032f-5302-be4f-e3bb175128c8,2026-07-13T01:47:25.757435+05:00,1,closed,False,Э-03,"Заменён автомат, проверена нагрузка, защита отрегулирована",0,2026-07-13T00:14:25.757435+05:00,2026-07-13T00:18:14.197706+05:00,2026-07-13T00:20:38.217669+05:00,2026-07-13T01:15:43.627134+05:00,2026-07-13T02:04:31.916969+05:00
40,40,planned,planned,"Плановый ремонт (ППР): Гидропресс П-6326 — осмотр, смазка, подтяжка креплений, замена изношенных элементов",4,23,30c23f9b-3046-52c7-aa98-4ded8e8f73ec,1,c8297387-4c37-53d3-8120-a214ac80359e,2026-07-13T13:31:08.846768+05:00,3,closed,False,,"Выполнен ППР: Гидропресс П-6326 — осмотр, смазка узлов, подтяжка креплений",0,2026-07-13T08:15:09.344245+05:00,2026-07-13T08:34:57.044755+05:00,2026-07-13T08:45:26.758752+05:00,2026-07-13T12:01:01.216376+05:00,2026-07-13T12:28:42.449512+05:00
41,41,planned,planned,"Плановый ремонт (ППР): Конвейер К-7 — осмотр, смазка, подтяжка креплений, замена изношенных элементов",2,13,4d9937c4-06fe-581d-bbee-b905cacaf2cc,2,c8297387-4c37-53d3-8120-a214ac80359e,2026-07-13T16:15:23.731385+05:00,4,closed,False,,"Выполнен ППР: Конвейер К-7 — осмотр, смазка узлов, подтяжка креплений",0,2026-07-13T08:55:59.396226+05:00,2026-07-13T09:05:03.685276+05:00,2026-07-13T09:10:36.466527+05:00,2026-07-13T15:04:11.538191+05:00,2026-07-13T15:33:02.314619+05:00
42,42,planned,planned,"Плановый ремонт (ППР): Насос ГрАТ-450 №2 — осмотр, смазка, подтяжка креплений, замена изношенных элементов",2,10,4cd857ba-990a-5264-9b16-d26a06a3e6f4,2,c8297387-4c37-53d3-8120-a214ac80359e,2026-07-13T16:27:33.317414+05:00,4,closed,False,,"Выполнен ППР: Насос ГрАТ-450 №2 — осмотр, смазка узлов, подтяжка креплений",0,2026-07-13T09:30:13.356035+05:00,2026-07-13T09:39:49.098411+05:00,2026-07-13T09:49:17.452685+05:00,2026-07-13T14:42:12.370252+05:00,2026-07-13T15:24:30.353261+05:00
43,43,planned,planned,"Плановый ремонт (ППР): Насос ГрАТ-450 №1 — осмотр, смазка, подтяжка креплений, замена изношенных элементов",2,9,2f23346e-8eed-5645-a1b2-d929d4517246,3,c8297387-4c37-53d3-8120-a214ac80359e,2026-07-13T17:16:27.593385+05:00,4,closed,False,,"Выполнен ППР: Насос ГрАТ-450 №1 — осмотр, смазка узлов, подтяжка креплений",0,2026-07-13T09:48:23.498527+05:00,2026-07-13T09:55:32.706541+05:00,2026-07-13T10:04:37.874171+05:00,2026-07-13T14:28:29.233631+05:00,2026-07-13T15:12:44.535245+05:00
44,44,planned,planned,"Плановый ремонт (ППР): Дробилка КМД-1750 — осмотр, смазка, подтяжка креплений, замена изношенных элементов",1,1,30c23f9b-3046-52c7-aa98-4ded8e8f73ec,1,c8297387-4c37-53d3-8120-a214ac80359e,2026-07-13T23:03:48.946317+05:00,8,closed,False,,"Выполнен ППР: Дробилка КМД-1750 — осмотр, смазка узлов, подтяжка креплений",1,2026-07-13T09:54:09.666569+05:00,2026-07-13T09:56:57.193627+05:00,2026-07-13T10:06:22.241715+05:00,2026-07-13T18:47:27.217667+05:00,2026-07-13T19:44:12.703395+05:00
45,45,unplanned,emergency,Течь масла из-под уплотнения,1,1,48146e97-4033-5976-9433-13e5009595cb,1,c8297387-4c37-53d3-8120-a214ac80359e,2026-07-13T17:07:42.785256+05:00,2,closed,False,Г-01,"Заменены уплотнения, долито масло, течь устранена",0,2026-07-13T14:16:42.785256+05:00,2026-07-13T14:19:01.911004+05:00,2026-07-13T14:21:44.168646+05:00,2026-07-13T15:51:10.628355+05:00,2026-07-13T16:17:48.196831+05:00
46,46,unplanned,high,Срабатывает тепловая защита,4,21,524bebbe-f703-5521-8e9d-5a3e54fbbf10,1,c8297387-4c37-53d3-8120-a214ac80359e,2026-07-13T22:35:11.106108+05:00,1,closed,False,Э-03,"Заменён автомат, проверена нагрузка, защита отрегулирована",0,2026-07-13T18:40:42.342355+05:00,2026-07-13T18:53:00.155372+05:00,2026-07-13T19:01:11.619498+05:00,2026-07-13T19:41:44.774559+05:00,2026-07-13T20:05:46.172336+05:00
47,47,unplanned,normal,Шум и нагрев подшипникового узла привода,1,1,79413058-e2c0-5b03-adfb-a2a01c58f0d5,3,38634255-032f-5302-be4f-e3bb175128c8,2026-07-14T10:18:08.947400+05:00,3,closed,False,М-02,"Заменён подшипник, узел промыт и смазан, проверено на холостом ходу",0,2026-07-14T04:39:58.223166+05:00,2026-07-14T04:49:05.255748+05:00,2026-07-14T05:01:47.314662+05:00,2026-07-14T08:01:24.036322+05:00,2026-07-14T09:00:04.242076+05:00
48,48,planned,planned,"Плановый ремонт (ППР): Насос ГрАТ-450 №3 — осмотр, смазка, подтяжка креплений, замена изношенных элементов",2,11,2f23346e-8eed-5645-a1b2-d929d4517246,3,c8297387-4c37-53d3-8120-a214ac80359e,2026-07-14T14:57:18.125380+05:00,4,closed,False,,"Выполнен ППР: Насос ГрАТ-450 №3 — осмотр, смазка узлов, подтяжка креплений",0,2026-07-14T08:15:44.757215+05:00,2026-07-14T08:17:58.723462+05:00,2026-07-14T08:26:10.335546+05:00,2026-07-14T13:18:07.315159+05:00,2026-07-14T13:36:31.396615+05:00
49,49,planned,planned,"Плановый ремонт (ППР): Сушильный барабан СБ-1 — осмотр, смазка, подтяжка креплений, замена изношенных элементов",3,15,79413058-e2c0-5b03-adfb-a2a01c58f0d5,3,c8297387-4c37-53d3-8120-a214ac80359e,2026-07-14T17:45:43.414960+05:00,6,closed,False,,"Выполнен ППР: Сушильный барабан СБ-1 — осмотр, смазка узлов, подтяжка креплений",0,2026-07-14T08:22:19.237604+05:00,2026-07-14T08:32:49.649974+05:00,2026-07-14T08:37:56.661924+05:00,2026-07-14T12:10:52.089110+05:00,2026-07-14T13:07:56.061423+05:00
50,50,planned,planned,"Плановый ремонт (ППР): Вентилятор ВМ-12 — осмотр, смазка, подтяжка креплений, замена изношенных элементов",2,14,79413058-e2c0-5b03-adfb-a2a01c58f0d5,3,c8297387-4c37-53d3-8120-a214ac80359e,2026-07-14T14:34:11.676033+05:00,3,closed,False,,"Выполнен ППР: Вентилятор ВМ-12 — осмотр, смазка узлов, подтяжка креплений",0,2026-07-14T09:05:22.318371+05:00,2026-07-14T09:19:47.191436+05:00,2026-07-14T09:30:05.420874+05:00,2026-07-14T11:52:06.812209+05:00,2026-07-14T12:06:26.579278+05:00
51,51,unplanned,emergency,"Течь гидрожидкости, лужа под агрегатом",4,23,48146e97-4033-5976-9433-13e5009595cb,1,38634255-032f-5302-be4f-e3bb175128c8,2026-07-15T03:13:54.688326+05:00,2,closed,False,Г-01,"Заменены уплотнения, долито масло, течь устранена",0,2026-07-15T00:22:54.688326+05:00,2026-07-15T00:24:19.456818+05:00,2026-07-15T00:30:31.822722+05:00,2026-07-15T01:35:04.590404+05:00,2026-07-15T01:58:26.708884+05:00
52,52,planned,planned,"Плановый ремонт (ППР): Дымосос ДН-15 — осмотр, смазка, подтяжка креплений, замена изношенных элементов",3,19,1c4d0efe-d6e1-5774-af33-096424b68a1d,2,c8297387-4c37-53d3-8120-a214ac80359e,2026-07-15T13:20:34.648510+05:00,3,closed,False,,"Выполнен ППР: Дымосос ДН-15 — осмотр, смазка узлов, подтяжка креплений",0,2026-07-15T08:19:22.014337+05:00,2026-07-15T08:30:13.271812+05:00,2026-07-15T08:33:35.820214+05:00,2026-07-15T11:53:14.641316+05:00,2026-07-15T12:52:40.439825+05:00
53,53,planned,planned,"Плановый ремонт (ППР): Сварочный пост СП-2 — осмотр, смазка, подтяжка креплений, замена изношенных элементов",4,25,1c4d0efe-d6e1-5774-af33-096424b68a1d,2,c8297387-4c37-53d3-8120-a214ac80359e,2026-07-15T15:49:25.498495+05:00,3,closed,False,,"Выполнен ППР: Сварочный пост СП-2 — осмотр, смазка узлов, подтяжка креплений",0,2026-07-15T09:02:27.232287+05:00,2026-07-15T09:09:06.637496+05:00,2026-07-15T09:14:41.342553+05:00,2026-07-15T12:01:28.698204+05:00,2026-07-15T12:23:08.200960+05:00
54,54,unplanned,normal,"Перегрев электродвигателя, гул",1,2,ee96e203-5cd8-5eb3-be58-94fd2ac2392a,2,c8297387-4c37-53d3-8120-a214ac80359e,2026-07-15T18:46:33.534797+05:00,4,closed,False,Э-02,"Заменены подшипники двигателя, проверены обмотки, пуск в норме",0,2026-07-15T11:23:27.526099+05:00,2026-07-15T11:37:13.911313+05:00,2026-07-15T11:55:48.807520+05:00,2026-07-15T14:42:23.613952+05:00,2026-07-15T14:57:09.283649+05:00
55,55,unplanned,high,"Двигатель не запускается, запах гари",4,24,ee96e203-5cd8-5eb3-be58-94fd2ac2392a,2,c8297387-4c37-53d3-8120-a214ac80359e,2026-07-15T19:50:02.811224+05:00,4,closed,False,Э-02,"Заменены подшипники двигателя, проверены обмотки, пуск в норме",0,2026-07-15T11:44:56.489987+05:00,2026-07-15T11:48:35.005669+05:00,2026-07-15T12:05:04.285926+05:00,2026-07-15T15:35:02.567573+05:00,2026-07-15T16:05:29.105138+05:00
56,56,unplanned,high,Шум и нагрев подшипникового узла привода,4,22,4cd857ba-990a-5264-9b16-d26a06a3e6f4,2,c8297387-4c37-53d3-8120-a214ac80359e,2026-07-16T00:22:53.111051+05:00,3,closed,False,М-02,"Заменён подшипник, узел промыт и смазан, проверено на холостом ходу",0,2026-07-15T18:07:28.860528+05:00,2026-07-15T18:20:53.851137+05:00,2026-07-15T18:32:39.857414+05:00,2026-07-15T22:22:28.994528+05:00,2026-07-15T23:21:30.396383+05:00
57,57,unplanned,high,"Перегрев узла, сухое трение",3,19,75808db3-d714-5bc1-8824-97b2c7c6f097,1,c8297387-4c37-53d3-8120-a214ac80359e,2026-07-15T21:37:29.872141+05:00,1,closed,False,С-01,"Узлы смазаны, проверен нагрев",0,2026-07-15T18:37:45.367222+05:00,2026-07-15T18:45:36.435570+05:00,2026-07-15T18:58:09.639315+05:00,2026-07-15T20:57:33.389462+05:00,2026-07-15T21:32:04.831598+05:00
58,58,unplanned,emergency,"Падение напора, шум в улитке насоса",2,10,1c4d0efe-d6e1-5774-af33-096424b68a1d,2,c8297387-4c37-53d3-8120-a214ac80359e,2026-07-16T14:08:07.868434+05:00,4,closed,False,М-06,"Заменено рабочее колесо, уплотнения, насос опробован",0,2026-07-16T08:41:07.868434+05:00,2026-07-16T08:43:22.367579+05:00,2026-07-16T08:50:40.267576+05:00,2026-07-16T11:53:12.354425+05:00,2026-07-16T12:47:51.895754+05:00
59,59,planned,planned,"Плановый ремонт (ППР): Конвейер К-1 — осмотр, смазка, подтяжка креплений, замена изношенных элементов",1,4,4d9937c4-06fe-581d-bbee-b905cacaf2cc,2,c8297387-4c37-53d3-8120-a214ac80359e,2026-07-16T16:56:11.492017+05:00,4,closed,False,,"Выполнен ППР: Конвейер К-1 — осмотр, смазка узлов, подтяжка креплений",0,2026-07-16T09:06:32.033037+05:00,2026-07-16T09:11:48.039987+05:00,2026-07-16T09:18:25.576772+05:00,2026-07-16T13:13:39.986490+05:00,2026-07-16T13:53:01.231223+05:00
60,60,planned,planned,"Плановый ремонт (ППР): Дробилка ККД-1500 — осмотр, смазка, подтяжка креплений, замена изношенных элементов",1,2,30c23f9b-3046-52c7-aa98-4ded8e8f73ec,1,c8297387-4c37-53d3-8120-a214ac80359e,2026-07-16T22:33:10.350200+05:00,8,closed,False,,"Выполнен ППР: Дробилка ККД-1500 — осмотр, смазка узлов, подтяжка креплений",1,2026-07-16T09:13:42.270821+05:00,2026-07-16T09:21:43.311200+05:00,2026-07-16T09:32:08.808965+05:00,2026-07-16T16:26:58.310250+05:00,2026-07-16T16:41:37.119982+05:00
61,61,planned,planned,"Плановый ремонт (ППР): Конвейер К-3 — осмотр, смазка, подтяжка креплений, замена изношенных элементов",1,6,75808db3-d714-5bc1-8824-97b2c7c6f097,1,c8297387-4c37-53d3-8120-a214ac80359e,2026-07-16T16:23:44.671449+05:00,4,closed,False,,"Выполнен ППР: Конвейер К-3 — осмотр, смазка узлов, подтяжка креплений",0,2026-07-16T09:25:44.567867+05:00,2026-07-16T09:29:58.674366+05:00,2026-07-16T09:46:44.428390+05:00,2026-07-16T13:17:46.864915+05:00,2026-07-16T14:00:18.635338+05:00
62,62,unplanned,normal,"Снижение производительности насоса, вибрация",2,9,4d9937c4-06fe-581d-bbee-b905cacaf2cc,2,c8297387-4c37-53d3-8120-a214ac80359e,2026-07-16T16:37:57.670461+05:00,4,closed,False,М-06,"Заменено рабочее колесо, уплотнения, насос опробован",0,2026-07-16T09:46:17.108439+05:00,2026-07-16T09:51:51.063050+05:00,2026-07-16T10:04:50.777407+05:00,2026-07-16T15:03:21.560961+05:00,2026-07-16T15:53:30.006004+05:00
63,63,planned,planned,"Плановый ремонт (ППР): Кран мостовой 10 т — осмотр, смазка, подтяжка креплений, замена изношенных элементов",4,22,4d9937c4-06fe-581d-bbee-b905cacaf2cc,2,c8297387-4c37-53d3-8120-a214ac80359e,2026-07-16T16:33:50.274588+05:00,3,closed,False,,"Выполнен ППР: Кран мостовой 10 т — осмотр, смазка узлов, подтяжка креплений",0,2026-07-16T09:48:21.315452+05:00,2026-07-16T09:59:57.314818+05:00,2026-07-16T10:17:37.621694+05:00,2026-07-16T13:43:03.678182+05:00,2026-07-16T14:35:50.584388+05:00
64,64,planned,planned,"Плановый ремонт (ППР): Грохот ГИТ-51 №2 — осмотр, смазка, подтяжка креплений, замена изношенных элементов",2,8,2f23346e-8eed-5645-a1b2-d929d4517246,3,c8297387-4c37-53d3-8120-a214ac80359e,2026-07-17T14:33:08.266062+05:00,4,closed,False,,"Выполнен ППР: Грохот ГИТ-51 №2 — осмотр, смазка узлов, подтяжка креплений",0,2026-07-17T08:04:02.063668+05:00,2026-07-17T08:08:34.771454+05:00,2026-07-17T08:21:28.548450+05:00,2026-07-17T10:45:01.032133+05:00,2026-07-17T11:21:14.050315+05:00
65,65,planned,planned,"Плановый ремонт (ППР): Сушильный барабан СБ-2 — осмотр, смазка, подтяжка креплений, замена изношенных элементов",3,16,4d9937c4-06fe-581d-bbee-b905cacaf2cc,2,c8297387-4c37-53d3-8120-a214ac80359e,2026-07-17T18:33:08.782663+05:00,6,closed,False,,"Выполнен ППР: Сушильный барабан СБ-2 — осмотр, смазка узлов, подтяжка креплений",0,2026-07-17T08:14:24.760469+05:00,2026-07-17T08:21:52.177896+05:00,2026-07-17T08:33:31.971249+05:00,2026-07-17T12:50:47.193129+05:00,2026-07-17T13:39:47.882323+05:00
66,66,unplanned,high,Срабатывает тепловая защита,1,6,42ef7ac6-1e11-523f-b9a2-a713f308d193,3,c8297387-4c37-53d3-8120-a214ac80359e,2026-07-17T23:07:28.524482+05:00,1,closed,False,Э-03,"Заменён автомат, проверена нагрузка, защита отрегулирована",0,2026-07-17T19:08:10.529633+05:00,2026-07-17T19:19:34.917188+05:00,2026-07-17T19:35:13.646735+05:00,2026-07-17T20:30:00.724255+05:00,2026-07-17T21:28:40.473094+05:00
67,67,unplanned,emergency,Узел работает без смазки,1,1,4cd857ba-990a-5264-9b16-d26a06a3e6f4,2,38634255-032f-5302-be4f-e3bb175128c8,2026-07-18T04:04:42.297730+05:00,1,closed,False,С-01,"Узлы смазаны, проверен нагрев",0,2026-07-18T02:31:42.297730+05:00,2026-07-18T02:33:37.085461+05:00,2026-07-18T02:42:42.561124+05:00,2026-07-18T03:40:03.338486+05:00,2026-07-18T04:16:25.310099+05:00
68,68,unplanned,normal,"Стук, откручиваются болты опоры",1,3,79413058-e2c0-5b03-adfb-a2a01c58f0d5,3,38634255-032f-5302-be4f-e3bb175128c8,2026-07-18T06:42:28.002746+05:00,1.5,closed,False,М-05,"Подтянуты и заменены крепления, проверена вибрация",0,2026-07-18T02:36:36.632423+05:00,2026-07-18T02:49:52.868243+05:00,2026-07-18T03:04:20.988145+05:00,2026-07-18T04:23:52.418463+05:00,2026-07-18T05:25:20.511649+05:00
69,69,unplanned,normal,"Вибрация, подшипник греется выше 80 °C",1,4,30c23f9b-3046-52c7-aa98-4ded8e8f73ec,1,38634255-032f-5302-be4f-e3bb175128c8,2026-07-18T12:28:38.468377+05:00,3,closed,False,М-02,"Заменён подшипник, узел промыт и смазан, проверено на холостом ходу",0,2026-07-18T06:32:17.857303+05:00,2026-07-18T06:36:26.377543+05:00,2026-07-18T06:41:47.101794+05:00,2026-07-18T09:50:38.489095+05:00,2026-07-18T10:16:23.995144+05:00
70,70,unplanned,normal,Гидроцилиндр не держит давление,4,23,48146e97-4033-5976-9433-13e5009595cb,1,38634255-032f-5302-be4f-e3bb175128c8,2026-07-18T14:20:33.915258+05:00,4,closed,False,Г-02,"Отремонтирован гидроцилиндр, заменены манжеты",0,2026-07-18T06:45:06.833360+05:00,2026-07-18T06:54:38.368723+05:00,2026-07-18T06:56:40.896093+05:00,2026-07-18T11:12:03.493219+05:00,2026-07-18T11:56:53.279582+05:00
71,71,planned,planned,"Плановый ремонт (ППР): Рукавный фильтр РФ-1 — осмотр, смазка, подтяжка креплений, замена изношенных элементов",3,17,1c4d0efe-d6e1-5774-af33-096424b68a1d,2,c8297387-4c37-53d3-8120-a214ac80359e,2026-07-18T13:00:14.702023+05:00,3,closed,False,,"Выполнен ППР: Рукавный фильтр РФ-1 — осмотр, смазка узлов, подтяжка креплений",1,2026-07-18T08:03:15.730359+05:00,2026-07-18T08:12:20.895644+05:00,2026-07-18T08:28:51.827815+05:00,2026-07-18T12:59:26.444537+05:00,2026-07-18T13:13:20.725900+05:00
72,72,planned,planned,"Плановый ремонт (ППР): Питатель пластинчатый ПП-1 — осмотр, смазка, подтяжка креплений, замена изношенных элементов",1,3,2f23346e-8eed-5645-a1b2-d929d4517246,3,c8297387-4c37-53d3-8120-a214ac80359e,2026-07-18T14:54:02.468545+05:00,3,closed,False,,"Выполнен ППР: Питатель пластинчатый ПП-1 — осмотр, смазка узлов, подтяжка креплений",0,2026-07-18T08:09:09.503288+05:00,2026-07-18T08:16:16.745104+05:00,2026-07-18T08:18:59.126531+05:00,2026-07-18T09:57:59.915381+05:00,2026-07-18T10:31:51.174723+05:00
73,73,planned,planned,"Плановый ремонт (ППР): Рукавный фильтр РФ-2 — осмотр, смазка, подтяжка креплений, замена изношенных элементов",3,18,79413058-e2c0-5b03-adfb-a2a01c58f0d5,3,c8297387-4c37-53d3-8120-a214ac80359e,2026-07-18T14:21:08.308630+05:00,3,closed,False,,"Выполнен ППР: Рукавный фильтр РФ-2 — осмотр, смазка узлов, подтяжка креплений",0,2026-07-18T08:12:10.481321+05:00,2026-07-18T08:23:33.003192+05:00,2026-07-18T08:25:43.121835+05:00,2026-07-18T10:30:57.882547+05:00,2026-07-18T11:07:58.465642+05:00
74,74,planned,planned,"Плановый ремонт (ППР): Токарный станок 1М63 — осмотр, смазка, подтяжка креплений, замена изношенных элементов",4,21,4d9937c4-06fe-581d-bbee-b905cacaf2cc,2,c8297387-4c37-53d3-8120-a214ac80359e,2026-07-18T13:27:52.671962+05:00,3,closed,False,,"Выполнен ППР: Токарный станок 1М63 — осмотр, смазка узлов, подтяжка креплений",0,2026-07-18T08:30:11.358479+05:00,2026-07-18T08:35:44.601074+05:00,2026-07-18T08:39:38.226403+05:00,2026-07-18T11:03:49.178246+05:00,2026-07-18T12:01:31.707289+05:00
75,75,unplanned,normal,"Снижение производительности насоса, вибрация",2,10,4cd857ba-990a-5264-9b16-d26a06a3e6f4,2,c8297387-4c37-53d3-8120-a214ac80359e,2026-07-18T19:51:19.715182+05:00,4,closed,False,М-06,"Заменено рабочее колесо, уплотнения, насос опробован",0,2026-07-18T11:42:48.291707+05:00,2026-07-18T11:46:05.669567+05:00,2026-07-18T12:01:17.173626+05:00,2026-07-18T16:18:31.567107+05:00,2026-07-18T17:00:14.718222+05:00
76,76,unplanned,emergency,Шум и нагрев подшипникового узла привода,1,6,30c23f9b-3046-52c7-aa98-4ded8e8f73ec,1,c8297387-4c37-53d3-8120-a214ac80359e,2026-07-18T23:37:16.491546+05:00,3,closed,False,М-02,"Заменён подшипник, узел промыт и смазан, проверено на холостом ходу",0,2026-07-18T19:28:16.491546+05:00,2026-07-18T19:31:10.484641+05:00,2026-07-18T19:34:35.897360+05:00,2026-07-18T22:38:39.141677+05:00,2026-07-18T23:24:09.911919+05:00
77,77,planned,planned,"Плановый ремонт (ППР): Сепаратор пневматический СП-1 — осмотр, смазка, подтяжка креплений, замена изношенных элементов",2,12,4cd857ba-990a-5264-9b16-d26a06a3e6f4,2,c8297387-4c37-53d3-8120-a214ac80359e,2026-07-19T13:51:42.968198+05:00,3,closed,False,,"Выполнен ППР: Сепаратор пневматический СП-1 — осмотр, смазка узлов, подтяжка креплений",0,2026-07-19T08:01:41.749489+05:00,2026-07-19T08:04:36.372139+05:00,2026-07-19T08:21:31.020891+05:00,2026-07-19T10:49:20.762885+05:00,2026-07-19T11:17:46.826850+05:00
78,78,planned,planned,"Плановый ремонт (ППР): Компрессор ВК-10 — осмотр, смазка, подтяжка креплений, замена изношенных элементов",4,24,75808db3-d714-5bc1-8824-97b2c7c6f097,1,c8297387-4c37-53d3-8120-a214ac80359e,2026-07-19T12:57:51.020363+05:00,2,closed,False,,"Выполнен ППР: Компрессор ВК-10 — осмотр, смазка узлов, подтяжка креплений",0,2026-07-19T08:02:48.206371+05:00,2026-07-19T08:07:45.078923+05:00,2026-07-19T08:22:33.845989+05:00,2026-07-19T09:55:03.235393+05:00,2026-07-19T10:49:41.730433+05:00
79,79,planned,planned,"Плановый ремонт (ППР): Грохот ГИТ-51 №1 — осмотр, смазка, подтяжка креплений, замена изношенных элементов",1,7,30c23f9b-3046-52c7-aa98-4ded8e8f73ec,1,c8297387-4c37-53d3-8120-a214ac80359e,2026-07-19T15:32:49.476089+05:00,4,closed,False,,"Выполнен ППР: Грохот ГИТ-51 №1 — осмотр, смазка узлов, подтяжка креплений",0,2026-07-19T08:03:58.386699+05:00,2026-07-19T08:13:17.027503+05:00,2026-07-19T08:23:50.882474+05:00,2026-07-19T10:28:34.216584+05:00,2026-07-19T11:14:34.346324+05:00
80,80,planned,planned,"Плановый ремонт (ППР): Конвейер К-2 — осмотр, смазка, подтяжка креплений, замена изношенных элементов",1,5,1c4d0efe-d6e1-5774-af33-096424b68a1d,2,c8297387-4c37-53d3-8120-a214ac80359e,2026-07-19T14:43:31.825102+05:00,4,closed,False,,"Выполнен ППР: Конвейер К-2 — осмотр, смазка узлов, подтяжка креплений",1,2026-07-19T08:26:56.579055+05:00,2026-07-19T08:39:39.631284+05:00,2026-07-19T08:47:55.906520+05:00,2026-07-19T13:40:09.825783+05:00,2026-07-19T13:56:18.828851+05:00
81,81,planned,planned,"Плановый ремонт (ППР): Компрессор ВК-20 — осмотр, смазка, подтяжка креплений, замена изношенных элементов",3,20,4cd857ba-990a-5264-9b16-d26a06a3e6f4,2,c8297387-4c37-53d3-8120-a214ac80359e,2026-07-19T14:47:45.822099+05:00,2,closed,False,,"Выполнен ППР: Компрессор ВК-20 — осмотр, смазка узлов, подтяжка креплений",0,2026-07-19T09:33:34.248765+05:00,2026-07-19T09:40:29.055113+05:00,2026-07-19T09:54:06.880931+05:00,2026-07-19T14:32:16.977163+05:00,2026-07-19T15:08:59.724072+05:00
82,82,unplanned,high,Шум и нагрев подшипникового узла привода,2,10,4cd857ba-990a-5264-9b16-d26a06a3e6f4,2,c8297387-4c37-53d3-8120-a214ac80359e,2026-07-19T15:10:35.381769+05:00,3,closed,False,М-02,"Заменён подшипник, узел промыт и смазан, проверено на холостом ходу",0,2026-07-19T10:11:03.047621+05:00,2026-07-19T10:20:15.079956+05:00,2026-07-19T10:33:00.273805+05:00,2026-07-19T13:12:49.432415+05:00,2026-07-19T14:14:21.192600+05:00
83,83,unplanned,emergency,"Вибрация, подшипник греется выше 80 °C",1,6,79413058-e2c0-5b03-adfb-a2a01c58f0d5,3,c8297387-4c37-53d3-8120-a214ac80359e,2026-07-19T21:34:27.280226+05:00,3,closed,False,М-02,"Заменён подшипник, узел промыт и смазан, проверено на холостом ходу",0,2026-07-19T17:25:27.280226+05:00,2026-07-19T17:26:42.784081+05:00,2026-07-19T17:38:11.095268+05:00,2026-07-19T19:56:24.977920+05:00,2026-07-19T20:10:54.070783+05:00
84,84,unplanned,emergency,Выбивает автомат при пуске,2,9,42ef7ac6-1e11-523f-b9a2-a713f308d193,3,38634255-032f-5302-be4f-e3bb175128c8,2026-07-19T22:05:59.053982+05:00,1,closed,False,Э-03,"Заменён автомат, проверена нагрузка, защита отрегулирована",0,2026-07-19T20:32:59.053982+05:00,2026-07-19T20:36:57.833244+05:00,2026-07-19T20:51:58.190104+05:00,2026-07-19T22:02:38.347519+05:00,2026-07-19T23:00:06.855307+05:00
85,85,planned,planned,"Плановый ремонт (ППР): Насос ГрАТ-450 №1 — осмотр, смазка, подтяжка креплений, замена изношенных элементов",2,9,2f23346e-8eed-5645-a1b2-d929d4517246,3,c8297387-4c37-53d3-8120-a214ac80359e,2026-07-20T15:10:27.115272+05:00,4,closed,False,,"Выполнен ППР: Насос ГрАТ-450 №1 — осмотр, смазка узлов, подтяжка креплений",0,2026-07-20T08:44:24.927172+05:00,2026-07-20T08:50:32.673453+05:00,2026-07-20T08:53:01.445159+05:00,2026-07-20T12:05:04.224493+05:00,2026-07-20T12:45:05.141153+05:00
86,86,planned,planned,"Плановый ремонт (ППР): Гидропресс П-6326 — осмотр, смазка, подтяжка креплений, замена изношенных элементов",4,23,4d9937c4-06fe-581d-bbee-b905cacaf2cc,2,c8297387-4c37-53d3-8120-a214ac80359e,2026-07-20T14:30:39.909317+05:00,3,closed,False,,"Выполнен ППР: Гидропресс П-6326 — осмотр, смазка узлов, подтяжка креплений",0,2026-07-20T08:49:50.146318+05:00,2026-07-20T09:02:48.172316+05:00,2026-07-20T09:07:23.418256+05:00,2026-07-20T11:21:24.420852+05:00,2026-07-20T11:40:58.282928+05:00
87,87,planned,planned,"Плановый ремонт (ППР): Конвейер К-7 — осмотр, смазка, подтяжка креплений, замена изношенных элементов",2,13,79413058-e2c0-5b03-adfb-a2a01c58f0d5,3,c8297387-4c37-53d3-8120-a214ac80359e,2026-07-20T16:14:12.133893+05:00,4,closed,False,,"Выполнен ППР: Конвейер К-7 — осмотр, смазка узлов, подтяжка креплений",0,2026-07-20T09:14:13.963412+05:00,2026-07-20T09:19:23.460298+05:00,2026-07-20T09:34:13.099680+05:00,2026-07-20T13:13:48.335325+05:00,2026-07-20T13:59:49.110794+05:00
88,88,planned,planned,"Плановый ремонт (ППР): Дробилка КМД-1750 — осмотр, смазка, подтяжка креплений, замена изношенных элементов",1,1,75808db3-d714-5bc1-8824-97b2c7c6f097,1,c8297387-4c37-53d3-8120-a214ac80359e,2026-07-20T21:26:26.477278+05:00,8,closed,False,,"Выполнен ППР: Дробилка КМД-1750 — осмотр, смазка узлов, подтяжка креплений",0,2026-07-20T09:17:39.826873+05:00,2026-07-20T09:30:22.268250+05:00,2026-07-20T09:47:40.732951+05:00,2026-07-20T20:00:54.879437+05:00,2026-07-20T20:27:57.198711+05:00
89,89,planned,planned,"Плановый ремонт (ППР): Насос ГрАТ-450 №2 — осмотр, смазка, подтяжка креплений, замена изношенных элементов",2,10,2f23346e-8eed-5645-a1b2-d929d4517246,3,c8297387-4c37-53d3-8120-a214ac80359e,2026-07-20T17:07:47.502359+05:00,4,closed,False,,"Выполнен ППР: Насос ГрАТ-450 №2 — осмотр, смазка узлов, подтяжка креплений",0,2026-07-20T09:54:45.841616+05:00,2026-07-20T10:04:05.931638+05:00,2026-07-20T10:16:54.707064+05:00,2026-07-20T12:46:50.903768+05:00,2026-07-20T13:22:04.181883+05:00
90,90,unplanned,high,Срабатывает тепловая защита,2,11,42ef7ac6-1e11-523f-b9a2-a713f308d193,3,c8297387-4c37-53d3-8120-a214ac80359e,2026-07-20T22:44:50.148277+05:00,1,closed,False,Э-03,"Заменён автомат, проверена нагрузка, защита отрегулирована",0,2026-07-20T19:11:27.091472+05:00,2026-07-20T19:19:03.407915+05:00,2026-07-20T20:21:21.081514+05:00,2026-07-20T21:14:27.485792+05:00,2026-07-20T21:39:48.724008+05:00
91,91,unplanned,high,"Масло в редукторе тёмное, с водой",4,24,4cd857ba-990a-5264-9b16-d26a06a3e6f4,2,38634255-032f-5302-be4f-e3bb175128c8,2026-07-21T09:33:03.658259+05:00,1.5,closed,False,С-02,"Масло заменено, редуктор промыт",0,2026-07-21T06:26:26.643929+05:00,2026-07-21T06:38:12.765068+05:00,2026-07-21T06:55:22.557402+05:00,2026-07-21T09:15:30.833156+05:00,2026-07-21T09:48:00.345698+05:00
92,92,unplanned,high,"Перегрев электродвигателя, гул",3,15,524bebbe-f703-5521-8e9d-5a3e54fbbf10,1,38634255-032f-5302-be4f-e3bb175128c8,2026-07-21T14:19:29.818455+05:00,4,closed,False,Э-02,"Заменены подшипники двигателя, проверены обмотки, пуск в норме",0,2026-07-21T06:31:10.188094+05:00,2026-07-21T06:35:36.550347+05:00,2026-07-21T06:40:17.495787+05:00,2026-07-21T11:01:03.563194+05:00,2026-07-21T11:56:09.247635+05:00
93,93,unplanned,normal,Срабатывает тепловая защита,2,9,ee96e203-5cd8-5eb3-be58-94fd2ac2392a,2,38634255-032f-5302-be4f-e3bb175128c8,2026-07-21T10:28:30.631662+05:00,1,closed,False,Э-03,"Заменён автомат, проверена нагрузка, защита отрегулирована",0,2026-07-21T06:52:44.860827+05:00,2026-07-21T07:01:02.540488+05:00,2026-07-21T07:04:09.064707+05:00,2026-07-21T08:08:30.473992+05:00,2026-07-21T09:01:45.744291+05:00
94,94,planned,planned,"Плановый ремонт (ППР): Сушильный барабан СБ-1 — осмотр, смазка, подтяжка креплений, замена изношенных элементов",3,15,4cd857ba-990a-5264-9b16-d26a06a3e6f4,2,c8297387-4c37-53d3-8120-a214ac80359e,2026-07-21T19:18:44.064300+05:00,6,closed,False,,"Выполнен ППР: Сушильный барабан СБ-1 — осмотр, смазка узлов, подтяжка креплений",0,2026-07-21T08:32:44.209687+05:00,2026-07-21T08:42:12.471728+05:00,2026-07-21T08:50:45.945999+05:00,2026-07-21T14:42:13.995542+05:00,2026-07-21T14:57:39.993541+05:00
95,95,planned,planned,"Плановый ремонт (ППР): Насос ГрАТ-450 №3 — осмотр, смазка, подтяжка креплений, замена изношенных элементов",2,11,79413058-e2c0-5b03-adfb-a2a01c58f0d5,3,c8297387-4c37-53d3-8120-a214ac80359e,2026-07-21T15:29:09.753216+05:00,4,closed,False,,"Выполнен ППР: Насос ГрАТ-450 №3 — осмотр, смазка узлов, подтяжка креплений",0,2026-07-21T09:11:46.582200+05:00,2026-07-21T09:16:52.710471+05:00,2026-07-21T09:24:52.901985+05:00,2026-07-21T11:48:15.245317+05:00,2026-07-21T12:22:42.245927+05:00
96,96,planned,planned,"Плановый ремонт (ППР): Вентилятор ВМ-12 — осмотр, смазка, подтяжка креплений, замена изношенных элементов",2,14,4d9937c4-06fe-581d-bbee-b905cacaf2cc,2,c8297387-4c37-53d3-8120-a214ac80359e,2026-07-21T14:58:09.248713+05:00,3,closed,False,,"Выполнен ППР: Вентилятор ВМ-12 — осмотр, смазка узлов, подтяжка креплений",0,2026-07-21T09:40:40.658179+05:00,2026-07-21T09:52:56.661044+05:00,2026-07-21T09:59:15.157373+05:00,2026-07-21T14:44:02.066972+05:00,2026-07-21T15:08:47.377956+05:00
97,97,unplanned,emergency,Течь масла из-под уплотнения,2,10,48146e97-4033-5976-9433-13e5009595cb,1,c8297387-4c37-53d3-8120-a214ac80359e,2026-07-21T14:46:37.571976+05:00,2,closed,True,Г-01,"Заменены уплотнения, долито масло, течь устранена",0,2026-07-21T11:55:37.571976+05:00,2026-07-21T11:57:52.679282+05:00,2026-07-21T12:11:37.357019+05:00,2026-07-21T15:03:41.706924+05:00,2026-07-21T15:52:57.168609+05:00
98,98,planned,planned,"Плановый ремонт (ППР): Дымосос ДН-15 — осмотр, смазка, подтяжка креплений, замена изношенных элементов",3,19,1c4d0efe-d6e1-5774-af33-096424b68a1d,2,c8297387-4c37-53d3-8120-a214ac80359e,2026-07-22T14:42:11.523090+05:00,3,closed,False,,"Выполнен ППР: Дымосос ДН-15 — осмотр, смазка узлов, подтяжка креплений",0,2026-07-22T08:30:44.093374+05:00,2026-07-22T08:43:24.883927+05:00,2026-07-22T08:50:38.293098+05:00,2026-07-22T12:55:29.183023+05:00,2026-07-22T13:10:48.033433+05:00
99,99,planned,planned,"Плановый ремонт (ППР): Сварочный пост СП-2 — осмотр, смазка, подтяжка креплений, замена изношенных элементов",4,25,4d9937c4-06fe-581d-bbee-b905cacaf2cc,2,c8297387-4c37-53d3-8120-a214ac80359e,2026-07-22T14:50:24.825598+05:00,3,closed,True,,"Выполнен ППР: Сварочный пост СП-2 — осмотр, смазка узлов, подтяжка креплений",0,2026-07-22T09:29:10.263440+05:00,2026-07-22T09:44:03.189929+05:00,2026-07-22T09:58:27.993963+05:00,2026-07-22T15:43:11.371490+05:00,2026-07-22T15:59:49.945158+05:00
100,100,unplanned,high,Сход и износ кромки ленты,2,13,75808db3-d714-5bc1-8824-97b2c7c6f097,1,c8297387-4c37-53d3-8120-a214ac80359e,2026-07-22T18:16:15.449063+05:00,4,closed,False,М-03,"Выполнена стыковка ленты, отрегулирован ход",0,2026-07-22T10:37:52.254076+05:00,2026-07-22T10:40:21.209091+05:00,2026-07-22T10:44:44.570162+05:00,2026-07-22T15:11:06.084059+05:00,2026-07-22T15:42:56.243754+05:00
101,101,unplanned,high,"Масло в редукторе тёмное, с водой",3,20,75808db3-d714-5bc1-8824-97b2c7c6f097,1,38634255-032f-5302-be4f-e3bb175128c8,2026-07-23T04:58:11.845525+05:00,1.5,closed,False,С-02,"Масло заменено, редуктор промыт",0,2026-07-23T01:38:19.015318+05:00,2026-07-23T01:51:55.621110+05:00,2026-07-23T01:54:44.012426+05:00,2026-07-23T03:32:39.107289+05:00,2026-07-23T04:23:49.915563+05:00
102,102,planned,planned,"Плановый ремонт (ППР): Дробилка ККД-1500 — осмотр, смазка, подтяжка креплений, замена изношенных элементов",1,2,2f23346e-8eed-5645-a1b2-d929d4517246,3,c8297387-4c37-53d3-8120-a214ac80359e,2026-07-23T20:44:42.921593+05:00,8,closed,False,,"Выполнен ППР: Дробилка ККД-1500 — осмотр, смазка узлов, подтяжка креплений",0,2026-07-23T08:13:17.303114+05:00,2026-07-23T08:27:38.711298+05:00,2026-07-23T08:44:52.289929+05:00,2026-07-23T15:11:25.621691+05:00,2026-07-23T15:28:20.918634+05:00
103,103,planned,planned,"Плановый ремонт (ППР): Кран мостовой 10 т — осмотр, смазка, подтяжка креплений, замена изношенных элементов",4,22,2f23346e-8eed-5645-a1b2-d929d4517246,3,c8297387-4c37-53d3-8120-a214ac80359e,2026-07-23T14:04:03.854919+05:00,3,closed,False,,"Выполнен ППР: Кран мостовой 10 т — осмотр, смазка узлов, подтяжка креплений",0,2026-07-23T09:05:03.529230+05:00,2026-07-23T09:10:48.212799+05:00,2026-07-23T09:30:41.703780+05:00,2026-07-23T11:30:06.888550+05:00,2026-07-23T12:04:28.348454+05:00
104,104,planned,planned,"Плановый ремонт (ППР): Конвейер К-1 — осмотр, смазка, подтяжка креплений, замена изношенных элементов",1,4,1c4d0efe-d6e1-5774-af33-096424b68a1d,2,c8297387-4c37-53d3-8120-a214ac80359e,2026-07-23T16:21:02.546730+05:00,4,closed,False,,"Выполнен ППР: Конвейер К-1 — осмотр, смазка узлов, подтяжка креплений",1,2026-07-23T09:44:04.022036+05:00,2026-07-23T09:53:32.487386+05:00,2026-07-23T10:01:50.389943+05:00,2026-07-23T13:49:32.768003+05:00,2026-07-23T14:46:20.196198+05:00
105,105,planned,planned,"Плановый ремонт (ППР): Конвейер К-3 — осмотр, смазка, подтяжка креплений, замена изношенных элементов",1,6,79413058-e2c0-5b03-adfb-a2a01c58f0d5,3,c8297387-4c37-53d3-8120-a214ac80359e,2026-07-23T16:35:08.182671+05:00,4,closed,False,,"Выполнен ППР: Конвейер К-3 — осмотр, смазка узлов, подтяжка креплений",0,2026-07-23T09:55:09.278744+05:00,2026-07-23T10:08:30.930617+05:00,2026-07-23T10:22:46.979118+05:00,2026-07-23T13:26:41.222050+05:00,2026-07-23T14:24:25.751152+05:00
106,106,unplanned,high,"Масло в редукторе тёмное, с водой",3,20,1c4d0efe-d6e1-5774-af33-096424b68a1d,2,38634255-032f-5302-be4f-e3bb175128c8,2026-07-24T08:06:45.890128+05:00,1.5,closed,False,С-02,"Масло заменено, редуктор промыт",0,2026-07-24T04:56:17.731209+05:00,2026-07-24T04:58:47.032952+05:00,2026-07-24T05:11:38.824442+05:00,2026-07-24T07:42:47.009846+05:00,2026-07-24T08:11:51.431956+05:00
107,107,planned,planned,"Плановый ремонт (ППР): Грохот ГИТ-51 №2 — осмотр, смазка, подтяжка креплений, замена изношенных элементов",2,8,30c23f9b-3046-52c7-aa98-4ded8e8f73ec,1,c8297387-4c37-53d3-8120-a214ac80359e,2026-07-24T16:15:50.504017+05:00,4,closed,False,,"Выполнен ППР: Грохот ГИТ-51 №2 — осмотр, смазка узлов, подтяжка креплений",0,2026-07-24T08:34:48.497936+05:00,2026-07-24T08:41:45.991645+05:00,2026-07-24T08:43:54.468793+05:00,2026-07-24T12:12:20.797545+05:00,2026-07-24T12:55:11.778275+05:00
108,108,planned,planned,"Плановый ремонт (ППР): Сушильный барабан СБ-2 — осмотр, смазка, подтяжка креплений, замена изношенных элементов",3,16,79413058-e2c0-5b03-adfb-a2a01c58f0d5,3,c8297387-4c37-53d3-8120-a214ac80359e,2026-07-24T18:47:28.735988+05:00,6,closed,False,,"Выполнен ППР: Сушильный барабан СБ-2 — осмотр, смазка узлов, подтяжка креплений",0,2026-07-24T09:35:35.537778+05:00,2026-07-24T09:41:21.876179+05:00,2026-07-24T09:58:26.806525+05:00,2026-07-24T15:10:01.746890+05:00,2026-07-24T15:57:54.459999+05:00
109,109,unplanned,high,"Перегрев узла, сухое трение",1,1,30c23f9b-3046-52c7-aa98-4ded8e8f73ec,1,c8297387-4c37-53d3-8120-a214ac80359e,2026-07-24T16:44:04.133060+05:00,1,closed,False,С-01,"Узлы смазаны, проверен нагрев",0,2026-07-24T14:12:47.942438+05:00,2026-07-24T14:23:34.151332+05:00,2026-07-24T14:27:43.723417+05:00,2026-07-24T16:05:02.069536+05:00,2026-07-24T17:01:10.165305+05:00
110,110,unplanned,high,Шум и нагрев подшипникового узла привода,3,16,79413058-e2c0-5b03-adfb-a2a01c58f0d5,3,38634255-032f-5302-be4f-e3bb175128c8,2026-07-25T13:39:03.774490+05:00,3,closed,False,М-02,"Заменён подшипник, узел промыт и смазан, проверено на холостом ходу",0,2026-07-25T07:19:29.195460+05:00,2026-07-25T07:31:06.295447+05:00,2026-07-25T07:39:37.551166+05:00,2026-07-25T11:17:17.537200+05:00,2026-07-25T11:51:38.080836+05:00
111,111,planned,planned,"Плановый ремонт (ППР): Рукавный фильтр РФ-2 — осмотр, смазка, подтяжка креплений, замена изношенных элементов",3,18,1c4d0efe-d6e1-5774-af33-096424b68a1d,2,c8297387-4c37-53d3-8120-a214ac80359e,2026-07-25T14:45:52.818692+05:00,3,closed,True,,"Выполнен ППР: Рукавный фильтр РФ-2 — осмотр, смазка узлов, подтяжка креплений",1,2026-07-25T08:31:38.731583+05:00,2026-07-25T08:37:34.701717+05:00,2026-07-25T08:55:21.849573+05:00,2026-07-25T18:31:33.946571+05:00,2026-07-25T18:48:09.820627+05:00
112,112,planned,planned,"Плановый ремонт (ППР): Токарный станок 1М63 — осмотр, смазка, подтяжка креплений, замена изношенных элементов",4,21,1c4d0efe-d6e1-5774-af33-096424b68a1d,2,c8297387-4c37-53d3-8120-a214ac80359e,2026-07-25T15:13:20.150257+05:00,3,closed,False,,"Выполнен ППР: Токарный станок 1М63 — осмотр, смазка узлов, подтяжка креплений",0,2026-07-25T08:35:01.546005+05:00,2026-07-25T08:43:09.157307+05:00,2026-07-25T09:02:58.433142+05:00,2026-07-25T13:21:19.348650+05:00,2026-07-25T13:46:19.305352+05:00
113,113,planned,planned,"Плановый ремонт (ППР): Питатель пластинчатый ПП-1 — осмотр, смазка, подтяжка креплений, замена изношенных элементов",1,3,75808db3-d714-5bc1-8824-97b2c7c6f097,1,c8297387-4c37-53d3-8120-a214ac80359e,2026-07-25T15:30:59.150518+05:00,3,closed,False,,"Выполнен ППР: Питатель пластинчатый ПП-1 — осмотр, смазка узлов, подтяжка креплений",0,2026-07-25T08:40:50.840919+05:00,2026-07-25T08:49:17.984630+05:00,2026-07-25T09:07:04.846052+05:00,2026-07-25T11:03:24.918611+05:00,2026-07-25T11:45:07.020641+05:00
114,114,unplanned,normal,"Вибрация, подшипник греется выше 80 °C",1,6,1c4d0efe-d6e1-5774-af33-096424b68a1d,2,c8297387-4c37-53d3-8120-a214ac80359e,2026-07-25T14:56:22.645699+05:00,3,closed,True,М-02,"Заменён подшипник, узел промыт и смазан, проверено на холостом ходу",0,2026-07-25T09:14:10.393491+05:00,2026-07-25T09:18:13.364671+05:00,2026-07-25T09:31:21.633079+05:00,2026-07-25T15:02:09.549642+05:00,2026-07-25T15:18:43.635360+05:00
115,115,planned,planned,"Плановый ремонт (ППР): Рукавный фильтр РФ-1 — осмотр, смазка, подтяжка креплений, замена изношенных элементов",3,17,75808db3-d714-5bc1-8824-97b2c7c6f097,1,c8297387-4c37-53d3-8120-a214ac80359e,2026-07-25T16:22:08.111193+05:00,3,closed,False,,"Выполнен ППР: Рукавный фильтр РФ-1 — осмотр, смазка узлов, подтяжка креплений",0,2026-07-25T09:41:35.090076+05:00,2026-07-25T09:51:50.816800+05:00,2026-07-25T10:06:37.358799+05:00,2026-07-25T12:58:08.677786+05:00,2026-07-25T13:38:42.272267+05:00
116,116,unplanned,emergency,"Двигатель не запускается, запах гари",3,19,524bebbe-f703-5521-8e9d-5a3e54fbbf10,1,c8297387-4c37-53d3-8120-a214ac80359e,2026-07-25T20:49:08.661188+05:00,4,closed,True,Э-02,"Заменены подшипники двигателя, проверены обмотки, пуск в норме",0,2026-07-25T15:22:08.661188+05:00,2026-07-25T15:24:52.104753+05:00,2026-07-25T15:40:51.754621+05:00,2026-07-25T21:42:52.643430+05:00,2026-07-25T22:43:47.562992+05:00
117,117,unplanned,high,Нет сигнала с датчика положения,3,16,afebbbfd-2a78-5649-81b2-ad4f458ca374,2,38634255-032f-5302-be4f-e3bb175128c8,2026-07-26T07:43:12.843446+05:00,1.5,closed,True,Э-04,"Заменён датчик, выполнена настройка и проверка сигнала",0,2026-07-26T04:00:37.638752+05:00,2026-07-26T04:05:01.351554+05:00,2026-07-26T04:24:55.853312+05:00,2026-07-26T08:40:55.591657+05:00,2026-07-26T09:01:37.758787+05:00
118,118,planned,planned,"Плановый ремонт (ППР): Сепаратор пневматический СП-1 — осмотр, смазка, подтяжка креплений, замена изношенных элементов",2,12,75808db3-d714-5bc1-8824-97b2c7c6f097,1,c8297387-4c37-53d3-8120-a214ac80359e,2026-07-26T13:59:26.318525+05:00,3,closed,False,,"Выполнен ППР: Сепаратор пневматический СП-1 — осмотр, смазка узлов, подтяжка креплений",0,2026-07-26T08:12:44.164373+05:00,2026-07-26T08:20:34.972260+05:00,2026-07-26T08:36:11.460235+05:00,2026-07-26T12:55:55.066563+05:00,2026-07-26T13:21:18.798162+05:00
119,119,planned,planned,"Плановый ремонт (ППР): Конвейер К-2 — осмотр, смазка, подтяжка креплений, замена изношенных элементов",1,5,2f23346e-8eed-5645-a1b2-d929d4517246,3,c8297387-4c37-53d3-8120-a214ac80359e,2026-07-26T15:52:05.703513+05:00,4,closed,False,,"Выполнен ППР: Конвейер К-2 — осмотр, смазка узлов, подтяжка креплений",0,2026-07-26T08:15:28.791734+05:00,2026-07-26T08:20:58.284541+05:00,2026-07-26T08:35:19.394086+05:00,2026-07-26T13:37:56.527265+05:00,2026-07-26T14:18:30.004228+05:00
120,120,planned,planned,"Плановый ремонт (ППР): Компрессор ВК-10 — осмотр, смазка, подтяжка креплений, замена изношенных элементов",4,24,2f23346e-8eed-5645-a1b2-d929d4517246,3,c8297387-4c37-53d3-8120-a214ac80359e,2026-07-26T12:21:57.286358+05:00,2,closed,False,,"Выполнен ППР: Компрессор ВК-10 — осмотр, смазка узлов, подтяжка креплений",0,2026-07-26T08:33:13.187260+05:00,2026-07-26T08:46:23.168363+05:00,2026-07-26T08:54:13.199810+05:00,2026-07-26T10:05:13.438997+05:00,2026-07-26T10:56:15.740934+05:00
121,121,planned,planned,"Плановый ремонт (ППР): Компрессор ВК-20 — осмотр, смазка, подтяжка креплений, замена изношенных элементов",3,20,79413058-e2c0-5b03-adfb-a2a01c58f0d5,3,c8297387-4c37-53d3-8120-a214ac80359e,2026-07-26T13:29:49.332235+05:00,2,closed,False,,"Выполнен ППР: Компрессор ВК-20 — осмотр, смазка узлов, подтяжка креплений",0,2026-07-26T09:12:52.236440+05:00,2026-07-26T09:23:52.063662+05:00,2026-07-26T09:39:41.287384+05:00,2026-07-26T12:17:42.096688+05:00,2026-07-26T13:14:14.806639+05:00
122,122,planned,planned,"Плановый ремонт (ППР): Грохот ГИТ-51 №1 — осмотр, смазка, подтяжка креплений, замена изношенных элементов",1,7,30c23f9b-3046-52c7-aa98-4ded8e8f73ec,1,c8297387-4c37-53d3-8120-a214ac80359e,2026-07-26T16:17:48.495778+05:00,4,closed,False,,"Выполнен ППР: Грохот ГИТ-51 №1 — осмотр, смазка узлов, подтяжка креплений",0,2026-07-26T09:18:40.627510+05:00,2026-07-26T09:32:36.717667+05:00,2026-07-26T09:48:27.513742+05:00,2026-07-26T13:16:21.399854+05:00,2026-07-26T14:03:13.293407+05:00
123,123,unplanned,normal,"Двигатель не запускается, запах гари",3,15,afebbbfd-2a78-5649-81b2-ad4f458ca374,2,38634255-032f-5302-be4f-e3bb175128c8,2026-07-27T08:45:38.484179+05:00,4,closed,False,Э-02,"Заменены подшипники двигателя, проверены обмотки, пуск в норме",1,2026-07-27T00:45:30.757821+05:00,2026-07-27T00:51:31.730413+05:00,2026-07-27T00:54:05.594480+05:00,2026-07-27T06:05:21.408846+05:00,2026-07-27T06:44:22.060729+05:00
124,124,planned,planned,"Плановый ремонт (ППР): Конвейер К-7 — осмотр, смазка, подтяжка креплений, замена изношенных элементов",2,13,4d9937c4-06fe-581d-bbee-b905cacaf2cc,2,c8297387-4c37-53d3-8120-a214ac80359e,2026-07-27T14:35:04.280334+05:00,4,closed,False,,"Выполнен ППР: Конвейер К-7 — осмотр, смазка узлов, подтяжка креплений",0,2026-07-27T08:20:29.281934+05:00,2026-07-27T08:29:49.014007+05:00,2026-07-27T08:47:50.134369+05:00,2026-07-27T13:02:30.475364+05:00,2026-07-27T13:31:42.399921+05:00
125,125,planned,planned,"Плановый ремонт (ППР): Насос ГрАТ-450 №1 — осмотр, смазка, подтяжка креплений, замена изношенных элементов",2,9,4cd857ba-990a-5264-9b16-d26a06a3e6f4,2,c8297387-4c37-53d3-8120-a214ac80359e,2026-07-27T15:33:13.544267+05:00,4,closed,False,,"Выполнен ППР: Насос ГрАТ-450 №1 — осмотр, смазка узлов, подтяжка креплений",0,2026-07-27T08:23:21.023595+05:00,2026-07-27T08:25:32.144143+05:00,2026-07-27T08:41:23.120606+05:00,2026-07-27T12:24:34.754784+05:00,2026-07-27T13:25:15.018412+05:00
126,126,planned,planned,"Плановый ремонт (ППР): Гидропресс П-6326 — осмотр, смазка, подтяжка креплений, замена изношенных элементов",4,23,1c4d0efe-d6e1-5774-af33-096424b68a1d,2,c8297387-4c37-53d3-8120-a214ac80359e,2026-07-27T15:37:11.724030+05:00,3,closed,False,,"Выполнен ППР: Гидропресс П-6326 — осмотр, смазка узлов, подтяжка креплений",0,2026-07-27T08:45:15.711589+05:00,2026-07-27T09:04:01.889580+05:00,2026-07-27T09:15:01.190515+05:00,2026-07-27T14:20:49.910785+05:00,2026-07-27T14:45:59.436504+05:00
127,127,planned,planned,"Плановый ремонт (ППР): Насос ГрАТ-450 №2 — осмотр, смазка, подтяжка креплений, замена изношенных элементов",2,10,1c4d0efe-d6e1-5774-af33-096424b68a1d,2,c8297387-4c37-53d3-8120-a214ac80359e,2026-07-27T16:32:01.299028+05:00,4,closed,True,,"Выполнен ППР: Насос ГрАТ-450 №2 — осмотр, смазка узлов, подтяжка креплений",0,2026-07-27T09:20:13.035344+05:00,2026-07-27T09:34:16.636196+05:00,2026-07-27T09:53:14.132416+05:00,2026-07-27T17:54:04.313346+05:00,2026-07-27T18:22:00.024650+05:00
128,128,planned,planned,"Плановый ремонт (ППР): Дробилка КМД-1750 — осмотр, смазка, подтяжка креплений, замена изношенных элементов",1,1,75808db3-d714-5bc1-8824-97b2c7c6f097,1,c8297387-4c37-53d3-8120-a214ac80359e,2026-07-27T21:21:59.278519+05:00,8,closed,False,,"Выполнен ППР: Дробилка КМД-1750 — осмотр, смазка узлов, подтяжка креплений",0,2026-07-27T09:54:21.244410+05:00,2026-07-27T09:59:39.262906+05:00,2026-07-27T10:18:23.014026+05:00,2026-07-27T17:50:49.921395+05:00,2026-07-27T18:42:14.077396+05:00
129,129,unplanned,emergency,"Течь гидрожидкости, лужа под агрегатом",2,9,9d7fbeed-09f8-55cd-9cc1-8e28b1c8a47a,3,c8297387-4c37-53d3-8120-a214ac80359e,2026-07-27T15:00:19.371329+05:00,2,closed,False,Г-01,"Заменены уплотнения, долито масло, течь устранена",0,2026-07-27T12:09:19.371329+05:00,2026-07-27T12:12:22.595320+05:00,2026-07-27T12:26:31.094476+05:00,2026-07-27T13:32:58.098798+05:00,2026-07-27T14:34:51.901687+05:00
130,130,unplanned,high,Течь масла из-под уплотнения,4,23,9d7fbeed-09f8-55cd-9cc1-8e28b1c8a47a,3,38634255-032f-5302-be4f-e3bb175128c8,2026-07-28T02:00:41.752359+05:00,2,closed,False,Г-01,"Заменены уплотнения, долито масло, течь устранена",0,2026-07-27T21:38:13.359622+05:00,2026-07-27T21:41:42.664007+05:00,2026-07-27T21:53:27.384044+05:00,2026-07-27T23:22:52.204412+05:00,2026-07-28T00:18:44.994863+05:00
131,131,unplanned,normal,Нет сигнала с датчика положения,3,16,afebbbfd-2a78-5649-81b2-ad4f458ca374,2,38634255-032f-5302-be4f-e3bb175128c8,2026-07-28T05:39:52.641673+05:00,1.5,closed,False,Э-04,"Заменён датчик, выполнена настройка и проверка сигнала",0,2026-07-28T01:46:42.129094+05:00,2026-07-28T01:53:31.422516+05:00,2026-07-28T02:13:29.070881+05:00,2026-07-28T03:23:45.947051+05:00,2026-07-28T04:00:08.261509+05:00
132,132,planned,planned,"Плановый ремонт (ППР): Вентилятор ВМ-12 — осмотр, смазка, подтяжка креплений, замена изношенных элементов",2,14,79413058-e2c0-5b03-adfb-a2a01c58f0d5,3,c8297387-4c37-53d3-8120-a214ac80359e,2026-07-28T14:08:56.435928+05:00,3,closed,False,,"Выполнен ППР: Вентилятор ВМ-12 — осмотр, смазка узлов, подтяжка креплений",0,2026-07-28T08:54:13.110169+05:00,2026-07-28T08:58:02.362043+05:00,2026-07-28T09:10:14.512741+05:00,2026-07-28T12:38:02.432591+05:00,2026-07-28T13:22:56.272921+05:00
133,133,planned,planned,"Плановый ремонт (ППР): Сушильный барабан СБ-1 — осмотр, смазка, подтяжка креплений, замена изношенных элементов",3,15,2f23346e-8eed-5645-a1b2-d929d4517246,3,c8297387-4c37-53d3-8120-a214ac80359e,2026-07-28T18:36:40.462647+05:00,6,closed,False,,"Выполнен ППР: Сушильный барабан СБ-1 — осмотр, смазка узлов, подтяжка креплений",0,2026-07-28T09:03:57.678556+05:00,2026-07-28T09:17:25.749474+05:00,2026-07-28T09:19:43.557258+05:00,2026-07-28T14:57:21.126008+05:00,2026-07-28T15:43:48.825899+05:00
134,134,planned,planned,"Плановый ремонт (ППР): Насос ГрАТ-450 №3 — осмотр, смазка, подтяжка креплений, замена изношенных элементов",2,11,30c23f9b-3046-52c7-aa98-4ded8e8f73ec,1,c8297387-4c37-53d3-8120-a214ac80359e,2026-07-28T15:41:40.145985+05:00,4,closed,False,,"Выполнен ППР: Насос ГрАТ-450 №3 — осмотр, смазка узлов, подтяжка креплений",0,2026-07-28T09:23:06.334250+05:00,2026-07-28T09:32:25.608487+05:00,2026-07-28T09:37:14.592137+05:00,2026-07-28T12:50:06.465657+05:00,2026-07-28T13:03:18.454874+05:00
135,135,unplanned,normal,"Перегрев электродвигателя, гул",3,15,ee96e203-5cd8-5eb3-be58-94fd2ac2392a,2,c8297387-4c37-53d3-8120-a214ac80359e,2026-07-29T00:27:41.139653+05:00,4,closed,False,Э-02,"Заменены подшипники двигателя, проверены обмотки, пуск в норме",0,2026-07-28T17:09:53.506414+05:00,2026-07-28T17:16:52.216241+05:00,2026-07-28T17:31:29.056443+05:00,2026-07-28T21:42:54.222277+05:00,2026-07-28T22:24:32.877168+05:00
136,136,unplanned,normal,"Двигатель не запускается, запах гари",2,9,524bebbe-f703-5521-8e9d-5a3e54fbbf10,1,38634255-032f-5302-be4f-e3bb175128c8,2026-07-29T08:51:42.696283+05:00,4,closed,False,Э-02,"Заменены подшипники двигателя, проверены обмотки, пуск в норме",0,2026-07-29T00:46:09.357461+05:00,2026-07-29T00:48:26.747361+05:00,2026-07-29T01:06:16.882862+05:00,2026-07-29T04:13:58.767829+05:00,2026-07-29T04:46:41.012377+05:00
137,137,unplanned,normal,Шум и нагрев подшипникового узла привода,2,11,4d9937c4-06fe-581d-bbee-b905cacaf2cc,2,38634255-032f-5302-be4f-e3bb175128c8,2026-07-29T07:31:00.601302+05:00,3,closed,False,М-02,"Заменён подшипник, узел промыт и смазан, проверено на холостом ходу",0,2026-07-29T01:56:10.088895+05:00,2026-07-29T02:00:44.539754+05:00,2026-07-29T02:16:27.720075+05:00,2026-07-29T04:07:54.517171+05:00,2026-07-29T04:29:22.987359+05:00
138,138,planned,planned,"Плановый ремонт (ППР): Дымосос ДН-15 — осмотр, смазка, подтяжка креплений, замена изношенных элементов",3,19,79413058-e2c0-5b03-adfb-a2a01c58f0d5,3,c8297387-4c37-53d3-8120-a214ac80359e,2026-07-29T14:50:27.153252+05:00,3,closed,False,,"Выполнен ППР: Дымосос ДН-15 — осмотр, смазка узлов, подтяжка креплений",1,2026-07-29T08:01:39.867837+05:00,2026-07-29T08:12:28.078431+05:00,2026-07-29T08:26:10.478609+05:00,2026-07-29T13:34:39.995485+05:00,2026-07-29T13:58:50.157839+05:00
139,139,planned,planned,"Плановый ремонт (ППР): Сварочный пост СП-2 — осмотр, смазка, подтяжка креплений, замена изношенных элементов",4,25,4d9937c4-06fe-581d-bbee-b905cacaf2cc,2,c8297387-4c37-53d3-8120-a214ac80359e,2026-07-29T13:16:14.050134+05:00,3,closed,False,,"Выполнен ППР: Сварочный пост СП-2 — осмотр, смазка узлов, подтяжка креплений",0,2026-07-29T08:06:45.041331+05:00,2026-07-29T08:11:42.459986+05:00,2026-07-29T08:20:59.853135+05:00,2026-07-29T11:47:02.343608+05:00,2026-07-29T12:13:18.755093+05:00
140,140,unplanned,normal,Шум и нагрев подшипникового узла привода,1,6,75808db3-d714-5bc1-8824-97b2c7c6f097,1,c8297387-4c37-53d3-8120-a214ac80359e,2026-07-29T21:23:42.127972+05:00,3,closed,False,М-02,"Заменён подшипник, узел промыт и смазан, проверено на холостом ходу",0,2026-07-29T14:41:24.420933+05:00,2026-07-29T14:45:56.440308+05:00,2026-07-29T14:49:42.628383+05:00,2026-07-29T17:32:23.459362+05:00,2026-07-29T18:09:46.326035+05:00
141,141,unplanned,normal,Срабатывает тепловая защита,2,13,ee96e203-5cd8-5eb3-be58-94fd2ac2392a,2,38634255-032f-5302-be4f-e3bb175128c8,2026-07-30T06:44:14.775954+05:00,1,closed,False,Э-03,"Заменён автомат, проверена нагрузка, защита отрегулирована",0,2026-07-30T02:56:59.502760+05:00,2026-07-30T03:07:42.301934+05:00,2026-07-30T03:17:55.010773+05:00,2026-07-30T04:06:56.609400+05:00,2026-07-30T04:29:25.322957+05:00
142,142,unplanned,high,"Падение напора, шум в улитке насоса",2,10,75808db3-d714-5bc1-8824-97b2c7c6f097,1,38634255-032f-5302-be4f-e3bb175128c8,2026-07-30T15:44:22.220264+05:00,4,closed,False,М-06,"Заменено рабочее колесо, уплотнения, насос опробован",0,2026-07-30T07:53:28.815712+05:00,2026-07-30T08:01:35.141324+05:00,2026-07-30T08:35:51.732892+05:00,2026-07-30T14:10:39.217887+05:00,2026-07-30T14:41:39.779418+05:00
143,143,planned,planned,"Плановый ремонт (ППР): Кран мостовой 10 т — осмотр, смазка, подтяжка креплений, замена изношенных элементов",4,22,75808db3-d714-5bc1-8824-97b2c7c6f097,1,c8297387-4c37-53d3-8120-a214ac80359e,2026-07-30T13:55:54.093920+05:00,3,closed,False,,"Выполнен ППР: Кран мостовой 10 т — осмотр, смазка узлов, подтяжка креплений",0,2026-07-30T08:41:05.883665+05:00,2026-07-30T08:52:05.334927+05:00,2026-07-30T08:56:56.826866+05:00,2026-07-30T12:38:48.126150+05:00,2026-07-30T13:11:40.986896+05:00
144,144,planned,planned,"Плановый ремонт (ППР): Конвейер К-1 — осмотр, смазка, подтяжка креплений, замена изношенных элементов",1,4,30c23f9b-3046-52c7-aa98-4ded8e8f73ec,1,c8297387-4c37-53d3-8120-a214ac80359e,2026-07-30T15:57:49.979094+05:00,4,closed,False,,"Выполнен ППР: Конвейер К-1 — осмотр, смазка узлов, подтяжка креплений",0,2026-07-30T08:51:03.191888+05:00,2026-07-30T09:03:40.185186+05:00,2026-07-30T09:09:13.010064+05:00,2026-07-30T11:15:45.039333+05:00,2026-07-30T11:43:36.591723+05:00
145,145,planned,planned,"Плановый ремонт (ППР): Дробилка ККД-1500 — осмотр, смазка, подтяжка креплений, замена изношенных элементов",1,2,4d9937c4-06fe-581d-bbee-b905cacaf2cc,2,c8297387-4c37-53d3-8120-a214ac80359e,2026-07-30T22:22:37.574389+05:00,8,closed,True,,"Выполнен ППР: Дробилка ККД-1500 — осмотр, смазка узлов, подтяжка креплений",1,2026-07-30T09:38:00.681741+05:00,2026-07-30T09:44:01.557620+05:00,2026-07-30T09:53:45.076998+05:00,2026-07-31T01:14:09.828759+05:00,2026-07-31T01:32:27.716765+05:00
146,146,planned,planned,"Плановый ремонт (ППР): Конвейер К-3 — осмотр, смазка, подтяжка креплений, замена изношенных элементов",1,6,4d9937c4-06fe-581d-bbee-b905cacaf2cc,2,c8297387-4c37-53d3-8120-a214ac80359e,2026-07-30T17:53:47.578271+05:00,4,closed,False,,"Выполнен ППР: Конвейер К-3 — осмотр, смазка узлов, подтяжка креплений",0,2026-07-30T09:57:27.839438+05:00,2026-07-30T10:10:58.666772+05:00,2026-07-30T10:20:44.739373+05:00,2026-07-30T13:34:16.679079+05:00,2026-07-30T13:57:08.666037+05:00
147,147,unplanned,emergency,"Перегрев компрессора, выбивает защиту",4,24,4d9937c4-06fe-581d-bbee-b905cacaf2cc,2,c8297387-4c37-53d3-8120-a214ac80359e,2026-07-30T23:21:22.548563+05:00,4,closed,False,П-03,"Заменены ремни, масло, уплотнения, компрессор опробован",0,2026-07-30T17:54:22.548563+05:00,2026-07-30T17:57:16.263598+05:00,2026-07-30T18:04:17.732043+05:00,2026-07-30T21:47:01.797748+05:00,2026-07-30T22:05:48.913319+05:00
148,148,planned,planned,"Плановый ремонт (ППР): Грохот ГИТ-51 №2 — осмотр, смазка, подтяжка креплений, замена изношенных элементов",2,8,2f23346e-8eed-5645-a1b2-d929d4517246,3,c8297387-4c37-53d3-8120-a214ac80359e,2026-07-31T16:21:10.495523+05:00,4,closed,False,,"Выполнен ППР: Грохот ГИТ-51 №2 — осмотр, смазка узлов, подтяжка креплений",0,2026-07-31T08:54:55.120163+05:00,2026-07-31T09:00:00.292372+05:00,2026-07-31T09:05:16.348015+05:00,2026-07-31T10:43:12.654228+05:00,2026-07-31T10:57:31.939908+05:00
149,149,planned,planned,"Плановый ремонт (ППР): Сушильный барабан СБ-2 — осмотр, смазка, подтяжка креплений, замена изношенных элементов",3,16,4cd857ba-990a-5264-9b16-d26a06a3e6f4,2,c8297387-4c37-53d3-8120-a214ac80359e,2026-07-31T18:55:29.041693+05:00,6,closed,False,,"Выполнен ППР: Сушильный барабан СБ-2 — осмотр, смазка узлов, подтяжка креплений",0,2026-07-31T09:35:36.326387+05:00,2026-07-31T09:41:51.406823+05:00,2026-07-31T09:47:29.374150+05:00,2026-07-31T15:18:01.483290+05:00,2026-07-31T16:10:57.524522+05:00
150,150,unplanned,high,"Двигатель не запускается, запах гари",2,14,ee96e203-5cd8-5eb3-be58-94fd2ac2392a,2,38634255-032f-5302-be4f-e3bb175128c8,2026-08-01T07:56:40.947312+05:00,4,closed,False,Э-02,"Заменены подшипники двигателя, проверены обмотки, пуск в норме",0,2026-08-01T01:10:17.861861+05:00,2026-08-01T01:13:16.985114+05:00,2026-08-01T01:15:39.844899+05:00,2026-08-01T06:46:28.356714+05:00,2026-08-01T07:04:46.015696+05:00
151,151,unplanned,normal,"Вибрация, ослабли крепления рамы",1,3,1c4d0efe-d6e1-5774-af33-096424b68a1d,2,38634255-032f-5302-be4f-e3bb175128c8,2026-08-01T05:05:59.308597+05:00,1.5,closed,False,М-05,"Подтянуты и заменены крепления, проверена вибрация",0,2026-08-01T01:50:08.235300+05:00,2026-08-01T02:00:49.752566+05:00,2026-08-01T02:09:59.293312+05:00,2026-08-01T03:10:28.222672+05:00,2026-08-01T04:06:30.330312+05:00
152,152,unplanned,high,Выбивает автомат при пуске,4,21,42ef7ac6-1e11-523f-b9a2-a713f308d193,3,38634255-032f-5302-be4f-e3bb175128c8,2026-08-01T10:33:44.550007+05:00,1,closed,False,Э-03,"Заменён автомат, проверена нагрузка, защита отрегулирована",1,2026-08-01T07:39:02.148433+05:00,2026-08-01T07:50:11.771131+05:00,2026-08-01T08:02:04.505558+05:00,2026-08-01T09:58:22.831024+05:00,2026-08-01T10:57:35.773926+05:00
153,153,planned,planned,"Плановый ремонт (ППР): Рукавный фильтр РФ-1 — осмотр, смазка, подтяжка креплений, замена изношенных элементов",3,17,30c23f9b-3046-52c7-aa98-4ded8e8f73ec,1,c8297387-4c37-53d3-8120-a214ac80359e,2026-08-01T14:41:14.860394+05:00,3,closed,False,,"Выполнен ППР: Рукавный фильтр РФ-1 — осмотр, смазка узлов, подтяжка креплений",0,2026-08-01T08:42:12.252425+05:00,2026-08-01T08:51:29.138704+05:00,2026-08-01T09:02:12.204988+05:00,2026-08-01T13:54:23.582363+05:00,2026-08-01T14:36:43.240558+05:00
154,154,planned,planned,"Плановый ремонт (ППР): Питатель пластинчатый ПП-1 — осмотр, смазка, подтяжка креплений, замена изношенных элементов",1,3,1c4d0efe-d6e1-5774-af33-096424b68a1d,2,c8297387-4c37-53d3-8120-a214ac80359e,2026-08-01T15:05:48.875496+05:00,3,closed,False,,"Выполнен ППР: Питатель пластинчатый ПП-1 — осмотр, смазка узлов, подтяжка креплений",1,2026-08-01T09:06:53.643866+05:00,2026-08-01T09:15:42.521967+05:00,2026-08-01T09:20:23.907571+05:00,2026-08-01T14:30:54.757710+05:00,2026-08-01T14:46:55.966113+05:00
155,155,planned,planned,"Плановый ремонт (ППР): Токарный станок 1М63 — осмотр, смазка, подтяжка креплений, замена изношенных элементов",4,21,79413058-e2c0-5b03-adfb-a2a01c58f0d5,3,c8297387-4c37-53d3-8120-a214ac80359e,2026-08-01T14:45:19.555278+05:00,3,closed,False,,"Выполнен ППР: Токарный станок 1М63 — осмотр, смазка узлов, подтяжка креплений",0,2026-08-01T09:38:01.072660+05:00,2026-08-01T09:57:43.888507+05:00,2026-08-01T10:06:40.983506+05:00,2026-08-01T13:13:35.358509+05:00,2026-08-01T14:12:13.002534+05:00
156,156,planned,planned,"Плановый ремонт (ППР): Рукавный фильтр РФ-2 — осмотр, смазка, подтяжка креплений, замена изношенных элементов",3,18,30c23f9b-3046-52c7-aa98-4ded8e8f73ec,1,c8297387-4c37-53d3-8120-a214ac80359e,2026-08-01T16:22:04.660918+05:00,3,closed,False,,"Выполнен ППР: Рукавный фильтр РФ-2 — осмотр, смазка узлов, подтяжка креплений",0,2026-08-01T09:54:35.104850+05:00,2026-08-01T10:05:03.717871+05:00,2026-08-01T10:16:38.414800+05:00,2026-08-01T12:38:37.358296+05:00,2026-08-01T12:51:47.534154+05:00
157,157,unplanned,emergency,"Вибрация, подшипник греется выше 80 °C",1,6,2f23346e-8eed-5645-a1b2-d929d4517246,3,c8297387-4c37-53d3-8120-a214ac80359e,2026-08-01T15:18:09.599802+05:00,3,closed,False,М-02,"Заменён подшипник, узел промыт и смазан, проверено на холостом ходу",0,2026-08-01T11:09:09.599802+05:00,2026-08-01T11:10:30.417033+05:00,2026-08-01T11:14:31.870604+05:00,2026-08-01T14:06:52.658272+05:00,2026-08-01T14:34:22.440639+05:00
158,158,unplanned,normal,"Стук, откручиваются болты опоры",2,14,1c4d0efe-d6e1-5774-af33-096424b68a1d,2,c8297387-4c37-53d3-8120-a214ac80359e,2026-08-01T15:58:26.014717+05:00,1.5,closed,True,М-05,"Подтянуты и заменены крепления, проверена вибрация",1,2026-08-01T11:43:53.401022+05:00,2026-08-01T11:57:13.849277+05:00,2026-08-01T12:31:39.805281+05:00,2026-08-01T16:56:11.398724+05:00,2026-08-01T17:17:52.516487+05:00
159,159,planned,planned,"Плановый ремонт (ППР): Конвейер К-2 — осмотр, смазка, подтяжка креплений, замена изношенных элементов",1,5,1c4d0efe-d6e1-5774-af33-096424b68a1d,2,c8297387-4c37-53d3-8120-a214ac80359e,2026-08-02T15:44:39.469637+05:00,4,closed,False,,"Выполнен ППР: Конвейер К-2 — осмотр, смазка узлов, подтяжка креплений",0,2026-08-02T08:05:51.991491+05:00,2026-08-02T08:20:49.337290+05:00,2026-08-02T08:28:58.480174+05:00,2026-08-02T11:07:36.678876+05:00,2026-08-02T11:39:04.075982+05:00
160,160,planned,planned,"Плановый ремонт (ППР): Компрессор ВК-10 — осмотр, смазка, подтяжка креплений, замена изношенных элементов",4,24,30c23f9b-3046-52c7-aa98-4ded8e8f73ec,1,c8297387-4c37-53d3-8120-a214ac80359e,2026-08-02T14:24:01.366046+05:00,2,closed,False,,"Выполнен ППР: Компрессор ВК-10 — осмотр, смазка узлов, подтяжка креплений",0,2026-08-02T08:57:27.671740+05:00,2026-08-02T09:02:19.758190+05:00,2026-08-02T09:18:09.678264+05:00,2026-08-02T11:18:48.775174+05:00,2026-08-02T12:06:36.399521+05:00
161,161,planned,planned,"Плановый ремонт (ППР): Грохот ГИТ-51 №1 — осмотр, смазка, подтяжка креплений, замена изношенных элементов",1,7,30c23f9b-3046-52c7-aa98-4ded8e8f73ec,1,c8297387-4c37-53d3-8120-a214ac80359e,2026-08-02T16:06:37.053511+05:00,4,closed,False,,"Выполнен ППР: Грохот ГИТ-51 №1 — осмотр, смазка узлов, подтяжка креплений",0,2026-08-02T09:11:40.367151+05:00,2026-08-02T09:16:02.080896+05:00,2026-08-02T09:27:34.551926+05:00,2026-08-02T11:46:52.415422+05:00,2026-08-02T12:27:31.985858+05:00
162,162,planned,planned,"Плановый ремонт (ППР): Компрессор ВК-20 — осмотр, смазка, подтяжка креплений, замена изношенных элементов",3,20,4d9937c4-06fe-581d-bbee-b905cacaf2cc,2,c8297387-4c37-53d3-8120-a214ac80359e,2026-08-02T13:14:31.952154+05:00,2,closed,False,,"Выполнен ППР: Компрессор ВК-20 — осмотр, смазка узлов, подтяжка креплений",0,2026-08-02T09:18:33.963124+05:00,2026-08-02T09:21:40.207866+05:00,2026-08-02T09:39:21.430806+05:00,2026-08-02T11:38:38.423145+05:00,2026-08-02T12:12:16.108507+05:00
163,163,planned,planned,"Плановый ремонт (ППР): Сепаратор пневматический СП-1 — осмотр, смазка, подтяжка креплений, замена изношенных элементов",2,12,4d9937c4-06fe-581d-bbee-b905cacaf2cc,2,c8297387-4c37-53d3-8120-a214ac80359e,2026-08-02T15:15:16.277189+05:00,3,closed,False,,"Выполнен ППР: Сепаратор пневматический СП-1 — осмотр, смазка узлов, подтяжка креплений",0,2026-08-02T09:46:31.949455+05:00,2026-08-02T09:51:57.502614+05:00,2026-08-02T10:03:44.511912+05:00,2026-08-02T12:59:02.541830+05:00,2026-08-02T13:31:09.584221+05:00
164,164,unplanned,normal,"Вибрация, ослабли крепления рамы",1,2,4cd857ba-990a-5264-9b16-d26a06a3e6f4,2,38634255-032f-5302-be4f-e3bb175128c8,2026-08-03T05:35:06.778615+05:00,1.5,closed,False,М-05,"Подтянуты и заменены крепления, проверена вибрация",0,2026-08-03T02:06:01.977395+05:00,2026-08-03T02:16:10.397269+05:00,2026-08-03T02:22:26.228797+05:00,2026-08-03T04:52:52.492268+05:00,2026-08-03T05:34:23.775269+05:00
165,165,unplanned,emergency,"Стук, откручиваются болты опоры",1,3,79413058-e2c0-5b03-adfb-a2a01c58f0d5,3,38634255-032f-5302-be4f-e3bb175128c8,2026-08-03T07:41:05.828360+05:00,1.5,closed,True,М-05,"Подтянуты и заменены крепления, проверена вибрация",0,2026-08-03T05:29:05.828360+05:00,2026-08-03T05:30:18.941854+05:00,2026-08-03T05:37:15.131218+05:00,2026-08-03T07:48:53.643331+05:00,2026-08-03T08:35:53.398640+05:00
166,166,planned,planned,"Плановый ремонт (ППР): Конвейер К-7 — осмотр, смазка, подтяжка креплений, замена изношенных элементов",2,13,1c4d0efe-d6e1-5774-af33-096424b68a1d,2,c8297387-4c37-53d3-8120-a214ac80359e,2026-08-03T16:43:30.142750+05:00,4,closed,False,,"Выполнен ППР: Конвейер К-7 — осмотр, смазка узлов, подтяжка креплений",1,2026-08-03T09:10:57.085178+05:00,2026-08-03T09:19:29.848734+05:00,2026-08-03T09:24:25.751149+05:00,2026-08-03T15:53:29.850643+05:00,2026-08-03T16:41:15.648556+05:00
167,167,planned,planned,"Плановый ремонт (ППР): Насос ГрАТ-450 №2 — осмотр, смазка, подтяжка креплений, замена изношенных элементов",2,10,2f23346e-8eed-5645-a1b2-d929d4517246,3,c8297387-4c37-53d3-8120-a214ac80359e,2026-08-03T17:14:39.368654+05:00,4,closed,False,,"Выполнен ППР: Насос ГрАТ-450 №2 — осмотр, смазка узлов, подтяжка креплений",0,2026-08-03T09:16:14.941100+05:00,2026-08-03T09:28:46.038012+05:00,2026-08-03T09:37:12.043553+05:00,2026-08-03T16:48:52.623020+05:00,2026-08-03T17:27:08.996834+05:00
168,168,planned,planned,"Плановый ремонт (ППР): Гидропресс П-6326 — осмотр, смазка, подтяжка креплений, замена изношенных элементов",4,23,1c4d0efe-d6e1-5774-af33-096424b68a1d,2,c8297387-4c37-53d3-8120-a214ac80359e,2026-08-03T15:59:14.635351+05:00,3,closed,False,,"Выполнен ППР: Гидропресс П-6326 — осмотр, смазка узлов, подтяжка креплений",1,2026-08-03T09:33:11.515754+05:00,2026-08-03T09:40:37.072542+05:00,2026-08-03T09:44:02.720262+05:00,2026-08-03T14:35:48.690574+05:00,2026-08-03T15:35:52.939855+05:00
169,169,planned,planned,"Плановый ремонт (ППР): Насос ГрАТ-450 №1 — осмотр, смазка, подтяжка креплений, замена изношенных элементов",2,9,30c23f9b-3046-52c7-aa98-4ded8e8f73ec,1,c8297387-4c37-53d3-8120-a214ac80359e,2026-08-03T17:46:05.221707+05:00,4,closed,False,,"Выполнен ППР: Насос ГрАТ-450 №1 — осмотр, смазка узлов, подтяжка креплений",0,2026-08-03T09:42:47.788361+05:00,2026-08-03T09:50:24.819943+05:00,2026-08-03T09:53:49.122253+05:00,2026-08-03T13:01:46.810898+05:00,2026-08-03T13:13:30.091890+05:00
170,170,planned,planned,"Плановый ремонт (ППР): Дробилка КМД-1750 — осмотр, смазка, подтяжка креплений, замена изношенных элементов",1,1,30c23f9b-3046-52c7-aa98-4ded8e8f73ec,1,c8297387-4c37-53d3-8120-a214ac80359e,2026-08-03T21:35:26.659138+05:00,8,closed,True,,"Выполнен ППР: Дробилка КМД-1750 — осмотр, смазка узлов, подтяжка креплений",0,2026-08-03T09:46:05.662527+05:00,2026-08-03T09:50:08.050857+05:00,2026-08-03T10:10:01.927215+05:00,2026-08-03T22:08:33.175876+05:00,2026-08-03T23:04:48.253358+05:00
171,171,unplanned,emergency,"Утечка воздуха, падение давления в сети",2,12,1c4d0efe-d6e1-5774-af33-096424b68a1d,2,38634255-032f-5302-be4f-e3bb175128c8,2026-08-04T09:24:35.232520+05:00,1,closed,True,П-01,"Устранена утечка, заменены фитинги и уплотнения",1,2026-08-04T07:51:35.232520+05:00,2026-08-04T07:52:43.241871+05:00,2026-08-04T08:12:03.359895+05:00,2026-08-04T10:24:32.152662+05:00,2026-08-04T11:22:33.745993+05:00
172,172,planned,planned,"Плановый ремонт (ППР): Насос ГрАТ-450 №3 — осмотр, смазка, подтяжка креплений, замена изношенных элементов",2,11,2f23346e-8eed-5645-a1b2-d929d4517246,3,c8297387-4c37-53d3-8120-a214ac80359e,2026-08-04T15:31:02.766989+05:00,4,closed,False,,"Выполнен ППР: Насос ГрАТ-450 №3 — осмотр, смазка узлов, подтяжка креплений",0,2026-08-04T08:34:52.897068+05:00,2026-08-04T08:47:53.235730+05:00,2026-08-04T08:55:20.276993+05:00,2026-08-04T14:30:18.363368+05:00,2026-08-04T14:52:09.968011+05:00
173,173,planned,planned,"Плановый ремонт (ППР): Вентилятор ВМ-12 — осмотр, смазка, подтяжка креплений, замена изношенных элементов",2,14,75808db3-d714-5bc1-8824-97b2c7c6f097,1,c8297387-4c37-53d3-8120-a214ac80359e,2026-08-04T15:57:24.876492+05:00,3,closed,False,,"Выполнен ППР: Вентилятор ВМ-12 — осмотр, смазка узлов, подтяжка креплений",0,2026-08-04T09:30:33.909808+05:00,2026-08-04T09:37:40.948469+05:00,2026-08-04T09:50:56.372972+05:00,2026-08-04T12:32:09.338221+05:00,2026-08-04T13:28:53.668158+05:00
174,174,planned,planned,"Плановый ремонт (ППР): Сушильный барабан СБ-1 — осмотр, смазка, подтяжка креплений, замена изношенных элементов",3,15,4cd857ba-990a-5264-9b16-d26a06a3e6f4,2,c8297387-4c37-53d3-8120-a214ac80359e,2026-08-04T19:35:51.413879+05:00,6,closed,False,,"Выполнен ППР: Сушильный барабан СБ-1 — осмотр, смазка узлов, подтяжка креплений",0,2026-08-04T09:44:09.930833+05:00,2026-08-04T09:46:48.084386+05:00,2026-08-04T09:53:03.543414+05:00,2026-08-04T14:22:45.054375+05:00,2026-08-04T14:46:59.317507+05:00
175,175,unplanned,normal,"Стук, откручиваются болты опоры",2,14,2f23346e-8eed-5645-a1b2-d929d4517246,3,38634255-032f-5302-be4f-e3bb175128c8,2026-08-05T08:57:08.974241+05:00,1.5,closed,False,М-05,"Подтянуты и заменены крепления, проверена вибрация",0,2026-08-05T04:31:54.564753+05:00,2026-08-05T04:36:07.067509+05:00,2026-08-05T04:48:17.008496+05:00,2026-08-05T05:51:48.923489+05:00,2026-08-05T06:04:34.151462+05:00
176,176,planned,planned,"Плановый ремонт (ППР): Сварочный пост СП-2 — осмотр, смазка, подтяжка креплений, замена изношенных элементов",4,25,30c23f9b-3046-52c7-aa98-4ded8e8f73ec,1,c8297387-4c37-53d3-8120-a214ac80359e,2026-08-05T14:52:04.133608+05:00,3,closed,False,,"Выполнен ППР: Сварочный пост СП-2 — осмотр, смазка узлов, подтяжка креплений",0,2026-08-05T09:40:52.696145+05:00,2026-08-05T09:54:20.347509+05:00,2026-08-05T10:11:03.835675+05:00,2026-08-05T13:09:32.460065+05:00,2026-08-05T13:52:40.236122+05:00
177,177,planned,planned,"Плановый ремонт (ППР): Дымосос ДН-15 — осмотр, смазка, подтяжка креплений, замена изношенных элементов",3,19,79413058-e2c0-5b03-adfb-a2a01c58f0d5,3,c8297387-4c37-53d3-8120-a214ac80359e,2026-08-05T15:47:14.339223+05:00,3,closed,False,,"Выполнен ППР: Дымосос ДН-15 — осмотр, смазка узлов, подтяжка креплений",0,2026-08-05T09:43:58.753361+05:00,2026-08-05T09:47:39.098179+05:00,2026-08-05T10:04:04.671173+05:00,2026-08-05T12:14:56.944166+05:00,2026-08-05T13:05:18.588117+05:00
178,178,unplanned,normal,Шум и нагрев подшипникового узла привода,2,8,4cd857ba-990a-5264-9b16-d26a06a3e6f4,2,c8297387-4c37-53d3-8120-a214ac80359e,2026-08-05T18:42:23.016487+05:00,3,closed,False,М-02,"Заменён подшипник, узел промыт и смазан, проверено на холостом ходу",0,2026-08-05T13:34:21.508134+05:00,2026-08-05T13:36:53.335403+05:00,2026-08-05T13:40:06.815746+05:00,2026-08-05T15:44:53.444152+05:00,2026-08-05T16:27:09.976129+05:00
179,179,unplanned,emergency,Шум и нагрев подшипникового узла привода,1,7,2f23346e-8eed-5645-a1b2-d929d4517246,3,c8297387-4c37-53d3-8120-a214ac80359e,2026-08-05T23:54:37.023842+05:00,3,closed,True,М-02,"Заменён подшипник, узел промыт и смазан, проверено на холостом ходу",0,2026-08-05T19:45:37.023842+05:00,2026-08-05T19:48:31.239159+05:00,2026-08-05T20:08:23.691395+05:00,2026-08-06T02:14:32.663291+05:00,2026-08-06T02:33:54.713998+05:00
180,180,unplanned,high,"Падение напора, шум в улитке насоса",2,11,79413058-e2c0-5b03-adfb-a2a01c58f0d5,3,38634255-032f-5302-be4f-e3bb175128c8,2026-08-06T10:38:19.241755+05:00,4,closed,False,М-06,"Заменено рабочее колесо, уплотнения, насос опробован",0,2026-08-06T03:02:49.902270+05:00,2026-08-06T03:16:38.052223+05:00,2026-08-06T03:24:35.895849+05:00,2026-08-06T06:44:19.188241+05:00,2026-08-06T07:24:50.137311+05:00
181,181,unplanned,high,"Снижение производительности насоса, вибрация",2,10,4cd857ba-990a-5264-9b16-d26a06a3e6f4,2,38634255-032f-5302-be4f-e3bb175128c8,2026-08-06T12:04:59.407946+05:00,4,closed,False,М-06,"Заменено рабочее колесо, уплотнения, насос опробован",0,2026-08-06T04:06:09.302832+05:00,2026-08-06T04:09:16.404832+05:00,2026-08-06T05:58:16.288575+05:00,2026-08-06T10:12:29.242550+05:00,2026-08-06T10:53:17.170392+05:00
182,182,unplanned,high,"Стук, откручиваются болты опоры",1,5,4cd857ba-990a-5264-9b16-d26a06a3e6f4,2,38634255-032f-5302-be4f-e3bb175128c8,2026-08-06T09:30:04.527425+05:00,1.5,closed,False,М-05,"Подтянуты и заменены крепления, проверена вибрация",0,2026-08-06T04:49:22.275909+05:00,2026-08-06T05:02:23.787321+05:00,2026-08-06T05:15:36.281831+05:00,2026-08-06T07:07:44.332913+05:00,2026-08-06T07:36:35.168753+05:00
183,183,planned,planned,"Плановый ремонт (ППР): Конвейер К-3 — осмотр, смазка, подтяжка креплений, замена изношенных элементов",1,6,4d9937c4-06fe-581d-bbee-b905cacaf2cc,2,c8297387-4c37-53d3-8120-a214ac80359e,2026-08-06T16:07:50.506010+05:00,4,closed,False,,"Выполнен ППР: Конвейер К-3 — осмотр, смазка узлов, подтяжка креплений",0,2026-08-06T08:30:07.246661+05:00,2026-08-06T08:44:38.298158+05:00,2026-08-06T08:54:18.429093+05:00,2026-08-06T14:45:06.215917+05:00,2026-08-06T15:36:00.923186+05:00
184,184,planned,planned,"Плановый ремонт (ППР): Дробилка ККД-1500 — осмотр, смазка, подтяжка креплений, замена изношенных элементов",1,2,1c4d0efe-d6e1-5774-af33-096424b68a1d,2,c8297387-4c37-53d3-8120-a214ac80359e,2026-08-06T21:32:31.351759+05:00,8,closed,False,,"Выполнен ППР: Дробилка ККД-1500 — осмотр, смазка узлов, подтяжка креплений",0,2026-08-06T08:53:57.514794+05:00,2026-08-06T08:55:57.876539+05:00,2026-08-06T09:09:10.463097+05:00,2026-08-06T17:32:29.527686+05:00,2026-08-06T18:08:24.828176+05:00
185,185,planned,planned,"Плановый ремонт (ППР): Кран мостовой 10 т — осмотр, смазка, подтяжка креплений, замена изношенных элементов",4,22,2f23346e-8eed-5645-a1b2-d929d4517246,3,c8297387-4c37-53d3-8120-a214ac80359e,2026-08-06T14:54:00.834280+05:00,3,closed,False,,"Выполнен ППР: Кран мостовой 10 т — осмотр, смазка узлов, подтяжка креплений",0,2026-08-06T09:07:18.212445+05:00,2026-08-06T09:21:21.021236+05:00,2026-08-06T09:39:25.295912+05:00,2026-08-06T14:52:51.133761+05:00,2026-08-06T15:13:43.387920+05:00
186,186,planned,planned,"Плановый ремонт (ППР): Конвейер К-1 — осмотр, смазка, подтяжка креплений, замена изношенных элементов",1,4,30c23f9b-3046-52c7-aa98-4ded8e8f73ec,1,c8297387-4c37-53d3-8120-a214ac80359e,2026-08-06T15:48:41.577404+05:00,4,closed,False,,"Выполнен ППР: Конвейер К-1 — осмотр, смазка узлов, подтяжка креплений",0,2026-08-06T09:36:18.354590+05:00,2026-08-06T09:49:57.855428+05:00,2026-08-06T09:59:36.632877+05:00,2026-08-06T14:10:27.749263+05:00,2026-08-06T14:22:35.122983+05:00
187,187,unplanned,normal,Шипение на пневмолинии,3,17,2f23346e-8eed-5645-a1b2-d929d4517246,3,c8297387-4c37-53d3-8120-a214ac80359e,2026-08-06T15:32:15.320537+05:00,1,closed,False,П-01,"Устранена утечка, заменены фитинги и уплотнения",0,2026-08-06T13:08:55.342040+05:00,2026-08-06T13:19:17.046579+05:00,2026-08-06T13:30:44.475337+05:00,2026-08-06T15:02:35.716375+05:00,2026-08-06T15:59:00.981626+05:00
188,188,unplanned,emergency,"Вибрация, ослабли крепления рамы",1,4,79413058-e2c0-5b03-adfb-a2a01c58f0d5,3,c8297387-4c37-53d3-8120-a214ac80359e,2026-08-06T17:50:16.852379+05:00,1.5,closed,False,М-05,"Подтянуты и заменены крепления, проверена вибрация",0,2026-08-06T15:38:16.852379+05:00,2026-08-06T15:47:16.814140+05:00,2026-08-06T16:01:00.285093+05:00,2026-08-06T17:39:13.638324+05:00,2026-08-06T18:00:28.972699+05:00
189,189,unplanned,high,"Вибрация, подшипник греется выше 80 °C",1,6,2f23346e-8eed-5645-a1b2-d929d4517246,3,c8297387-4c37-53d3-8120-a214ac80359e,2026-08-06T23:36:36.196126+05:00,3,closed,False,М-02,"Заменён подшипник, узел промыт и смазан, проверено на холостом ходу",0,2026-08-06T18:10:22.233300+05:00,2026-08-06T18:24:26.183018+05:00,2026-08-06T18:28:29.399602+05:00,2026-08-06T21:06:35.536336+05:00,2026-08-06T21:26:13.658086+05:00
190,190,unplanned,normal,"Стук, откручиваются болты опоры",1,3,1c4d0efe-d6e1-5774-af33-096424b68a1d,2,c8297387-4c37-53d3-8120-a214ac80359e,2026-08-06T22:03:17.399741+05:00,1.5,closed,False,М-05,"Подтянуты и заменены крепления, проверена вибрация",1,2026-08-06T18:38:21.633571+05:00,2026-08-06T18:40:37.512681+05:00,2026-08-06T18:54:26.377067+05:00,2026-08-06T21:17:15.493070+05:00,2026-08-06T21:47:51.907526+05:00
191,191,unplanned,normal,"Вибрация, ослабли крепления рамы",3,16,30c23f9b-3046-52c7-aa98-4ded8e8f73ec,1,38634255-032f-5302-be4f-e3bb175128c8,2026-08-07T05:28:25.074205+05:00,1.5,closed,False,М-05,"Подтянуты и заменены крепления, проверена вибрация",0,2026-08-07T00:49:22.112784+05:00,2026-08-07T00:53:03.322716+05:00,2026-08-07T01:02:06.098995+05:00,2026-08-07T02:13:22.166294+05:00,2026-08-07T03:08:40.596161+05:00
192,192,unplanned,normal,"Вибрация, подшипник греется выше 80 °C",1,6,1c4d0efe-d6e1-5774-af33-096424b68a1d,2,38634255-032f-5302-be4f-e3bb175128c8,2026-08-07T10:20:36.025730+05:00,3,closed,False,М-02,"Заменён подшипник, узел промыт и смазан, проверено на холостом ходу",0,2026-08-07T04:54:11.616570+05:00,2026-08-07T04:56:56.095805+05:00,2026-08-07T05:01:42.902802+05:00,2026-08-07T08:02:56.454401+05:00,2026-08-07T08:30:08.837362+05:00
193,193,planned,planned,"Плановый ремонт (ППР): Грохот ГИТ-51 №2 — осмотр, смазка, подтяжка креплений, замена изношенных элементов",2,8,4d9937c4-06fe-581d-bbee-b905cacaf2cc,2,c8297387-4c37-53d3-8120-a214ac80359e,2026-08-07T16:26:39.418575+05:00,4,closed,False,,"Выполнен ППР: Грохот ГИТ-51 №2 — осмотр, смазка узлов, подтяжка креплений",0,2026-08-07T09:37:25.689320+05:00,2026-08-07T09:41:21.404315+05:00,2026-08-07T09:53:39.794729+05:00,2026-08-07T12:37:43.543782+05:00,2026-08-07T13:29:34.431733+05:00
194,194,planned,planned,"Плановый ремонт (ППР): Сушильный барабан СБ-2 — осмотр, смазка, подтяжка креплений, замена изношенных элементов",3,16,30c23f9b-3046-52c7-aa98-4ded8e8f73ec,1,c8297387-4c37-53d3-8120-a214ac80359e,2026-08-07T18:57:20.797302+05:00,6,closed,False,,"Выполнен ППР: Сушильный барабан СБ-2 — осмотр, смазка узлов, подтяжка креплений",0,2026-08-07T09:37:56.296865+05:00,2026-08-07T09:45:43.267732+05:00,2026-08-07T10:02:52.535658+05:00,2026-08-07T17:30:22.163365+05:00,2026-08-07T18:25:09.242650+05:00
195,195,unplanned,high,Выбивает автомат при пуске,4,25,524bebbe-f703-5521-8e9d-5a3e54fbbf10,1,c8297387-4c37-53d3-8120-a214ac80359e,2026-08-07T12:50:14.013137+05:00,1,closed,False,Э-03,"Заменён автомат, проверена нагрузка, защита отрегулирована",0,2026-08-07T09:50:18.493267+05:00,2026-08-07T10:13:08.498198+05:00,2026-08-07T11:29:11.454001+05:00,2026-08-07T12:05:02.675773+05:00,2026-08-07T12:50:52.672948+05:00
196,196,planned,planned,"Плановый ремонт (ППР): Токарный станок 1М63 — осмотр, смазка, подтяжка креплений, замена изношенных элементов",4,21,75808db3-d714-5bc1-8824-97b2c7c6f097,1,c8297387-4c37-53d3-8120-a214ac80359e,2026-08-08T13:41:53.320285+05:00,3,closed,False,,"Выполнен ППР: Токарный станок 1М63 — осмотр, смазка узлов, подтяжка креплений",0,2026-08-08T08:06:54.941154+05:00,2026-08-08T08:11:31.243684+05:00,2026-08-08T08:26:45.256095+05:00,2026-08-08T10:16:57.309596+05:00,2026-08-08T10:59:43.132462+05:00
197,197,planned,planned,"Плановый ремонт (ППР): Рукавный фильтр РФ-2 — осмотр, смазка, подтяжка креплений, замена изношенных элементов",3,18,1c4d0efe-d6e1-5774-af33-096424b68a1d,2,c8297387-4c37-53d3-8120-a214ac80359e,2026-08-08T14:39:14.379655+05:00,3,closed,False,,"Выполнен ППР: Рукавный фильтр РФ-2 — осмотр, смазка узлов, подтяжка креплений",0,2026-08-08T08:20:33.180630+05:00,2026-08-08T08:33:29.015491+05:00,2026-08-08T08:50:36.352423+05:00,2026-08-08T12:38:53.143996+05:00,2026-08-08T13:26:32.734089+05:00
198,198,planned,planned,"Плановый ремонт (ППР): Питатель пластинчатый ПП-1 — осмотр, смазка, подтяжка креплений, замена изношенных элементов",1,3,2f23346e-8eed-5645-a1b2-d929d4517246,3,c8297387-4c37-53d3-8120-a214ac80359e,2026-08-08T14:17:39.052274+05:00,3,closed,False,,"Выполнен ППР: Питатель пластинчатый ПП-1 — осмотр, смазка узлов, подтяжка креплений",0,2026-08-08T08:35:03.277496+05:00,2026-08-08T08:39:56.605722+05:00,2026-08-08T08:52:18.156163+05:00,2026-08-08T11:03:09.417848+05:00,2026-08-08T11:15:57.669339+05:00
199,199,planned,planned,"Плановый ремонт (ППР): Рукавный фильтр РФ-1 — осмотр, смазка, подтяжка креплений, замена изношенных элементов",3,17,4d9937c4-06fe-581d-bbee-b905cacaf2cc,2,c8297387-4c37-53d3-8120-a214ac80359e,2026-08-08T16:13:42.689310+05:00,3,closed,False,,"Выполнен ППР: Рукавный фильтр РФ-1 — осмотр, смазка узлов, подтяжка креплений",0,2026-08-08T09:22:27.531433+05:00,2026-08-08T09:35:55.250291+05:00,2026-08-08T09:52:44.941843+05:00,2026-08-08T12:27:18.300131+05:00,2026-08-08T12:44:24.495224+05:00
200,200,unplanned,normal,"Сколы брони, повышенная вибрация",1,2,7ed3853e-5bbf-5f42-bca7-c6a0317ed299,3,c8297387-4c37-53d3-8120-a214ac80359e,2026-08-08T22:26:05.817493+05:00,6,closed,False,М-01,"Заменены футеровочные плиты, выполнена наплавка, проверено крепление",0,2026-08-08T11:50:02.529763+05:00,2026-08-08T12:03:28.773976+05:00,2026-08-08T12:21:11.478488+05:00,2026-08-08T17:19:27.239101+05:00,2026-08-08T18:11:18.179806+05:00
201,201,unplanned,normal,"Течь гидрожидкости, лужа под агрегатом",2,11,48146e97-4033-5976-9433-13e5009595cb,1,c8297387-4c37-53d3-8120-a214ac80359e,2026-08-08T22:28:28.824125+05:00,2,closed,False,Г-01,"Заменены уплотнения, долито масло, течь устранена",0,2026-08-08T17:45:47.152217+05:00,2026-08-08T17:57:59.929951+05:00,2026-08-08T18:04:43.077514+05:00,2026-08-08T19:23:52.060383+05:00,2026-08-08T19:49:14.925737+05:00
202,202,unplanned,emergency,"Вибрация, ослабли крепления рамы",3,18,1c4d0efe-d6e1-5774-af33-096424b68a1d,2,38634255-032f-5302-be4f-e3bb175128c8,2026-08-08T22:29:48.541175+05:00,1.5,closed,False,М-05,"Подтянуты и заменены крепления, проверена вибрация",1,2026-08-08T20:17:48.541175+05:00,2026-08-08T20:21:35.960340+05:00,2026-08-08T20:24:13.826879+05:00,2026-08-08T22:20:47.954625+05:00,2026-08-08T23:23:38.185487+05:00
203,203,planned,planned,"Плановый ремонт (ППР): Сепаратор пневматический СП-1 — осмотр, смазка, подтяжка креплений, замена изношенных элементов",2,12,75808db3-d714-5bc1-8824-97b2c7c6f097,1,c8297387-4c37-53d3-8120-a214ac80359e,2026-08-09T14:11:34.430188+05:00,3,closed,False,,"Выполнен ППР: Сепаратор пневматический СП-1 — осмотр, смазка узлов, подтяжка креплений",0,2026-08-09T08:06:09.902685+05:00,2026-08-09T08:10:37.937516+05:00,2026-08-09T08:19:18.631492+05:00,2026-08-09T10:39:20.056187+05:00,2026-08-09T11:13:13.713192+05:00
204,204,planned,planned,"Плановый ремонт (ППР): Компрессор ВК-10 — осмотр, смазка, подтяжка креплений, замена изношенных элементов",4,24,4cd857ba-990a-5264-9b16-d26a06a3e6f4,2,c8297387-4c37-53d3-8120-a214ac80359e,2026-08-09T13:26:11.262666+05:00,2,closed,False,,"Выполнен ППР: Компрессор ВК-10 — осмотр, смазка узлов, подтяжка креплений",0,2026-08-09T08:31:39.476049+05:00,2026-08-09T08:34:16.431864+05:00,2026-08-09T08:40:28.138322+05:00,2026-08-09T11:29:51.425461+05:00,2026-08-09T12:06:11.317802+05:00
205,205,planned,planned,"Плановый ремонт (ППР): Грохот ГИТ-51 №1 — осмотр, смазка, подтяжка креплений, замена изношенных элементов",1,7,4cd857ba-990a-5264-9b16-d26a06a3e6f4,2,c8297387-4c37-53d3-8120-a214ac80359e,2026-08-09T15:37:56.789649+05:00,4,closed,False,,"Выполнен ППР: Грохот ГИТ-51 №1 — осмотр, смазка узлов, подтяжка креплений",0,2026-08-09T08:54:59.237670+05:00,2026-08-09T09:07:55.929750+05:00,2026-08-09T09:26:54.114850+05:00,2026-08-09T13:12:16.349177+05:00,2026-08-09T13:57:12.873381+05:00
206,206,planned,planned,"Плановый ремонт (ППР): Компрессор ВК-20 — осмотр, смазка, подтяжка креплений, замена изношенных элементов",3,20,30c23f9b-3046-52c7-aa98-4ded8e8f73ec,1,c8297387-4c37-53d3-8120-a214ac80359e,2026-08-09T14:00:07.384737+05:00,2,closed,False,,"Выполнен ППР: Компрессор ВК-20 — осмотр, смазка узлов, подтяжка креплений",0,2026-08-09T09:13:49.042806+05:00,2026-08-09T09:23:22.517980+05:00,2026-08-09T09:30:07.530152+05:00,2026-08-09T10:57:36.482080+05:00,2026-08-09T11:37:43.064562+05:00
207,207,planned,planned,"Плановый ремонт (ППР): Конвейер К-2 — осмотр, смазка, подтяжка креплений, замена изношенных элементов",1,5,30c23f9b-3046-52c7-aa98-4ded8e8f73ec,1,c8297387-4c37-53d3-8120-a214ac80359e,2026-08-09T15:50:39.612260+05:00,4,closed,False,,"Выполнен ППР: Конвейер К-2 — осмотр, смазка узлов, подтяжка креплений",0,2026-08-09T09:24:33.571007+05:00,2026-08-09T09:29:15.365150+05:00,2026-08-09T09:42:11.082793+05:00,2026-08-09T14:34:32.666576+05:00,2026-08-09T15:15:39.926877+05:00
208,208,unplanned,high,"Утечка воздуха, падение давления в сети",2,12,4d9937c4-06fe-581d-bbee-b905cacaf2cc,2,c8297387-4c37-53d3-8120-a214ac80359e,2026-08-09T15:50:50.141856+05:00,1,closed,False,П-01,"Устранена утечка, заменены фитинги и уплотнения",1,2026-08-09T11:37:09.362119+05:00,2026-08-09T11:44:05.455288+05:00,2026-08-09T12:01:39.434163+05:00,2026-08-09T13:55:27.475470+05:00,2026-08-09T14:44:28.353733+05:00
209,209,unplanned,emergency,"Вибрация, ослабли крепления рамы",4,21,30c23f9b-3046-52c7-aa98-4ded8e8f73ec,1,38634255-032f-5302-be4f-e3bb175128c8,2026-08-10T06:51:21.735852+05:00,1.5,closed,False,М-05,"Подтянуты и заменены крепления, проверена вибрация",0,2026-08-10T04:39:21.735852+05:00,2026-08-10T04:42:34.053324+05:00,2026-08-10T04:47:25.551182+05:00,2026-08-10T06:28:19.824049+05:00,2026-08-10T07:19:19.011358+05:00
210,210,planned,planned,"Плановый ремонт (ППР): Насос ГрАТ-450 №1 — осмотр, смазка, подтяжка креплений, замена изношенных элементов",2,9,30c23f9b-3046-52c7-aa98-4ded8e8f73ec,1,c8297387-4c37-53d3-8120-a214ac80359e,2026-08-10T14:31:43.544172+05:00,4,closed,False,,"Выполнен ППР: Насос ГрАТ-450 №1 — осмотр, смазка узлов, подтяжка креплений",0,2026-08-10T08:17:33.782493+05:00,2026-08-10T08:23:52.981526+05:00,2026-08-10T08:26:23.393591+05:00,2026-08-10T11:29:36.307132+05:00,2026-08-10T12:01:26.425110+05:00
211,211,planned,planned,"Плановый ремонт (ППР): Насос ГрАТ-450 №2 — осмотр, смазка, подтяжка креплений, замена изношенных элементов",2,10,2f23346e-8eed-5645-a1b2-d929d4517246,3,c8297387-4c37-53d3-8120-a214ac80359e,2026-08-10T16:09:04.627351+05:00,4,closed,False,,"Выполнен ППР: Насос ГрАТ-450 №2 — осмотр, смазка узлов, подтяжка креплений",0,2026-08-10T08:18:34.278513+05:00,2026-08-10T08:31:50.478840+05:00,2026-08-10T08:48:17.183744+05:00,2026-08-10T13:00:43.062888+05:00,2026-08-10T13:20:04.808431+05:00
212,212,planned,planned,"Плановый ремонт (ППР): Конвейер К-7 — осмотр, смазка, подтяжка креплений, замена изношенных элементов",2,13,2f23346e-8eed-5645-a1b2-d929d4517246,3,c8297387-4c37-53d3-8120-a214ac80359e,2026-08-10T16:05:19.671521+05:00,4,closed,False,,"Выполнен ППР: Конвейер К-7 — осмотр, смазка узлов, подтяжка креплений",0,2026-08-10T08:24:50.296667+05:00,2026-08-10T08:39:45.209674+05:00,2026-08-10T08:43:44.819492+05:00,2026-08-10T12:55:23.365981+05:00,2026-08-10T13:12:59.398475+05:00
213,213,planned,planned,"Плановый ремонт (ППР): Гидропресс П-6326 — осмотр, смазка, подтяжка креплений, замена изношенных элементов",4,23,75808db3-d714-5bc1-8824-97b2c7c6f097,1,c8297387-4c37-53d3-8120-a214ac80359e,2026-08-10T16:11:14.744577+05:00,3,closed,False,,"Выполнен ППР: Гидропресс П-6326 — осмотр, смазка узлов, подтяжка креплений",0,2026-08-10T09:19:30.669824+05:00,2026-08-10T09:32:08.924139+05:00,2026-08-10T09:45:18.201710+05:00,2026-08-10T13:11:03.204885+05:00,2026-08-10T13:25:58.382814+05:00
214,214,planned,planned,"Плановый ремонт (ППР): Дробилка КМД-1750 — осмотр, смазка, подтяжка креплений, замена изношенных элементов",1,1,4d9937c4-06fe-581d-bbee-b905cacaf2cc,2,c8297387-4c37-53d3-8120-a214ac80359e,2026-08-10T22:35:07.208448+05:00,8,closed,False,,"Выполнен ППР: Дробилка КМД-1750 — осмотр, смазка узлов, подтяжка креплений",0,2026-08-10T09:47:22.611369+05:00,2026-08-10T09:55:11.400417+05:00,2026-08-10T09:57:36.744466+05:00,2026-08-10T16:43:24.743541+05:00,2026-08-10T17:08:03.504601+05:00
215,215,unplanned,normal,"Нет питания, повреждён кабель",4,22,ee96e203-5cd8-5eb3-be58-94fd2ac2392a,2,c8297387-4c37-53d3-8120-a214ac80359e,2026-08-10T14:18:47.117692+05:00,2,closed,False,Э-01,"Заменён участок кабеля, выполнено оконцевание, проверена изоляция",0,2026-08-10T10:22:48.938016+05:00,2026-08-10T10:29:20.844154+05:00,2026-08-10T10:36:42.166295+05:00,2026-08-10T13:37:22.976854+05:00,2026-08-10T14:35:45.211368+05:00
216,216,unplanned,normal,"Вибрация, ослабли крепления рамы",3,18,1c4d0efe-d6e1-5774-af33-096424b68a1d,2,c8297387-4c37-53d3-8120-a214ac80359e,2026-08-10T20:14:13.795684+05:00,1.5,closed,False,М-05,"Подтянуты и заменены крепления, проверена вибрация",1,2026-08-10T17:05:44.931414+05:00,2026-08-10T17:07:47.307821+05:00,2026-08-10T17:14:35.297280+05:00,2026-08-10T19:28:56.370678+05:00,2026-08-10T20:18:20.568891+05:00
217,217,unplanned,emergency,"Падение напора, шум в улитке насоса",2,10,30c23f9b-3046-52c7-aa98-4ded8e8f73ec,1,38634255-032f-5302-be4f-e3bb175128c8,2026-08-11T13:22:53.937443+05:00,4,closed,False,М-06,"Заменено рабочее колесо, уплотнения, насос опробован",0,2026-08-11T07:55:53.937443+05:00,2026-08-11T07:59:07.011437+05:00,2026-08-11T08:17:47.170075+05:00,2026-08-11T11:56:27.435482+05:00,2026-08-11T12:53:50.703157+05:00
218,218,planned,planned,"Плановый ремонт (ППР): Вентилятор ВМ-12 — осмотр, смазка, подтяжка креплений, замена изношенных элементов",2,14,79413058-e2c0-5b03-adfb-a2a01c58f0d5,3,c8297387-4c37-53d3-8120-a214ac80359e,2026-08-11T14:02:42.914516+05:00,3,closed,False,,"Выполнен ППР: Вентилятор ВМ-12 — осмотр, смазка узлов, подтяжка креплений",0,2026-08-11T08:22:37.410916+05:00,2026-08-11T08:28:49.005126+05:00,2026-08-11T08:48:35.033757+05:00,2026-08-11T12:06:14.291591+05:00,2026-08-11T13:06:10.242276+05:00
219,219,planned,planned,"Плановый ремонт (ППР): Сушильный барабан СБ-1 — осмотр, смазка, подтяжка креплений, замена изношенных элементов",3,15,79413058-e2c0-5b03-adfb-a2a01c58f0d5,3,c8297387-4c37-53d3-8120-a214ac80359e,2026-08-11T18:53:25.238760+05:00,6,closed,True,,"Выполнен ППР: Сушильный барабан СБ-1 — осмотр, смазка узлов, подтяжка креплений",0,2026-08-11T08:45:58.934478+05:00,2026-08-11T09:00:45.804776+05:00,2026-08-11T09:05:45.657126+05:00,2026-08-11T19:43:48.677319+05:00,2026-08-11T20:18:40.194916+05:00
220,220,planned,planned,"Плановый ремонт (ППР): Насос ГрАТ-450 №3 — осмотр, смазка, подтяжка креплений, замена изношенных элементов",2,11,75808db3-d714-5bc1-8824-97b2c7c6f097,1,c8297387-4c37-53d3-8120-a214ac80359e,2026-08-11T15:03:45.736582+05:00,4,closed,False,,"Выполнен ППР: Насос ГрАТ-450 №3 — осмотр, смазка узлов, подтяжка креплений",0,2026-08-11T08:50:08.008343+05:00,2026-08-11T08:59:01.524015+05:00,2026-08-11T09:08:39.158590+05:00,2026-08-11T13:33:49.064877+05:00,2026-08-11T13:51:06.775445+05:00
221,221,unplanned,high,"Утечка воздуха, падение давления в сети",3,20,4cd857ba-990a-5264-9b16-d26a06a3e6f4,2,c8297387-4c37-53d3-8120-a214ac80359e,2026-08-11T15:27:54.779453+05:00,1,closed,False,П-01,"Устранена утечка, заменены фитинги и уплотнения",0,2026-08-11T12:03:07.287103+05:00,2026-08-11T12:05:45.924683+05:00,2026-08-11T14:01:26.740136+05:00,2026-08-11T14:49:14.591157+05:00,2026-08-11T15:02:30.500342+05:00
222,222,unplanned,high,Течь масла из-под уплотнения,2,9,9d7fbeed-09f8-55cd-9cc1-8e28b1c8a47a,3,c8297387-4c37-53d3-8120-a214ac80359e,2026-08-11T20:15:35.303632+05:00,2,closed,False,Г-01,"Заменены уплотнения, долито масло, течь устранена",0,2026-08-11T15:50:11.013692+05:00,2026-08-11T16:04:47.248513+05:00,2026-08-11T16:15:44.716018+05:00,2026-08-11T17:53:27.481353+05:00,2026-08-11T18:52:51.907701+05:00
223,223,unplanned,normal,Отказ станции централизованной смазки,3,15,79413058-e2c0-5b03-adfb-a2a01c58f0d5,3,c8297387-4c37-53d3-8120-a214ac80359e,2026-08-11T21:23:54.579411+05:00,3,closed,False,С-03,"Восстановлена подача смазки, заменены РВД и фитинги",0,2026-08-11T16:04:56.393785+05:00,2026-08-11T16:13:38.205409+05:00,2026-08-11T16:18:33.151677+05:00,2026-08-11T18:46:18.254363+05:00,2026-08-11T19:31:07.606855+05:00
224,224,unplanned,normal,Отказ станции централизованной смазки,3,15,2f23346e-8eed-5645-a1b2-d929d4517246,3,38634255-032f-5302-be4f-e3bb175128c8,2026-08-12T06:04:06.124573+05:00,3,closed,False,С-03,"Восстановлена подача смазки, заменены РВД и фитинги",0,2026-08-12T01:05:43.790127+05:00,2026-08-12T01:09:58.414537+05:00,2026-08-12T01:27:07.260111+05:00,2026-08-12T03:29:55.002590+05:00,2026-08-12T04:02:45.112460+05:00
225,225,planned,planned,"Плановый ремонт (ППР): Сварочный пост СП-2 — осмотр, смазка, подтяжка креплений, замена изношенных элементов",4,25,2f23346e-8eed-5645-a1b2-d929d4517246,3,c8297387-4c37-53d3-8120-a214ac80359e,2026-08-12T14:35:08.224128+05:00,3,closed,False,,"Выполнен ППР: Сварочный пост СП-2 — осмотр, смазка узлов, подтяжка креплений",0,2026-08-12T09:15:20.578711+05:00,2026-08-12T09:29:05.103750+05:00,2026-08-12T09:39:48.027641+05:00,2026-08-12T12:29:56.457229+05:00,2026-08-12T13:07:24.081215+05:00
226,226,planned,planned,"Плановый ремонт (ППР): Дымосос ДН-15 — осмотр, смазка, подтяжка креплений, замена изношенных элементов",3,19,30c23f9b-3046-52c7-aa98-4ded8e8f73ec,1,c8297387-4c37-53d3-8120-a214ac80359e,2026-08-12T16:15:14.477868+05:00,3,closed,False,,"Выполнен ППР: Дымосос ДН-15 — осмотр, смазка узлов, подтяжка креплений",0,2026-08-12T09:48:35.351009+05:00,2026-08-12T09:54:12.732833+05:00,2026-08-12T10:09:14.526106+05:00,2026-08-12T14:00:06.333793+05:00,2026-08-12T14:57:28.671952+05:00
227,227,unplanned,high,"Нет питания, повреждён кабель",4,22,afebbbfd-2a78-5649-81b2-ad4f458ca374,2,38634255-032f-5302-be4f-e3bb175128c8,2026-08-13T03:59:30.653906+05:00,2,closed,False,Э-01,"Заменён участок кабеля, выполнено оконцевание, проверена изоляция",0,2026-08-12T23:49:57.092478+05:00,2026-08-12T23:59:04.259920+05:00,2026-08-13T00:10:09.702912+05:00,2026-08-13T01:59:40.157495+05:00,2026-08-13T02:39:05.944446+05:00
228,228,unplanned,emergency,Течь масла из-под уплотнения,2,9,48146e97-4033-5976-9433-13e5009595cb,1,38634255-032f-5302-be4f-e3bb175128c8,2026-08-13T04:14:02.598757+05:00,2,closed,False,Г-01,"Заменены уплотнения, долито масло, течь устранена",0,2026-08-13T01:23:02.598757+05:00,2026-08-13T01:25:11.129120+05:00,2026-08-13T01:30:26.020721+05:00,2026-08-13T02:41:59.247719+05:00,2026-08-13T03:02:43.218466+05:00
229,229,unplanned,emergency,Шум и нагрев подшипникового узла привода,1,6,4cd857ba-990a-5264-9b16-d26a06a3e6f4,2,38634255-032f-5302-be4f-e3bb175128c8,2026-08-13T06:18:51.012103+05:00,3,closed,False,М-02,"Заменён подшипник, узел промыт и смазан, проверено на холостом ходу",0,2026-08-13T02:09:51.012103+05:00,2026-08-13T02:13:16.201631+05:00,2026-08-13T02:23:29.845051+05:00,2026-08-13T04:26:01.183513+05:00,2026-08-13T05:21:17.440721+05:00
230,230,unplanned,normal,"Вибрация, ослабли крепления рамы",1,2,1c4d0efe-d6e1-5774-af33-096424b68a1d,2,38634255-032f-5302-be4f-e3bb175128c8,2026-08-13T11:15:23.683248+05:00,1.5,closed,False,М-05,"Подтянуты и заменены крепления, проверена вибрация",0,2026-08-13T07:45:56.882636+05:00,2026-08-13T07:58:02.479145+05:00,2026-08-13T08:05:24.680097+05:00,2026-08-13T09:41:13.803797+05:00,2026-08-13T10:30:43.772215+05:00
231,231,planned,planned,"Плановый ремонт (ППР): Конвейер К-3 — осмотр, смазка, подтяжка креплений, замена изношенных элементов",1,6,4d9937c4-06fe-581d-bbee-b905cacaf2cc,2,c8297387-4c37-53d3-8120-a214ac80359e,2026-08-13T16:23:42.637222+05:00,4,closed,False,,"Выполнен ППР: Конвейер К-3 — осмотр, смазка узлов, подтяжка креплений",0,2026-08-13T08:48:14.978285+05:00,2026-08-13T08:59:48.001866+05:00,2026-08-13T09:12:52.410446+05:00,2026-08-13T12:52:05.351592+05:00,2026-08-13T13:54:46.812428+05:00
232,232,planned,planned,"Плановый ремонт (ППР): Кран мостовой 10 т — осмотр, смазка, подтяжка креплений, замена изношенных элементов",4,22,4cd857ba-990a-5264-9b16-d26a06a3e6f4,2,c8297387-4c37-53d3-8120-a214ac80359e,2026-08-13T15:39:14.835085+05:00,3,closed,False,,"Выполнен ППР: Кран мостовой 10 т — осмотр, смазка узлов, подтяжка креплений",0,2026-08-13T09:26:36.083236+05:00,2026-08-13T09:33:33.138010+05:00,2026-08-13T09:37:38.847932+05:00,2026-08-13T13:08:31.253993+05:00,2026-08-13T13:45:11.338751+05:00
233,233,planned,planned,"Плановый ремонт (ППР): Дробилка ККД-1500 — осмотр, смазка, подтяжка креплений, замена изношенных элементов",1,2,2f23346e-8eed-5645-a1b2-d929d4517246,3,c8297387-4c37-53d3-8120-a214ac80359e,2026-08-13T21:49:26.423848+05:00,8,closed,False,,"Выполнен ППР: Дробилка ККД-1500 — осмотр, смазка узлов, подтяжка креплений",0,2026-08-13T09:37:46.291356+05:00,2026-08-13T09:43:23.935822+05:00,2026-08-13T10:01:42.415132+05:00,2026-08-13T17:02:23.992902+05:00,2026-08-13T18:02:58.442632+05:00
234,234,planned,planned,"Плановый ремонт (ППР): Конвейер К-1 — осмотр, смазка, подтяжка креплений, замена изношенных элементов",1,4,4d9937c4-06fe-581d-bbee-b905cacaf2cc,2,c8297387-4c37-53d3-8120-a214ac80359e,2026-08-13T17:14:45.385911+05:00,4,closed,False,,"Выполнен ППР: Конвейер К-1 — осмотр, смазка узлов, подтяжка креплений",0,2026-08-13T09:44:00.634110+05:00,2026-08-13T09:55:23.444761+05:00,2026-08-13T09:58:12.037589+05:00,2026-08-13T13:14:00.357838+05:00,2026-08-13T13:36:04.456061+05:00
235,235,unplanned,emergency,"Падение напора, шум в улитке насоса",2,11,79413058-e2c0-5b03-adfb-a2a01c58f0d5,3,c8297387-4c37-53d3-8120-a214ac80359e,2026-08-13T20:52:28.980201+05:00,4,closed,False,М-06,"Заменено рабочее колесо, уплотнения, насос опробован",0,2026-08-13T15:25:28.980201+05:00,2026-08-13T15:26:46.392112+05:00,2026-08-13T15:31:56.711666+05:00,2026-08-13T19:27:12.779540+05:00,2026-08-13T20:21:52.766276+05:00
236,236,unplanned,high,"Течь гидрожидкости, лужа под агрегатом",2,11,9d7fbeed-09f8-55cd-9cc1-8e28b1c8a47a,3,c8297387-4c37-53d3-8120-a214ac80359e,2026-08-13T21:14:00.728878+05:00,2,closed,False,Г-01,"Заменены уплотнения, долито масло, течь устранена",0,2026-08-13T16:01:08.548929+05:00,2026-08-13T16:08:05.811559+05:00,2026-08-13T16:13:16.781781+05:00,2026-08-13T18:03:05.762830+05:00,2026-08-13T18:16:04.184362+05:00
237,237,unplanned,normal,"Вибрация, подшипник греется выше 80 °C",1,3,75808db3-d714-5bc1-8824-97b2c7c6f097,1,c8297387-4c37-53d3-8120-a214ac80359e,2026-08-14T00:25:25.928804+05:00,3,closed,False,М-02,"Заменён подшипник, узел промыт и смазан, проверено на холостом ходу",0,2026-08-13T19:31:01.020952+05:00,2026-08-13T19:44:47.217060+05:00,2026-08-13T19:56:27.117168+05:00,2026-08-13T22:12:23.395384+05:00,2026-08-13T22:35:57.968299+05:00
238,238,planned,planned,"Плановый ремонт (ППР): Грохот ГИТ-51 №2 — осмотр, смазка, подтяжка креплений, замена изношенных элементов",2,8,79413058-e2c0-5b03-adfb-a2a01c58f0d5,3,c8297387-4c37-53d3-8120-a214ac80359e,2026-08-14T15:14:06.757335+05:00,4,closed,False,,"Выполнен ППР: Грохот ГИТ-51 №2 — осмотр, смазка узлов, подтяжка креплений",0,2026-08-14T08:52:36.847502+05:00,2026-08-14T09:07:14.543358+05:00,2026-08-14T09:14:59.406304+05:00,2026-08-14T11:34:06.545520+05:00,2026-08-14T12:07:29.716889+05:00
239,239,planned,planned,"Плановый ремонт (ППР): Сушильный барабан СБ-2 — осмотр, смазка, подтяжка креплений, замена изношенных элементов",3,16,4cd857ba-990a-5264-9b16-d26a06a3e6f4,2,c8297387-4c37-53d3-8120-a214ac80359e,2026-08-14T19:19:48.149885+05:00,6,closed,False,,"Выполнен ППР: Сушильный барабан СБ-2 — осмотр, смазка узлов, подтяжка креплений",0,2026-08-14T09:41:44.663580+05:00,2026-08-14T09:56:05.742949+05:00,2026-08-14T09:58:54.206010+05:00,2026-08-14T12:57:54.547616+05:00,2026-08-14T13:19:18.302789+05:00
240,240,unplanned,high,Шипение на пневмолинии,3,20,2f23346e-8eed-5645-a1b2-d929d4517246,3,c8297387-4c37-53d3-8120-a214ac80359e,2026-08-14T17:41:56.413503+05:00,1,closed,False,П-01,"Устранена утечка, заменены фитинги и уплотнения",0,2026-08-14T14:54:14.322502+05:00,2026-08-14T15:03:22.217345+05:00,2026-08-14T15:05:35.532421+05:00,2026-08-14T16:00:03.293308+05:00,2026-08-14T16:21:29.282771+05:00
241,241,unplanned,emergency,Срабатывает тепловая защита,1,6,ee96e203-5cd8-5eb3-be58-94fd2ac2392a,2,38634255-032f-5302-be4f-e3bb175128c8,2026-08-15T07:26:34.234593+05:00,1,closed,False,Э-03,"Заменён автомат, проверена нагрузка, защита отрегулирована",0,2026-08-15T05:53:34.234593+05:00,2026-08-15T05:54:55.352293+05:00,2026-08-15T06:04:53.318693+05:00,2026-08-15T07:22:02.856117+05:00,2026-08-15T07:56:58.842921+05:00
242,242,unplanned,normal,Порыв ленты на стыке,1,6,2f23346e-8eed-5645-a1b2-d929d4517246,3,c8297387-4c37-53d3-8120-a214ac80359e,2026-08-15T16:20:03.093646+05:00,4,closed,False,М-03,"Выполнена стыковка ленты, отрегулирован ход",0,2026-08-15T08:08:09.483970+05:00,2026-08-15T08:22:41.026121+05:00,2026-08-15T08:37:28.560562+05:00,2026-08-15T13:52:17.889871+05:00,2026-08-15T14:52:22.102593+05:00
243,243,planned,planned,"Плановый ремонт (ППР): Питатель пластинчатый ПП-1 — осмотр, смазка, подтяжка креплений, замена изношенных элементов",1,3,79413058-e2c0-5b03-adfb-a2a01c58f0d5,3,c8297387-4c37-53d3-8120-a214ac80359e,2026-08-15T14:37:08.186667+05:00,3,closed,False,,"Выполнен ППР: Питатель пластинчатый ПП-1 — осмотр, смазка узлов, подтяжка креплений",1,2026-08-15T08:54:53.624146+05:00,2026-08-15T09:04:09.049600+05:00,2026-08-15T09:11:17.910757+05:00,2026-08-15T13:14:05.479566+05:00,2026-08-15T13:37:00.937589+05:00
244,244,planned,planned,"Плановый ремонт (ППР): Рукавный фильтр РФ-2 — осмотр, смазка, подтяжка креплений, замена изношенных элементов",3,18,75808db3-d714-5bc1-8824-97b2c7c6f097,1,c8297387-4c37-53d3-8120-a214ac80359e,2026-08-15T14:55:15.286987+05:00,3,closed,False,,"Выполнен ППР: Рукавный фильтр РФ-2 — осмотр, смазка узлов, подтяжка креплений",0,2026-08-15T09:22:08.740493+05:00,2026-08-15T09:42:54.458581+05:00,2026-08-15T10:02:50.419413+05:00,2026-08-15T13:27:08.816939+05:00,2026-08-15T14:16:29.359145+05:00
245,245,planned,planned,"Плановый ремонт (ППР): Токарный станок 1М63 — осмотр, смазка, подтяжка креплений, замена изношенных элементов",4,21,4cd857ba-990a-5264-9b16-d26a06a3e6f4,2,c8297387-4c37-53d3-8120-a214ac80359e,2026-08-15T14:58:26.366292+05:00,3,closed,False,,"Выполнен ППР: Токарный станок 1М63 — осмотр, смазка узлов, подтяжка креплений",0,2026-08-15T09:25:49.243307+05:00,2026-08-15T09:29:51.381643+05:00,2026-08-15T09:49:25.065190+05:00,2026-08-15T12:27:31.872180+05:00,2026-08-15T13:27:09.184414+05:00
246,246,planned,planned,"Плановый ремонт (ППР): Рукавный фильтр РФ-1 — осмотр, смазка, подтяжка креплений, замена изношенных элементов",3,17,2f23346e-8eed-5645-a1b2-d929d4517246,3,c8297387-4c37-53d3-8120-a214ac80359e,2026-08-15T14:30:00.147866+05:00,3,closed,False,,"Выполнен ППР: Рукавный фильтр РФ-1 — осмотр, смазка узлов, подтяжка креплений",0,2026-08-15T09:35:00.981646+05:00,2026-08-15T09:37:29.120466+05:00,2026-08-15T09:55:40.217876+05:00,2026-08-15T12:32:09.263507+05:00,2026-08-15T13:00:37.882144+05:00
247,247,unplanned,high,"Стук, откручиваются болты опоры",1,7,2f23346e-8eed-5645-a1b2-d929d4517246,3,c8297387-4c37-53d3-8120-a214ac80359e,2026-08-16T00:28:01.516890+05:00,1.5,closed,False,М-05,"Подтянуты и заменены крепления, проверена вибрация",0,2026-08-15T19:31:39.050335+05:00,2026-08-15T19:37:59.878893+05:00,2026-08-15T20:53:46.372890+05:00,2026-08-15T22:31:05.985768+05:00,2026-08-15T23:21:40.438156+05:00
248,248,unplanned,emergency,Неверные показания температуры,3,17,ee96e203-5cd8-5eb3-be58-94fd2ac2392a,2,38634255-032f-5302-be4f-e3bb175128c8,2026-08-16T05:37:43.114732+05:00,1.5,closed,False,Э-04,"Заменён датчик, выполнена настройка и проверка сигнала",0,2026-08-16T03:25:43.114732+05:00,2026-08-16T03:27:29.066878+05:00,2026-08-16T03:30:07.128629+05:00,2026-08-16T04:43:35.846421+05:00,2026-08-16T05:07:19.320070+05:00
249,249,unplanned,emergency,Шум и нагрев подшипникового узла привода,1,3,75808db3-d714-5bc1-8824-97b2c7c6f097,1,38634255-032f-5302-be4f-e3bb175128c8,2026-08-16T11:47:23.340592+05:00,3,closed,True,М-02,"Заменён подшипник, узел промыт и смазан, проверено на холостом ходу",0,2026-08-16T07:38:23.340592+05:00,2026-08-16T07:42:17.790450+05:00,2026-08-16T07:48:10.076567+05:00,2026-08-16T13:16:57.658867+05:00,2026-08-16T13:58:42.065129+05:00
250,250,planned,planned,"Плановый ремонт (ППР): Компрессор ВК-10 — осмотр, смазка, подтяжка креплений, замена изношенных элементов",4,24,30c23f9b-3046-52c7-aa98-4ded8e8f73ec,1,c8297387-4c37-53d3-8120-a214ac80359e,2026-08-16T13:09:18.103289+05:00,2,closed,False,,"Выполнен ППР: Компрессор ВК-10 — осмотр, смазка узлов, подтяжка креплений",0,2026-08-16T08:37:46.161765+05:00,2026-08-16T08:48:56.488127+05:00,2026-08-16T09:00:53.727468+05:00,2026-08-16T10:52:25.106034+05:00,2026-08-16T11:10:04.962381+05:00
251,251,planned,planned,"Плановый ремонт (ППР): Сепаратор пневматический СП-1 — осмотр, смазка, подтяжка креплений, замена изношенных элементов",2,12,4cd857ba-990a-5264-9b16-d26a06a3e6f4,2,c8297387-4c37-53d3-8120-a214ac80359e,2026-08-16T15:34:43.556196+05:00,3,closed,False,,"Выполнен ППР: Сепаратор пневматический СП-1 — осмотр, смазка узлов, подтяжка креплений",0,2026-08-16T08:41:38.528479+05:00,2026-08-16T08:51:29.452728+05:00,2026-08-16T08:57:32.591029+05:00,2026-08-16T10:37:43.361754+05:00,2026-08-16T11:15:28.392705+05:00
252,252,planned,planned,"Плановый ремонт (ППР): Грохот ГИТ-51 №1 — осмотр, смазка, подтяжка креплений, замена изношенных элементов",1,7,79413058-e2c0-5b03-adfb-a2a01c58f0d5,3,c8297387-4c37-53d3-8120-a214ac80359e,2026-08-16T15:19:50.425607+05:00,4,closed,False,,"Выполнен ППР: Грохот ГИТ-51 №1 — осмотр, смазка узлов, подтяжка креплений",0,2026-08-16T09:02:44.799424+05:00,2026-08-16T09:07:31.057184+05:00,2026-08-16T09:15:19.574063+05:00,2026-08-16T14:28:08.007099+05:00,2026-08-16T15:10:24.176839+05:00
253,253,planned,planned,"Плановый ремонт (ППР): Конвейер К-2 — осмотр, смазка, подтяжка креплений, замена изношенных элементов",1,5,4d9937c4-06fe-581d-bbee-b905cacaf2cc,2,c8297387-4c37-53d3-8120-a214ac80359e,2026-08-16T16:29:17.890015+05:00,4,closed,False,,"Выполнен ППР: Конвейер К-2 — осмотр, смазка узлов, подтяжка креплений",0,2026-08-16T09:46:25.137534+05:00,2026-08-16T09:58:45.114921+05:00,2026-08-16T10:00:50.781227+05:00,2026-08-16T16:04:34.621348+05:00,2026-08-16T16:50:16.085740+05:00
254,254,planned,planned,"Плановый ремонт (ППР): Компрессор ВК-20 — осмотр, смазка, подтяжка креплений, замена изношенных элементов",3,20,4cd857ba-990a-5264-9b16-d26a06a3e6f4,2,c8297387-4c37-53d3-8120-a214ac80359e,2026-08-16T15:21:40.697339+05:00,2,closed,False,,"Выполнен ППР: Компрессор ВК-20 — осмотр, смазка узлов, подтяжка креплений",0,2026-08-16T09:50:58.156518+05:00,2026-08-16T09:59:28.014373+05:00,2026-08-16T10:08:04.074475+05:00,2026-08-16T11:53:59.933544+05:00,2026-08-16T12:14:02.547417+05:00
255,255,planned,planned,"Плановый ремонт (ППР): Насос ГрАТ-450 №2 — осмотр, смазка, подтяжка креплений, замена изношенных элементов",2,10,4d9937c4-06fe-581d-bbee-b905cacaf2cc,2,c8297387-4c37-53d3-8120-a214ac80359e,2026-08-17T15:04:35.270437+05:00,4,closed,False,,"Выполнен ППР: Насос ГрАТ-450 №2 — осмотр, смазка узлов, подтяжка креплений",0,2026-08-17T08:37:36.787687+05:00,2026-08-17T08:42:21.664892+05:00,2026-08-17T08:44:54.385566+05:00,2026-08-17T14:34:41.100150+05:00,2026-08-17T15:10:33.623182+05:00
256,256,planned,planned,"Плановый ремонт (ППР): Дробилка КМД-1750 — осмотр, смазка, подтяжка креплений, замена изношенных элементов",1,1,4d9937c4-06fe-581d-bbee-b905cacaf2cc,2,c8297387-4c37-53d3-8120-a214ac80359e,2026-08-17T21:13:54.673719+05:00,8,closed,False,,"Выполнен ППР: Дробилка КМД-1750 — осмотр, смазка узлов, подтяжка креплений",0,2026-08-17T09:14:34.685556+05:00,2026-08-17T09:20:46.788673+05:00,2026-08-17T09:23:28.259108+05:00,2026-08-17T17:53:13.113835+05:00,2026-08-17T18:10:12.910509+05:00
257,257,planned,planned,"Плановый ремонт (ППР): Конвейер К-7 — осмотр, смазка, подтяжка креплений, замена изношенных элементов",2,13,4d9937c4-06fe-581d-bbee-b905cacaf2cc,2,c8297387-4c37-53d3-8120-a214ac80359e,2026-08-17T15:54:33.831877+05:00,4,closed,False,,"Выполнен ППР: Конвейер К-7 — осмотр, смазка узлов, подтяжка креплений",0,2026-08-17T09:14:48.070035+05:00,2026-08-17T09:23:26.075805+05:00,2026-08-17T09:42:54.063194+05:00,2026-08-17T14:15:06.893345+05:00,2026-08-17T14:28:01.041671+05:00
258,258,unplanned,emergency,Течь масла из-под уплотнения,4,23,48146e97-4033-5976-9433-13e5009595cb,1,c8297387-4c37-53d3-8120-a214ac80359e,2026-08-17T12:17:36.200454+05:00,2,closed,False,Г-01,"Заменены уплотнения, долито масло, течь устранена",0,2026-08-17T09:26:36.200454+05:00,2026-08-17T09:27:52.762919+05:00,2026-08-17T09:47:52.485431+05:00,2026-08-17T11:37:27.000279+05:00,2026-08-17T12:16:06.955126+05:00
259,259,planned,planned,"Плановый ремонт (ППР): Гидропресс П-6326 — осмотр, смазка, подтяжка креплений, замена изношенных элементов",4,23,30c23f9b-3046-52c7-aa98-4ded8e8f73ec,1,c8297387-4c37-53d3-8120-a214ac80359e,2026-08-17T15:48:59.140117+05:00,3,closed,False,,"Выполнен ППР: Гидропресс П-6326 — осмотр, смазка узлов, подтяжка креплений",0,2026-08-17T09:32:59.335881+05:00,2026-08-17T09:39:23.247821+05:00,2026-08-17T09:42:00.300900+05:00,2026-08-17T12:49:03.149063+05:00,2026-08-17T13:48:09.148935+05:00
260,260,planned,planned,"Плановый ремонт (ППР): Насос ГрАТ-450 №1 — осмотр, смазка, подтяжка креплений, замена изношенных элементов",2,9,2f23346e-8eed-5645-a1b2-d929d4517246,3,c8297387-4c37-53d3-8120-a214ac80359e,2026-08-17T16:36:30.960796+05:00,4,closed,False,,"Выполнен ППР: Насос ГрАТ-450 №1 — осмотр, смазка узлов, подтяжка креплений",0,2026-08-17T09:49:58.661024+05:00,2026-08-17T09:56:41.646257+05:00,2026-08-17T10:16:39.953493+05:00,2026-08-17T14:31:44.285981+05:00,2026-08-17T14:58:29.735780+05:00
261,261,unplanned,normal,"Стук, откручиваются болты опоры",1,2,4cd857ba-990a-5264-9b16-d26a06a3e6f4,2,38634255-032f-5302-be4f-e3bb175128c8,2026-08-18T04:03:56.961799+05:00,1.5,closed,False,М-05,"Подтянуты и заменены крепления, проверена вибрация",0,2026-08-17T23:50:23.896510+05:00,2026-08-17T23:55:17.775197+05:00,2026-08-18T00:08:17.338324+05:00,2026-08-18T01:37:01.767481+05:00,2026-08-18T02:13:44.839316+05:00
262,262,unplanned,normal,Срабатывает тепловая защита,4,25,afebbbfd-2a78-5649-81b2-ad4f458ca374,2,38634255-032f-5302-be4f-e3bb175128c8,2026-08-18T04:33:39.962991+05:00,1,closed,False,Э-03,"Заменён автомат, проверена нагрузка, защита отрегулирована",0,2026-08-18T00:23:03.856743+05:00,2026-08-18T00:29:15.163189+05:00,2026-08-18T00:43:23.136264+05:00,2026-08-18T02:45:34.174620+05:00,2026-08-18T03:00:34.573206+05:00
263,263,unplanned,normal,"Вибрация, подшипник греется выше 80 °C",1,1,4cd857ba-990a-5264-9b16-d26a06a3e6f4,2,38634255-032f-5302-be4f-e3bb175128c8,2026-08-18T07:50:59.440033+05:00,3,closed,False,М-02,"Заменён подшипник, узел промыт и смазан, проверено на холостом ходу",0,2026-08-18T02:31:13.466617+05:00,2026-08-18T02:35:41.814852+05:00,2026-08-18T02:47:56.507142+05:00,2026-08-18T04:40:43.270997+05:00,2026-08-18T05:20:06.465745+05:00
264,264,planned,planned,"Плановый ремонт (ППР): Насос ГрАТ-450 №3 — осмотр, смазка, подтяжка креплений, замена изношенных элементов",2,11,4d9937c4-06fe-581d-bbee-b905cacaf2cc,2,c8297387-4c37-53d3-8120-a214ac80359e,2026-08-18T15:53:07.254443+05:00,4,closed,False,,"Выполнен ППР: Насос ГрАТ-450 №3 — осмотр, смазка узлов, подтяжка креплений",0,2026-08-18T08:19:12.874907+05:00,2026-08-18T08:32:08.041518+05:00,2026-08-18T08:48:13.037226+05:00,2026-08-18T10:08:39.884653+05:00,2026-08-18T10:36:30.252057+05:00
265,265,planned,planned,"Плановый ремонт (ППР): Сушильный барабан СБ-1 — осмотр, смазка, подтяжка креплений, замена изношенных элементов",3,15,2f23346e-8eed-5645-a1b2-d929d4517246,3,c8297387-4c37-53d3-8120-a214ac80359e,2026-08-18T17:59:13.832766+05:00,6,closed,False,,"Выполнен ППР: Сушильный барабан СБ-1 — осмотр, смазка узлов, подтяжка креплений",0,2026-08-18T08:22:27.831238+05:00,2026-08-18T08:32:40.242559+05:00,2026-08-18T08:47:08.438648+05:00,2026-08-18T15:07:03.825116+05:00,2026-08-18T15:27:25.320826+05:00
266,266,planned,planned,"Плановый ремонт (ППР): Вентилятор ВМ-12 — осмотр, смазка, подтяжка креплений, замена изношенных элементов",2,14,75808db3-d714-5bc1-8824-97b2c7c6f097,1,c8297387-4c37-53d3-8120-a214ac80359e,2026-08-18T16:05:16.908022+05:00,3,closed,False,,"Выполнен ППР: Вентилятор ВМ-12 — осмотр, смазка узлов, подтяжка креплений",0,2026-08-18T09:25:18.807543+05:00,2026-08-18T09:28:15.998782+05:00,2026-08-18T09:46:02.415594+05:00,2026-08-18T12:12:00.727300+05:00,2026-08-18T12:33:48.028543+05:00
267,267,unplanned,high,Шум и нагрев подшипникового узла привода,3,19,4d9937c4-06fe-581d-bbee-b905cacaf2cc,2,c8297387-4c37-53d3-8120-a214ac80359e,2026-08-19T00:31:26.789532+05:00,3,closed,False,М-02,"Заменён подшипник, узел промыт и смазан, проверено на холостом ходу",0,2026-08-18T19:15:38.810132+05:00,2026-08-18T19:24:38.504524+05:00,2026-08-18T19:34:29.135742+05:00,2026-08-18T23:25:06.874645+05:00,2026-08-18T23:52:46.467705+05:00
268,268,unplanned,high,"Снижение производительности насоса, вибрация",2,10,79413058-e2c0-5b03-adfb-a2a01c58f0d5,3,38634255-032f-5302-be4f-e3bb175128c8,2026-08-19T07:12:37.616726+05:00,4,closed,False,М-06,"Заменено рабочее колесо, уплотнения, насос опробован",0,2026-08-19T00:32:44.183651+05:00,2026-08-19T00:39:15.071737+05:00,2026-08-19T02:20:13.261441+05:00,2026-08-19T04:59:37.419658+05:00,2026-08-19T05:12:23.641496+05:00
269,269,unplanned,emergency,"Двигатель не запускается, запах гари",1,2,524bebbe-f703-5521-8e9d-5a3e54fbbf10,1,38634255-032f-5302-be4f-e3bb175128c8,2026-08-19T09:01:24.549400+05:00,4,closed,True,Э-02,"Заменены подшипники двигателя, проверены обмотки, пуск в норме",0,2026-08-19T03:34:24.549400+05:00,2026-08-19T03:37:08.207490+05:00,2026-08-19T03:53:37.838609+05:00,2026-08-19T10:20:52.408275+05:00,2026-08-19T10:50:10.163753+05:00
270,270,unplanned,normal,"Падение напора, шум в улитке насоса",2,9,4cd857ba-990a-5264-9b16-d26a06a3e6f4,2,c8297387-4c37-53d3-8120-a214ac80359e,2026-08-19T15:56:53.843175+05:00,4,closed,False,М-06,"Заменено рабочее колесо, уплотнения, насос опробован",0,2026-08-19T08:18:37.455403+05:00,2026-08-19T08:24:01.481618+05:00,2026-08-19T08:34:20.035416+05:00,2026-08-19T13:12:16.789478+05:00,2026-08-19T14:08:40.191606+05:00
271,271,planned,planned,"Плановый ремонт (ППР): Сварочный пост СП-2 — осмотр, смазка, подтяжка креплений, замена изношенных элементов",4,25,30c23f9b-3046-52c7-aa98-4ded8e8f73ec,1,c8297387-4c37-53d3-8120-a214ac80359e,2026-08-19T14:41:49.646343+05:00,3,closed,False,,"Выполнен ППР: Сварочный пост СП-2 — осмотр, смазка узлов, подтяжка креплений",0,2026-08-19T08:29:08.206837+05:00,2026-08-19T08:42:04.430058+05:00,2026-08-19T08:55:26.824780+05:00,2026-08-19T11:30:33.945969+05:00,2026-08-19T11:58:58.376478+05:00
272,272,planned,planned,"Плановый ремонт (ППР): Дымосос ДН-15 — осмотр, смазка, подтяжка креплений, замена изношенных элементов",3,19,79413058-e2c0-5b03-adfb-a2a01c58f0d5,3,c8297387-4c37-53d3-8120-a214ac80359e,2026-08-19T14:59:13.101840+05:00,3,closed,False,,"Выполнен ППР: Дымосос ДН-15 — осмотр, смазка узлов, подтяжка креплений",0,2026-08-19T08:30:50.702624+05:00,2026-08-19T08:33:58.143558+05:00,2026-08-19T08:41:32.647528+05:00,2026-08-19T11:26:32.672714+05:00,2026-08-19T11:46:33.476372+05:00
273,273,unplanned,normal,"Перегрев компрессора, выбивает защиту",3,20,2f23346e-8eed-5645-a1b2-d929d4517246,3,c8297387-4c37-53d3-8120-a214ac80359e,2026-08-19T20:21:12.373469+05:00,4,closed,False,П-03,"Заменены ремни, масло, уплотнения, компрессор опробован",0,2026-08-19T12:29:21.669124+05:00,2026-08-19T12:42:37.252111+05:00,2026-08-19T12:49:04.280807+05:00,2026-08-19T18:30:30.923626+05:00,2026-08-19T19:12:33.017964+05:00
274,274,unplanned,emergency,"Вибрация, ослабли крепления рамы",1,2,30c23f9b-3046-52c7-aa98-4ded8e8f73ec,1,c8297387-4c37-53d3-8120-a214ac80359e,2026-08-19T14:49:00.257153+05:00,1.5,closed,False,М-05,"Подтянуты и заменены крепления, проверена вибрация",0,2026-08-19T12:37:00.257153+05:00,2026-08-19T12:40:22.939045+05:00,2026-08-19T12:52:15.469131+05:00,2026-08-19T14:05:28.045589+05:00,2026-08-19T14:25:51.103723+05:00
275,275,planned,planned,"Плановый ремонт (ППР): Кран мостовой 10 т — осмотр, смазка, подтяжка креплений, замена изношенных элементов",4,22,4cd857ba-990a-5264-9b16-d26a06a3e6f4,2,c8297387-4c37-53d3-8120-a214ac80359e,2026-08-20T14:26:03.548133+05:00,3,closed,False,,"Выполнен ППР: Кран мостовой 10 т — осмотр, смазка узлов, подтяжка креплений",0,2026-08-20T08:13:30.702726+05:00,2026-08-20T08:18:25.361983+05:00,2026-08-20T08:31:31.716607+05:00,2026-08-20T11:13:30.339929+05:00,2026-08-20T11:37:58.228851+05:00
276,276,planned,planned,"Плановый ремонт (ППР): Дробилка ККД-1500 — осмотр, смазка, подтяжка креплений, замена изношенных элементов",1,2,30c23f9b-3046-52c7-aa98-4ded8e8f73ec,1,c8297387-4c37-53d3-8120-a214ac80359e,2026-08-20T21:25:06.008167+05:00,8,closed,False,,"Выполнен ППР: Дробилка ККД-1500 — осмотр, смазка узлов, подтяжка креплений",0,2026-08-20T09:22:13.282086+05:00,2026-08-20T09:30:42.271581+05:00,2026-08-20T09:34:53.461689+05:00,2026-08-20T17:20:39.193576+05:00,2026-08-20T17:57:04.184290+05:00
277,277,planned,planned,"Плановый ремонт (ППР): Конвейер К-1 — осмотр, смазка, подтяжка креплений, замена изношенных элементов",1,4,4d9937c4-06fe-581d-bbee-b905cacaf2cc,2,c8297387-4c37-53d3-8120-a214ac80359e,2026-08-20T16:46:51.565907+05:00,4,closed,False,,"Выполнен ППР: Конвейер К-1 — осмотр, смазка узлов, подтяжка креплений",0,2026-08-20T09:45:03.120884+05:00,2026-08-20T09:52:00.711804+05:00,2026-08-20T10:10:30.854982+05:00,2026-08-20T12:53:53.318938+05:00,2026-08-20T13:34:28.926418+05:00
278,278,planned,planned,"Плановый ремонт (ППР): Конвейер К-3 — осмотр, смазка, подтяжка креплений, замена изношенных элементов",1,6,30c23f9b-3046-52c7-aa98-4ded8e8f73ec,1,c8297387-4c37-53d3-8120-a214ac80359e,2026-08-20T17:43:44.996231+05:00,4,closed,False,,"Выполнен ППР: Конвейер К-3 — осмотр, смазка узлов, подтяжка креплений",0,2026-08-20T09:59:47.164198+05:00,2026-08-20T10:05:45.870047+05:00,2026-08-20T10:23:14.839605+05:00,2026-08-20T15:08:44.238943+05:00,2026-08-20T15:27:40.931948+05:00
279,279,unplanned,high,Не подаётся смазка на узлы,1,1,2f23346e-8eed-5645-a1b2-d929d4517246,3,c8297387-4c37-53d3-8120-a214ac80359e,2026-08-21T01:46:42.511241+05:00,3,closed,False,С-03,"Восстановлена подача смазки, заменены РВД и фитинги",0,2026-08-20T19:45:49.276835+05:00,2026-08-20T19:49:11.721316+05:00,2026-08-20T20:03:44.449083+05:00,2026-08-21T00:07:10.292687+05:00,2026-08-21T00:30:44.850953+05:00
280,280,unplanned,high,"Перегрев электродвигателя, гул",3,16,ee96e203-5cd8-5eb3-be58-94fd2ac2392a,2,38634255-032f-5302-be4f-e3bb175128c8,2026-08-21T06:02:09.103823+05:00,4,closed,False,Э-02,"Заменены подшипники двигателя, проверены обмотки, пуск в норме",0,2026-08-20T22:00:50.261143+05:00,2026-08-20T22:11:02.672535+05:00,2026-08-21T00:06:16.012879+05:00,2026-08-21T02:23:56.832250+05:00,2026-08-21T03:12:39.292681+05:00
281,281,planned,planned,"Плановый ремонт (ППР): Сушильный барабан СБ-2 — осмотр, смазка, подтяжка креплений, замена изношенных элементов",3,16,75808db3-d714-5bc1-8824-97b2c7c6f097,1,c8297387-4c37-53d3-8120-a214ac80359e,2026-08-21T18:09:42.052480+05:00,6,closed,False,,"Выполнен ППР: Сушильный барабан СБ-2 — осмотр, смазка узлов, подтяжка креплений",0,2026-08-21T08:27:45.610653+05:00,2026-08-21T08:42:12.287065+05:00,2026-08-21T08:47:05.704607+05:00,2026-08-21T12:31:45.791897+05:00,2026-08-21T13:13:04.172775+05:00
282,282,planned,planned,"Плановый ремонт (ППР): Грохот ГИТ-51 №2 — осмотр, смазка, подтяжка креплений, замена изношенных элементов",2,8,4d9937c4-06fe-581d-bbee-b905cacaf2cc,2,c8297387-4c37-53d3-8120-a214ac80359e,2026-08-21T17:04:40.372304+05:00,4,closed,False,,"Выполнен ППР: Грохот ГИТ-51 №2 — осмотр, смазка узлов, подтяжка креплений",0,2026-08-21T09:25:58.932859+05:00,2026-08-21T09:32:49.191464+05:00,2026-08-21T09:37:45.028833+05:00,2026-08-21T12:38:07.181919+05:00,2026-08-21T13:08:59.443123+05:00
283,283,unplanned,normal,"Вибрация, подшипник греется выше 80 °C",1,1,75808db3-d714-5bc1-8824-97b2c7c6f097,1,c8297387-4c37-53d3-8120-a214ac80359e,2026-08-22T00:50:33.088858+05:00,3,closed,True,М-02,"Заменён подшипник, узел промыт и смазан, проверено на холостом ходу",0,2026-08-21T19:30:45.842979+05:00,2026-08-21T19:36:51.724436+05:00,2026-08-21T19:46:23.848258+05:00,2026-08-22T03:06:48.388550+05:00,2026-08-22T03:29:40.811727+05:00
284,284,unplanned,high,"Стук, откручиваются болты опоры",3,18,1c4d0efe-d6e1-5774-af33-096424b68a1d,2,38634255-032f-5302-be4f-e3bb175128c8,2026-08-22T07:51:43.526889+05:00,1.5,closed,True,М-05,"Подтянуты и заменены крепления, проверена вибрация",1,2026-08-22T04:44:58.801823+05:00,2026-08-22T04:52:31.602437+05:00,2026-08-22T05:01:31.060508+05:00,2026-08-22T08:08:13.220873+05:00,2026-08-22T08:25:17.002467+05:00
285,285,planned,planned,"Плановый ремонт (ППР): Рукавный фильтр РФ-1 — осмотр, смазка, подтяжка креплений, замена изношенных элементов",3,17,30c23f9b-3046-52c7-aa98-4ded8e8f73ec,1,c8297387-4c37-53d3-8120-a214ac80359e,2026-08-22T14:02:24.429721+05:00,3,closed,False,,"Выполнен ППР: Рукавный фильтр РФ-1 — осмотр, смазка узлов, подтяжка креплений",0,2026-08-22T08:25:59.105611+05:00,2026-08-22T08:33:35.425901+05:00,2026-08-22T08:51:24.729555+05:00,2026-08-22T12:54:25.868905+05:00,2026-08-22T13:24:20.521788+05:00
286,286,planned,planned,"Плановый ремонт (ППР): Рукавный фильтр РФ-2 — осмотр, смазка, подтяжка креплений, замена изношенных элементов",3,18,79413058-e2c0-5b03-adfb-a2a01c58f0d5,3,c8297387-4c37-53d3-8120-a214ac80359e,2026-08-22T14:44:24.681310+05:00,3,closed,True,,"Выполнен ППР: Рукавный фильтр РФ-2 — осмотр, смазка узлов, подтяжка креплений",0,2026-08-22T09:31:05.611680+05:00,2026-08-22T09:38:02.846515+05:00,2026-08-22T09:51:21.837521+05:00,2026-08-22T15:14:48.706427+05:00,2026-08-22T15:37:45.106312+05:00
287,287,planned,planned,"Плановый ремонт (ППР): Питатель пластинчатый ПП-1 — осмотр, смазка, подтяжка креплений, замена изношенных элементов",1,3,30c23f9b-3046-52c7-aa98-4ded8e8f73ec,1,c8297387-4c37-53d3-8120-a214ac80359e,2026-08-22T16:08:46.824390+05:00,3,closed,False,,"Выполнен ППР: Питатель пластинчатый ПП-1 — осмотр, смазка узлов, подтяжка креплений",0,2026-08-22T09:45:10.618632+05:00,2026-08-22T09:56:34.218824+05:00,2026-08-22T10:13:11.333162+05:00,2026-08-22T13:07:03.885591+05:00,2026-08-22T13:49:21.078745+05:00
288,288,planned,planned,"Плановый ремонт (ППР): Токарный станок 1М63 — осмотр, смазка, подтяжка креплений, замена изношенных элементов",4,21,4cd857ba-990a-5264-9b16-d26a06a3e6f4,2,c8297387-4c37-53d3-8120-a214ac80359e,2026-08-22T14:39:45.374889+05:00,3,closed,False,,"Выполнен ППР: Токарный станок 1М63 — осмотр, смазка узлов, подтяжка креплений",0,2026-08-22T09:45:24.605514+05:00,2026-08-22T09:53:07.921111+05:00,2026-08-22T09:57:38.603151+05:00,2026-08-22T12:48:20.433549+05:00,2026-08-22T13:14:14.773604+05:00
289,289,unplanned,normal,"Масло в редукторе тёмное, с водой",4,24,75808db3-d714-5bc1-8824-97b2c7c6f097,1,c8297387-4c37-53d3-8120-a214ac80359e,2026-08-22T14:56:15.080167+05:00,1.5,closed,False,С-02,"Масло заменено, редуктор промыт",0,2026-08-22T10:55:00.917345+05:00,2026-08-22T11:05:25.785603+05:00,2026-08-22T11:19:56.616909+05:00,2026-08-22T12:48:45.139024+05:00,2026-08-22T13:02:22.051631+05:00
290,290,unplanned,normal,Компрессор не набирает давление,3,20,1c4d0efe-d6e1-5774-af33-096424b68a1d,2,c8297387-4c37-53d3-8120-a214ac80359e,2026-08-23T03:01:41.934663+05:00,4,closed,True,П-03,"Заменены ремни, масло, уплотнения, компрессор опробован",1,2026-08-22T19:41:27.116858+05:00,2026-08-22T19:50:59.743546+05:00,2026-08-22T19:55:22.446755+05:00,2026-08-23T05:07:41.952648+05:00,2026-08-23T05:28:15.002342+05:00
291,291,unplanned,emergency,"Вибрация, подшипник греется выше 80 °C",1,6,4d9937c4-06fe-581d-bbee-b905cacaf2cc,2,38634255-032f-5302-be4f-e3bb175128c8,2026-08-23T01:18:58.082269+05:00,3,closed,False,М-02,"Заменён подшипник, узел промыт и смазан, проверено на холостом ходу",0,2026-08-22T21:09:58.082269+05:00,2026-08-22T21:13:27.427956+05:00,2026-08-22T21:25:33.670167+05:00,2026-08-23T01:16:53.341236+05:00,2026-08-23T01:36:10.353968+05:00
292,292,planned,planned,"Плановый ремонт (ППР): Конвейер К-2 — осмотр, смазка, подтяжка креплений, замена изношенных элементов",1,5,4cd857ba-990a-5264-9b16-d26a06a3e6f4,2,c8297387-4c37-53d3-8120-a214ac80359e,2026-08-23T16:06:33.027348+05:00,4,closed,False,,"Выполнен ППР: Конвейер К-2 — осмотр, смазка узлов, подтяжка креплений",0,2026-08-23T08:12:18.549939+05:00,2026-08-23T08:27:07.542500+05:00,2026-08-23T08:39:32.963871+05:00,2026-08-23T12:49:45.885985+05:00,2026-08-23T13:32:40.721389+05:00
293,293,unplanned,emergency,"Стук, откручиваются болты опоры",1,7,4cd857ba-990a-5264-9b16-d26a06a3e6f4,2,c8297387-4c37-53d3-8120-a214ac80359e,2026-08-23T10:48:04.132802+05:00,1.5,closed,False,М-05,"Подтянуты и заменены крепления, проверена вибрация",0,2026-08-23T08:36:04.132802+05:00,2026-08-23T08:40:01.844674+05:00,2026-08-23T08:45:25.397829+05:00,2026-08-23T10:16:05.289158+05:00,2026-08-23T10:28:18.038465+05:00
294,294,planned,planned,"Плановый ремонт (ППР): Компрессор ВК-20 — осмотр, смазка, подтяжка креплений, замена изношенных элементов",3,20,4d9937c4-06fe-581d-bbee-b905cacaf2cc,2,c8297387-4c37-53d3-8120-a214ac80359e,2026-08-23T13:43:46.675585+05:00,2,closed,False,,"Выполнен ППР: Компрессор ВК-20 — осмотр, смазка узлов, подтяжка креплений",0,2026-08-23T08:37:55.658849+05:00,2026-08-23T08:50:19.925531+05:00,2026-08-23T08:56:22.814765+05:00,2026-08-23T10:50:32.586342+05:00,2026-08-23T11:19:34.348724+05:00
295,295,planned,planned,"Плановый ремонт (ППР): Сепаратор пневматический СП-1 — осмотр, смазка, подтяжка креплений, замена изношенных элементов",2,12,1c4d0efe-d6e1-5774-af33-096424b68a1d,2,c8297387-4c37-53d3-8120-a214ac80359e,2026-08-23T14:26:31.347356+05:00,3,closed,False,,"Выполнен ППР: Сепаратор пневматический СП-1 — осмотр, смазка узлов, подтяжка креплений",0,2026-08-23T08:42:24.500216+05:00,2026-08-23T08:46:40.330571+05:00,2026-08-23T08:54:54.561872+05:00,2026-08-23T14:18:29.096394+05:00,2026-08-23T14:35:09.274823+05:00
296,296,planned,planned,"Плановый ремонт (ППР): Грохот ГИТ-51 №1 — осмотр, смазка, подтяжка креплений, замена изношенных элементов",1,7,2f23346e-8eed-5645-a1b2-d929d4517246,3,c8297387-4c37-53d3-8120-a214ac80359e,2026-08-23T15:12:02.695692+05:00,4,closed,False,,"Выполнен ППР: Грохот ГИТ-51 №1 — осмотр, смазка узлов, подтяжка креплений",0,2026-08-23T08:58:44.526198+05:00,2026-08-23T09:04:50.906106+05:00,2026-08-23T09:07:04.427653+05:00,2026-08-23T13:38:46.052574+05:00,2026-08-23T14:10:30.890887+05:00
297,297,planned,planned,"Плановый ремонт (ППР): Компрессор ВК-10 — осмотр, смазка, подтяжка креплений, замена изношенных элементов",4,24,2f23346e-8eed-5645-a1b2-d929d4517246,3,c8297387-4c37-53d3-8120-a214ac80359e,2026-08-23T14:05:04.245717+05:00,2,closed,False,,"Выполнен ППР: Компрессор ВК-10 — осмотр, смазка узлов, подтяжка креплений",0,2026-08-23T09:53:18.440460+05:00,2026-08-23T09:59:57.654914+05:00,2026-08-23T10:13:27.684605+05:00,2026-08-23T12:38:55.130823+05:00,2026-08-23T13:33:05.864095+05:00
298,298,unplanned,emergency,"Проскальзывание цепи, износ звёздочки",1,3,2f23346e-8eed-5645-a1b2-d929d4517246,3,38634255-032f-5302-be4f-e3bb175128c8,2026-08-24T05:19:48.586018+05:00,3,closed,False,М-04,"Заменены цепь и звёздочка, выполнено натяжение",0,2026-08-24T01:10:48.586018+05:00,2026-08-24T01:13:19.680480+05:00,2026-08-24T01:31:03.276444+05:00,2026-08-24T04:24:01.580493+05:00,2026-08-24T05:25:06.157883+05:00
299,299,planned,planned,"Плановый ремонт (ППР): Насос ГрАТ-450 №1 — осмотр, смазка, подтяжка креплений, замена изношенных элементов",2,9,2f23346e-8eed-5645-a1b2-d929d4517246,3,c8297387-4c37-53d3-8120-a214ac80359e,2026-08-24T14:41:51.757587+05:00,4,closed,True,,"Выполнен ППР: Насос ГрАТ-450 №1 — осмотр, смазка узлов, подтяжка креплений",0,2026-08-24T08:11:03.614130+05:00,2026-08-24T08:24:11.766254+05:00,2026-08-24T08:28:57.457083+05:00,2026-08-24T15:26:05.063941+05:00,2026-08-24T15:52:55.428353+05:00
300,300,planned,planned,"Плановый ремонт (ППР): Гидропресс П-6326 — осмотр, смазка, подтяжка креплений, замена изношенных элементов",4,23,79413058-e2c0-5b03-adfb-a2a01c58f0d5,3,c8297387-4c37-53d3-8120-a214ac80359e,2026-08-24T15:11:31.170751+05:00,3,closed,False,,"Выполнен ППР: Гидропресс П-6326 — осмотр, смазка узлов, подтяжка креплений",0,2026-08-24T08:22:00.963239+05:00,2026-08-24T08:28:52.081059+05:00,2026-08-24T08:48:32.989143+05:00,2026-08-24T11:09:44.073532+05:00,2026-08-24T11:52:22.206137+05:00
301,301,planned,planned,"Плановый ремонт (ППР): Дробилка КМД-1750 — осмотр, смазка, подтяжка креплений, замена изношенных элементов",1,1,1c4d0efe-d6e1-5774-af33-096424b68a1d,2,c8297387-4c37-53d3-8120-a214ac80359e,2026-08-24T20:16:19.415987+05:00,8,closed,True,,"Выполнен ППР: Дробилка КМД-1750 — осмотр, смазка узлов, подтяжка креплений",1,2026-08-24T08:50:28.427685+05:00,2026-08-24T08:57:50.785299+05:00,2026-08-24T09:01:28.021948+05:00,2026-08-24T21:01:18.778066+05:00,2026-08-24T21:49:11.155129+05:00
302,302,planned,planned,"Плановый ремонт (ППР): Конвейер К-7 — осмотр, смазка, подтяжка креплений, замена изношенных элементов",2,13,30c23f9b-3046-52c7-aa98-4ded8e8f73ec,1,c8297387-4c37-53d3-8120-a214ac80359e,2026-08-24T15:59:36.814859+05:00,4,closed,False,,"Выполнен ППР: Конвейер К-7 — осмотр, смазка узлов, подтяжка креплений",0,2026-08-24T08:55:03.484239+05:00,2026-08-24T09:07:38.074211+05:00,2026-08-24T09:19:21.023073+05:00,2026-08-24T14:17:27.941255+05:00,2026-08-24T14:43:11.769959+05:00
303,303,planned,planned,"Плановый ремонт (ППР): Насос ГрАТ-450 №2 — осмотр, смазка, подтяжка креплений, замена изношенных элементов",2,10,2f23346e-8eed-5645-a1b2-d929d4517246,3,c8297387-4c37-53d3-8120-a214ac80359e,2026-08-24T16:38:35.893169+05:00,4,closed,False,,"Выполнен ППР: Насос ГрАТ-450 №2 — осмотр, смазка узлов, подтяжка креплений",0,2026-08-24T09:09:58.071165+05:00,2026-08-24T09:17:12.527727+05:00,2026-08-24T09:27:28.422399+05:00,2026-08-24T12:44:14.791796+05:00,2026-08-24T13:14:06.989710+05:00
304,304,unplanned,emergency,"Перегрев узла, сухое трение",1,5,79413058-e2c0-5b03-adfb-a2a01c58f0d5,3,c8297387-4c37-53d3-8120-a214ac80359e,2026-08-24T20:27:59.624025+05:00,1,closed,True,С-01,"Узлы смазаны, проверен нагрев",0,2026-08-24T18:54:59.624025+05:00,2026-08-24T18:58:33.377112+05:00,2026-08-24T19:13:28.399352+05:00,2026-08-24T20:40:40.580981+05:00,2026-08-24T21:19:20.913888+05:00
305,305,unplanned,normal,Шум и нагрев подшипникового узла привода,2,10,4d9937c4-06fe-581d-bbee-b905cacaf2cc,2,38634255-032f-5302-be4f-e3bb175128c8,2026-08-25T11:34:19.420819+05:00,3,closed,False,М-02,"Заменён подшипник, узел промыт и смазан, проверено на холостом ходу",0,2026-08-25T06:35:47.200816+05:00,2026-08-25T06:41:59.412302+05:00,2026-08-25T06:52:19.765175+05:00,2026-08-25T08:47:05.563316+05:00,2026-08-25T09:18:11.360563+05:00
306,306,planned,planned,"Плановый ремонт (ППР): Насос ГрАТ-450 №3 — осмотр, смазка, подтяжка креплений, замена изношенных элементов",2,11,1c4d0efe-d6e1-5774-af33-096424b68a1d,2,c8297387-4c37-53d3-8120-a214ac80359e,2026-08-25T14:29:18.769477+05:00,4,closed,False,,"Выполнен ППР: Насос ГрАТ-450 №3 — осмотр, смазка узлов, подтяжка креплений",0,2026-08-25T08:16:14.492175+05:00,2026-08-25T08:20:48.499708+05:00,2026-08-25T08:28:16.778411+05:00,2026-08-25T14:03:18.159940+05:00,2026-08-25T14:36:35.848529+05:00
307,307,planned,planned,"Плановый ремонт (ППР): Сушильный барабан СБ-1 — осмотр, смазка, подтяжка креплений, замена изношенных элементов",3,15,2f23346e-8eed-5645-a1b2-d929d4517246,3,c8297387-4c37-53d3-8120-a214ac80359e,2026-08-25T18:18:48.254097+05:00,6,closed,False,,"Выполнен ППР: Сушильный барабан СБ-1 — осмотр, смазка узлов, подтяжка креплений",1,2026-08-25T08:20:57.803639+05:00,2026-08-25T08:29:31.970888+05:00,2026-08-25T08:37:44.592681+05:00,2026-08-25T15:06:47.616772+05:00,2026-08-25T16:00:31.066450+05:00
308,308,planned,planned,"Плановый ремонт (ППР): Вентилятор ВМ-12 — осмотр, смазка, подтяжка креплений, замена изношенных элементов",2,14,2f23346e-8eed-5645-a1b2-d929d4517246,3,c8297387-4c37-53d3-8120-a214ac80359e,2026-08-25T15:03:40.045884+05:00,3,closed,False,,"Выполнен ППР: Вентилятор ВМ-12 — осмотр, смазка узлов, подтяжка креплений",0,2026-08-25T09:45:20.281685+05:00,2026-08-25T09:56:28.157680+05:00,2026-08-25T10:01:10.188770+05:00,2026-08-25T13:11:15.101538+05:00,2026-08-25T13:56:54.397487+05:00
309,309,unplanned,normal,"Стук, откручиваются болты опоры",1,1,4d9937c4-06fe-581d-bbee-b905cacaf2cc,2,38634255-032f-5302-be4f-e3bb175128c8,2026-08-26T07:50:30.343253+05:00,1.5,closed,False,М-05,"Подтянуты и заменены крепления, проверена вибрация",0,2026-08-26T02:58:11.917575+05:00,2026-08-26T03:04:17.952023+05:00,2026-08-26T03:10:11.849910+05:00,2026-08-26T04:34:55.216725+05:00,2026-08-26T05:17:50.797340+05:00
310,310,planned,planned,"Плановый ремонт (ППР): Сварочный пост СП-2 — осмотр, смазка, подтяжка креплений, замена изношенных элементов",4,25,75808db3-d714-5bc1-8824-97b2c7c6f097,1,c8297387-4c37-53d3-8120-a214ac80359e,2026-08-26T13:44:45.428356+05:00,3,closed,True,,"Выполнен ППР: Сварочный пост СП-2 — осмотр, смазка узлов, подтяжка креплений",0,2026-08-26T08:06:59.737814+05:00,2026-08-26T08:21:41.462281+05:00,2026-08-26T08:29:17.762740+05:00,2026-08-26T16:56:40.749704+05:00,2026-08-26T17:51:23.211102+05:00
311,311,planned,planned,"Плановый ремонт (ППР): Дымосос ДН-15 — осмотр, смазка, подтяжка креплений, замена изношенных элементов",3,19,4d9937c4-06fe-581d-bbee-b905cacaf2cc,2,c8297387-4c37-53d3-8120-a214ac80359e,2026-08-26T15:48:33.567549+05:00,3,closed,False,,"Выполнен ППР: Дымосос ДН-15 — осмотр, смазка узлов, подтяжка креплений",0,2026-08-26T09:55:51.115842+05:00,2026-08-26T10:07:45.420518+05:00,2026-08-26T10:20:32.108507+05:00,2026-08-26T13:39:25.971095+05:00,2026-08-26T13:57:44.614479+05:00
312,312,unplanned,emergency,"Вибрация, подшипник греется выше 80 °C",1,7,4cd857ba-990a-5264-9b16-d26a06a3e6f4,2,c8297387-4c37-53d3-8120-a214ac80359e,2026-08-26T14:18:07.370938+05:00,3,closed,False,М-02,"Заменён подшипник, узел промыт и смазан, проверено на холостом ходу",0,2026-08-26T10:09:07.370938+05:00,2026-08-26T10:11:11.179272+05:00,2026-08-26T10:28:06.196774+05:00,2026-08-26T13:27:10.326380+05:00,2026-08-26T14:27:36.178478+05:00
313,313,unplanned,normal,"Вибрация, подшипник греется выше 80 °C",1,6,1c4d0efe-d6e1-5774-af33-096424b68a1d,2,c8297387-4c37-53d3-8120-a214ac80359e,2026-08-26T22:16:17.276628+05:00,3,closed,False,М-02,"Заменён подшипник, узел промыт и смазан, проверено на холостом ходу",1,2026-08-26T16:04:15.084475+05:00,2026-08-26T16:07:08.623491+05:00,2026-08-26T16:12:47.738844+05:00,2026-08-26T21:44:39.082110+05:00,2026-08-26T22:01:23.304270+05:00
314,314,unplanned,high,Шипение на пневмолинии,4,24,30c23f9b-3046-52c7-aa98-4ded8e8f73ec,1,38634255-032f-5302-be4f-e3bb175128c8,2026-08-27T07:02:51.131529+05:00,1,closed,False,П-01,"Устранена утечка, заменены фитинги и уплотнения",0,2026-08-27T02:53:41.716899+05:00,2026-08-27T03:00:11.383838+05:00,2026-08-27T03:04:21.898970+05:00,2026-08-27T04:07:07.144323+05:00,2026-08-27T04:32:17.215115+05:00
315,315,unplanned,high,"Падение напора, шум в улитке насоса",2,11,1c4d0efe-d6e1-5774-af33-096424b68a1d,2,38634255-032f-5302-be4f-e3bb175128c8,2026-08-27T10:51:08.712319+05:00,4,closed,False,М-06,"Заменено рабочее колесо, уплотнения, насос опробован",0,2026-08-27T04:36:01.496836+05:00,2026-08-27T04:40:32.694673+05:00,2026-08-27T04:45:36.295145+05:00,2026-08-27T08:12:31.541448+05:00,2026-08-27T08:26:30.378794+05:00
316,316,unplanned,emergency,Шум и нагрев подшипникового узла привода,3,19,4cd857ba-990a-5264-9b16-d26a06a3e6f4,2,38634255-032f-5302-be4f-e3bb175128c8,2026-08-27T10:31:30.699334+05:00,3,closed,False,М-02,"Заменён подшипник, узел промыт и смазан, проверено на холостом ходу",0,2026-08-27T06:22:30.699334+05:00,2026-08-27T06:26:30.573184+05:00,2026-08-27T06:41:46.050204+05:00,2026-08-27T09:27:06.324625+05:00,2026-08-27T09:44:09.491838+05:00
317,317,planned,planned,"Плановый ремонт (ППР): Конвейер К-1 — осмотр, смазка, подтяжка креплений, замена изношенных элементов",1,4,30c23f9b-3046-52c7-aa98-4ded8e8f73ec,1,c8297387-4c37-53d3-8120-a214ac80359e,2026-08-27T16:34:05.826250+05:00,4,closed,False,,"Выполнен ППР: Конвейер К-1 — осмотр, смазка узлов, подтяжка креплений",0,2026-08-27T08:47:46.668601+05:00,2026-08-27T08:55:12.833138+05:00,2026-08-27T09:10:19.359492+05:00,2026-08-27T14:08:42.685761+05:00,2026-08-27T14:37:16.434982+05:00
318,318,planned,planned,"Плановый ремонт (ППР): Конвейер К-3 — осмотр, смазка, подтяжка креплений, замена изношенных элементов",1,6,75808db3-d714-5bc1-8824-97b2c7c6f097,1,c8297387-4c37-53d3-8120-a214ac80359e,2026-08-27T17:11:44.655226+05:00,4,closed,False,,"Выполнен ППР: Конвейер К-3 — осмотр, смазка узлов, подтяжка креплений",0,2026-08-27T09:05:46.669443+05:00,2026-08-27T09:12:22.873970+05:00,2026-08-27T09:16:31.786575+05:00,2026-08-27T13:15:49.178159+05:00,2026-08-27T13:55:28.232785+05:00
319,319,planned,planned,"Плановый ремонт (ППР): Кран мостовой 10 т — осмотр, смазка, подтяжка креплений, замена изношенных элементов",4,22,4cd857ba-990a-5264-9b16-d26a06a3e6f4,2,c8297387-4c37-53d3-8120-a214ac80359e,2026-08-27T14:11:07.001303+05:00,3,closed,False,,"Выполнен ППР: Кран мостовой 10 т — осмотр, смазка узлов, подтяжка креплений",0,2026-08-27T09:14:16.586093+05:00,2026-08-27T09:19:58.089500+05:00,2026-08-27T09:35:17.645314+05:00,2026-08-27T12:01:44.271373+05:00,2026-08-27T12:14:00.671775+05:00
320,320,planned,planned,"Плановый ремонт (ППР): Дробилка ККД-1500 — осмотр, смазка, подтяжка креплений, замена изношенных элементов",1,2,4cd857ba-990a-5264-9b16-d26a06a3e6f4,2,c8297387-4c37-53d3-8120-a214ac80359e,2026-08-27T21:34:34.668243+05:00,8,closed,False,,"Выполнен ППР: Дробилка ККД-1500 — осмотр, смазка узлов, подтяжка креплений",0,2026-08-27T09:21:31.600387+05:00,2026-08-27T09:30:16.154572+05:00,2026-08-27T09:42:17.744541+05:00,2026-08-27T15:50:27.944688+05:00,2026-08-27T16:44:18.820592+05:00
321,321,unplanned,high,Не подаётся смазка на узлы,3,16,30c23f9b-3046-52c7-aa98-4ded8e8f73ec,1,38634255-032f-5302-be4f-e3bb175128c8,2026-08-28T09:59:17.350691+05:00,3,closed,False,С-03,"Восстановлена подача смазки, заменены РВД и фитинги",0,2026-08-28T04:42:27.722949+05:00,2026-08-28T04:52:55.955521+05:00,2026-08-28T05:05:00.420687+05:00,2026-08-28T09:10:06.955721+05:00,2026-08-28T09:25:11.176308+05:00
322,322,unplanned,emergency,Шум и нагрев подшипникового узла привода,1,2,79413058-e2c0-5b03-adfb-a2a01c58f0d5,3,c8297387-4c37-53d3-8120-a214ac80359e,2026-08-28T12:34:50.123126+05:00,3,closed,False,М-02,"Заменён подшипник, узел промыт и смазан, проверено на холостом ходу",0,2026-08-28T08:25:50.123126+05:00,2026-08-28T08:27:44.400644+05:00,2026-08-28T08:38:08.151501+05:00,2026-08-28T11:10:38.358620+05:00,2026-08-28T12:07:55.091884+05:00
323,323,planned,planned,"Плановый ремонт (ППР): Сушильный барабан СБ-2 — осмотр, смазка, подтяжка креплений, замена изношенных элементов",3,16,2f23346e-8eed-5645-a1b2-d929d4517246,3,c8297387-4c37-53d3-8120-a214ac80359e,2026-08-28T19:58:11.397589+05:00,6,closed,True,,"Выполнен ППР: Сушильный барабан СБ-2 — осмотр, смазка узлов, подтяжка креплений",0,2026-08-28T09:54:26.451918+05:00,2026-08-28T10:07:44.374147+05:00,2026-08-28T10:18:40.008380+05:00,2026-08-28T20:10:00.066014+05:00,2026-08-28T21:07:50.117149+05:00
324,324,planned,planned,"Плановый ремонт (ППР): Грохот ГИТ-51 №2 — осмотр, смазка, подтяжка креплений, замена изношенных элементов",2,8,4d9937c4-06fe-581d-bbee-b905cacaf2cc,2,c8297387-4c37-53d3-8120-a214ac80359e,2026-08-28T17:38:17.542585+05:00,4,closed,False,,"Выполнен ППР: Грохот ГИТ-51 №2 — осмотр, смазка узлов, подтяжка креплений",0,2026-08-28T09:55:27.981118+05:00,2026-08-28T10:05:54.543511+05:00,2026-08-28T10:14:24.180120+05:00,2026-08-28T16:07:35.035276+05:00,2026-08-28T16:36:42.275801+05:00
325,325,unplanned,high,Отказ станции централизованной смазки,3,15,79413058-e2c0-5b03-adfb-a2a01c58f0d5,3,c8297387-4c37-53d3-8120-a214ac80359e,2026-08-28T17:09:05.946282+05:00,3,closed,False,С-03,"Восстановлена подача смазки, заменены РВД и фитинги",0,2026-08-28T10:53:52.438436+05:00,2026-08-28T11:00:04.097706+05:00,2026-08-28T11:08:22.174696+05:00,2026-08-28T12:44:27.894698+05:00,2026-08-28T13:20:14.200444+05:00
326,326,unplanned,normal,"Утечка воздуха, падение давления в сети",2,12,75808db3-d714-5bc1-8824-97b2c7c6f097,1,38634255-032f-5302-be4f-e3bb175128c8,2026-08-29T04:52:28.308338+05:00,1,closed,False,П-01,"Устранена утечка, заменены фитинги и уплотнения",0,2026-08-29T02:24:37.877406+05:00,2026-08-29T02:34:34.443119+05:00,2026-08-29T02:42:30.010266+05:00,2026-08-29T03:34:24.117756+05:00,2026-08-29T04:02:01.401737+05:00
327,327,unplanned,normal,"Двигатель не запускается, запах гари",2,9,42ef7ac6-1e11-523f-b9a2-a713f308d193,3,38634255-032f-5302-be4f-e3bb175128c8,2026-08-29T14:10:49.209177+05:00,4,closed,False,Э-02,"Заменены подшипники двигателя, проверены обмотки, пуск в норме",0,2026-08-29T06:12:22.395424+05:00,2026-08-29T06:22:37.229223+05:00,2026-08-29T06:31:55.442378+05:00,2026-08-29T09:06:20.059629+05:00,2026-08-29T09:32:55.428925+05:00
328,328,planned,planned,"Плановый ремонт (ППР): Токарный станок 1М63 — осмотр, смазка, подтяжка креплений, замена изношенных элементов",4,21,4d9937c4-06fe-581d-bbee-b905cacaf2cc,2,c8297387-4c37-53d3-8120-a214ac80359e,2026-08-29T14:44:12.720110+05:00,3,closed,False,,"Выполнен ППР: Токарный станок 1М63 — осмотр, смазка узлов, подтяжка креплений",0,2026-08-29T08:33:46.302733+05:00,2026-08-29T08:36:14.407043+05:00,2026-08-29T08:52:59.641288+05:00,2026-08-29T12:09:03.341338+05:00,2026-08-29T12:35:21.294907+05:00
329,329,planned,planned,"Плановый ремонт (ППР): Рукавный фильтр РФ-1 — осмотр, смазка, подтяжка креплений, замена изношенных элементов",3,17,4cd857ba-990a-5264-9b16-d26a06a3e6f4,2,c8297387-4c37-53d3-8120-a214ac80359e,2026-08-29T14:34:20.527123+05:00,3,closed,False,,"Выполнен ППР: Рукавный фильтр РФ-1 — осмотр, смазка узлов, подтяжка креплений",0,2026-08-29T09:14:29.647839+05:00,2026-08-29T09:25:03.645010+05:00,2026-08-29T09:45:00.582981+05:00,2026-08-29T12:29:14.893691+05:00,2026-08-29T12:45:48.737331+05:00
330,330,planned,planned,"Плановый ремонт (ППР): Питатель пластинчатый ПП-1 — осмотр, смазка, подтяжка креплений, замена изношенных элементов",1,3,1c4d0efe-d6e1-5774-af33-096424b68a1d,2,c8297387-4c37-53d3-8120-a214ac80359e,2026-08-29T15:44:10.795843+05:00,3,closed,False,,"Выполнен ППР: Питатель пластинчатый ПП-1 — осмотр, смазка узлов, подтяжка креплений",0,2026-08-29T09:24:28.623897+05:00,2026-08-29T09:34:31.710460+05:00,2026-08-29T09:45:36.170818+05:00,2026-08-29T14:28:55.298171+05:00,2026-08-29T14:53:08.423201+05:00
331,331,planned,planned,"Плановый ремонт (ППР): Рукавный фильтр РФ-2 — осмотр, смазка, подтяжка креплений, замена изношенных элементов",3,18,4cd857ba-990a-5264-9b16-d26a06a3e6f4,2,c8297387-4c37-53d3-8120-a214ac80359e,2026-08-29T15:00:14.113767+05:00,3,closed,False,,"Выполнен ППР: Рукавный фильтр РФ-2 — осмотр, смазка узлов, подтяжка креплений",0,2026-08-29T09:26:40.979866+05:00,2026-08-29T09:40:11.862969+05:00,2026-08-29T09:50:15.531134+05:00,2026-08-29T12:37:22.080183+05:00,2026-08-29T13:26:13.256033+05:00
332,332,planned,planned,"Плановый ремонт (ППР): Компрессор ВК-20 — осмотр, смазка, подтяжка креплений, замена изношенных элементов",3,20,75808db3-d714-5bc1-8824-97b2c7c6f097,1,c8297387-4c37-53d3-8120-a214ac80359e,2026-08-30T12:25:27.776198+05:00,2,closed,True,,"Выполнен ППР: Компрессор ВК-20 — осмотр, смазка узлов, подтяжка креплений",0,2026-08-30T08:25:52.580841+05:00,2026-08-30T08:33:55.189648+05:00,2026-08-30T08:45:20.124242+05:00,2026-08-30T12:44:00.701045+05:00,2026-08-30T13:24:33.292023+05:00
333,333,planned,planned,"Плановый ремонт (ППР): Компрессор ВК-10 — осмотр, смазка, подтяжка креплений, замена изношенных элементов",4,24,4d9937c4-06fe-581d-bbee-b905cacaf2cc,2,c8297387-4c37-53d3-8120-a214ac80359e,2026-08-30T13:03:51.329774+05:00,2,closed,False,,"Выполнен ППР: Компрессор ВК-10 — осмотр, смазка узлов, подтяжка креплений",0,2026-08-30T09:11:14.283640+05:00,2026-08-30T09:14:41.640934+05:00,2026-08-30T09:34:00.763956+05:00,2026-08-30T11:27:14.434626+05:00,2026-08-30T11:52:01.650277+05:00
334,334,planned,planned,"Плановый ремонт (ППР): Конвейер К-2 — осмотр, смазка, подтяжка креплений, замена изношенных элементов",1,5,4d9937c4-06fe-581d-bbee-b905cacaf2cc,2,c8297387-4c37-53d3-8120-a214ac80359e,2026-08-30T17:23:55.528532+05:00,4,closed,False,,"Выполнен ППР: Конвейер К-2 — осмотр, смазка узлов, подтяжка креплений",0,2026-08-30T09:14:40.629807+05:00,2026-08-30T09:16:42.626204+05:00,2026-08-30T09:29:34.423641+05:00,2026-08-30T15:08:20.220104+05:00,2026-08-30T16:05:06.566287+05:00
335,335,planned,planned,"Плановый ремонт (ППР): Сепаратор пневматический СП-1 — осмотр, смазка, подтяжка креплений, замена изношенных элементов",2,12,30c23f9b-3046-52c7-aa98-4ded8e8f73ec,1,c8297387-4c37-53d3-8120-a214ac80359e,2026-08-30T15:22:00.184223+05:00,3,closed,False,,"Выполнен ППР: Сепаратор пневматический СП-1 — осмотр, смазка узлов, подтяжка креплений",0,2026-08-30T09:32:20.642914+05:00,2026-08-30T09:40:35.813831+05:00,2026-08-30T09:49:26.560105+05:00,2026-08-30T12:47:50.686165+05:00,2026-08-30T13:25:02.313943+05:00
336,336,planned,planned,"Плановый ремонт (ППР): Грохот ГИТ-51 №1 — осмотр, смазка, подтяжка креплений, замена изношенных элементов",1,7,4d9937c4-06fe-581d-bbee-b905cacaf2cc,2,c8297387-4c37-53d3-8120-a214ac80359e,2026-08-30T16:32:25.320476+05:00,4,closed,False,,"Выполнен ППР: Грохот ГИТ-51 №1 — осмотр, смазка узлов, подтяжка креплений",0,2026-08-30T09:50:34.869997+05:00,2026-08-30T09:59:09.109101+05:00,2026-08-30T10:02:19.010689+05:00,2026-08-30T14:23:00.039789+05:00,2026-08-30T15:23:47.910845+05:00
337,337,unplanned,emergency,Неверные показания температуры,3,15,42ef7ac6-1e11-523f-b9a2-a713f308d193,3,c8297387-4c37-53d3-8120-a214ac80359e,2026-08-30T13:18:11.355335+05:00,1.5,closed,False,Э-04,"Заменён датчик, выполнена настройка и проверка сигнала",0,2026-08-30T11:06:11.355335+05:00,2026-08-30T11:08:45.719100+05:00,2026-08-30T11:20:10.785946+05:00,2026-08-30T12:38:35.460485+05:00,2026-08-30T13:05:06.143462+05:00
338,338,unplanned,emergency,"Перегрев электродвигателя, гул",1,2,afebbbfd-2a78-5649-81b2-ad4f458ca374,2,38634255-032f-5302-be4f-e3bb175128c8,2026-08-31T13:07:29.468370+05:00,4,closed,False,Э-02,"Заменены подшипники двигателя, проверены обмотки, пуск в норме",0,2026-08-31T07:40:29.468370+05:00,2026-08-31T07:43:13.568832+05:00,2026-08-31T07:47:11.689229+05:00,2026-08-31T12:21:26.457493+05:00,2026-08-31T12:52:39.056498+05:00
339,339,planned,planned,"Плановый ремонт (ППР): Гидропресс П-6326 — осмотр, смазка, подтяжка креплений, замена изношенных элементов",4,23,2f23346e-8eed-5645-a1b2-d929d4517246,3,c8297387-4c37-53d3-8120-a214ac80359e,2026-08-31T14:32:06.648136+05:00,3,closed,False,,"Выполнен ППР: Гидропресс П-6326 — осмотр, смазка узлов, подтяжка креплений",0,2026-08-31T08:03:24.603284+05:00,2026-08-31T08:14:07.052918+05:00,2026-08-31T08:17:40.581986+05:00,2026-08-31T10:05:03.557086+05:00,2026-08-31T11:07:20.970901+05:00
340,340,planned,planned,"Плановый ремонт (ППР): Конвейер К-7 — осмотр, смазка, подтяжка креплений, замена изношенных элементов",2,13,79413058-e2c0-5b03-adfb-a2a01c58f0d5,3,c8297387-4c37-53d3-8120-a214ac80359e,2026-08-31T15:42:04.645393+05:00,4,closed,False,,"Выполнен ППР: Конвейер К-7 — осмотр, смазка узлов, подтяжка креплений",0,2026-08-31T08:27:59.950852+05:00,2026-08-31T08:41:38.746581+05:00,2026-08-31T09:01:25.428901+05:00,2026-08-31T14:27:56.735568+05:00,2026-08-31T15:07:48.760059+05:00
341,341,planned,planned,"Плановый ремонт (ППР): Насос ГрАТ-450 №1 — осмотр, смазка, подтяжка креплений, замена изношенных элементов",2,9,4d9937c4-06fe-581d-bbee-b905cacaf2cc,2,c8297387-4c37-53d3-8120-a214ac80359e,2026-08-31T16:36:33.560325+05:00,4,closed,False,,"Выполнен ППР: Насос ГрАТ-450 №1 — осмотр, смазка узлов, подтяжка креплений",0,2026-08-31T08:54:08.858316+05:00,2026-08-31T09:07:35.289790+05:00,2026-08-31T09:13:02.563100+05:00,2026-08-31T15:56:50.817361+05:00,2026-08-31T16:25:17.371953+05:00
342,342,planned,planned,"Плановый ремонт (ППР): Дробилка КМД-1750 — осмотр, смазка, подтяжка креплений, замена изношенных элементов",1,1,4d9937c4-06fe-581d-bbee-b905cacaf2cc,2,c8297387-4c37-53d3-8120-a214ac80359e,2026-08-31T22:13:08.926919+05:00,8,closed,False,,"Выполнен ППР: Дробилка КМД-1750 — осмотр, смазка узлов, подтяжка креплений",0,2026-08-31T09:08:42.495418+05:00,2026-08-31T09:14:49.862915+05:00,2026-08-31T09:24:38.991216+05:00,2026-08-31T17:00:13.023408+05:00,2026-08-31T17:56:57.538628+05:00
343,343,planned,planned,"Плановый ремонт (ППР): Насос ГрАТ-450 №2 — осмотр, смазка, подтяжка креплений, замена изношенных элементов",2,10,75808db3-d714-5bc1-8824-97b2c7c6f097,1,c8297387-4c37-53d3-8120-a214ac80359e,2026-08-31T16:23:22.713800+05:00,4,closed,False,,"Выполнен ППР: Насос ГрАТ-450 №2 — осмотр, смазка узлов, подтяжка креплений",0,2026-08-31T09:32:20.600266+05:00,2026-08-31T09:34:37.626539+05:00,2026-08-31T09:53:08.994764+05:00,2026-08-31T14:14:36.301585+05:00,2026-08-31T14:48:18.573608+05:00
344,344,unplanned,normal,Шум и нагрев подшипникового узла привода,1,2,2f23346e-8eed-5645-a1b2-d929d4517246,3,c8297387-4c37-53d3-8120-a214ac80359e,2026-08-31T18:21:23.482887+05:00,3,closed,False,М-02,"Заменён подшипник, узел промыт и смазан, проверено на холостом ходу",0,2026-08-31T12:06:49.541626+05:00,2026-08-31T12:20:24.575507+05:00,2026-08-31T12:33:59.850014+05:00,2026-08-31T15:25:56.351875+05:00,2026-08-31T15:51:36.305896+05:00
345,345,unplanned,normal,Загрязнение масла в картере,4,24,1c4d0efe-d6e1-5774-af33-096424b68a1d,2,c8297387-4c37-53d3-8120-a214ac80359e,2026-08-31T17:59:11.684118+05:00,1.5,closed,False,С-02,"Масло заменено, редуктор промыт",0,2026-08-31T14:48:04.067872+05:00,2026-08-31T14:55:46.379201+05:00,2026-08-31T15:04:21.281887+05:00,2026-08-31T16:43:52.210524+05:00,2026-08-31T17:01:46.742716+05:00
346,346,unplanned,normal,"Вибрация, подшипник греется выше 80 °C",2,14,2f23346e-8eed-5645-a1b2-d929d4517246,3,c8297387-4c37-53d3-8120-a214ac80359e,2026-09-01T01:00:58.302267+05:00,3,closed,False,М-02,"Заменён подшипник, узел промыт и смазан, проверено на холостом ходу",0,2026-08-31T19:52:07.379884+05:00,2026-08-31T19:55:37.442563+05:00,2026-08-31T21:52:25.956522+05:00,2026-09-01T00:31:51.902342+05:00,2026-09-01T01:04:17.565180+05:00
347,347,planned,planned,"Плановый ремонт (ППР): Вентилятор ВМ-12 — осмотр, смазка, подтяжка креплений, замена изношенных элементов",2,14,2f23346e-8eed-5645-a1b2-d929d4517246,3,c8297387-4c37-53d3-8120-a214ac80359e,2026-09-01T15:02:47.053434+05:00,3,closed,False,,"Выполнен ППР: Вентилятор ВМ-12 — осмотр, смазка узлов, подтяжка креплений",0,2026-09-01T08:15:29.806404+05:00,2026-09-01T08:26:42.445660+05:00,2026-09-01T08:30:11.342360+05:00,2026-09-01T10:36:29.398969+05:00,2026-09-01T11:16:29.493515+05:00
348,348,planned,planned,"Плановый ремонт (ППР): Сушильный барабан СБ-1 — осмотр, смазка, подтяжка креплений, замена изношенных элементов",3,15,2f23346e-8eed-5645-a1b2-d929d4517246,3,c8297387-4c37-53d3-8120-a214ac80359e,2026-09-01T18:55:21.692241+05:00,6,closed,False,,"Выполнен ППР: Сушильный барабан СБ-1 — осмотр, смазка узлов, подтяжка креплений",0,2026-09-01T08:55:40.189835+05:00,2026-09-01T08:58:51.630002+05:00,2026-09-01T09:08:50.260390+05:00,2026-09-01T16:01:51.995169+05:00,2026-09-01T16:25:38.319700+05:00
349,349,unplanned,emergency,Узел работает без смазки,2,14,4cd857ba-990a-5264-9b16-d26a06a3e6f4,2,c8297387-4c37-53d3-8120-a214ac80359e,2026-09-01T10:52:30.559370+05:00,1,closed,False,С-01,"Узлы смазаны, проверен нагрев",0,2026-09-01T09:19:30.559370+05:00,2026-09-01T09:21:16.277121+05:00,2026-09-01T09:34:49.985070+05:00,2026-09-01T10:22:48.739035+05:00,2026-09-01T10:40:42.108421+05:00
350,350,planned,planned,"Плановый ремонт (ППР): Насос ГрАТ-450 №3 — осмотр, смазка, подтяжка креплений, замена изношенных элементов",2,11,4d9937c4-06fe-581d-bbee-b905cacaf2cc,2,c8297387-4c37-53d3-8120-a214ac80359e,2026-09-01T16:43:41.733490+05:00,4,closed,False,,"Выполнен ППР: Насос ГрАТ-450 №3 — осмотр, смазка узлов, подтяжка креплений",0,2026-09-01T09:33:53.360173+05:00,2026-09-01T09:42:20.052690+05:00,2026-09-01T09:52:17.625470+05:00,2026-09-01T12:45:46.682911+05:00,2026-09-01T13:15:48.659794+05:00
351,351,unplanned,high,"Вибрация, подшипник греется выше 80 °C",1,6,30c23f9b-3046-52c7-aa98-4ded8e8f73ec,1,38634255-032f-5302-be4f-e3bb175128c8,2026-09-02T03:07:14.135444+05:00,3,closed,False,М-02,"Заменён подшипник, узел промыт и смазан, проверено на холостом ходу",0,2026-09-01T20:35:21.125252+05:00,2026-09-01T20:40:23.477384+05:00,2026-09-01T20:51:33.233403+05:00,2026-09-01T23:04:45.478903+05:00,2026-09-01T23:29:57.676883+05:00
352,352,unplanned,high,"Течь гидрожидкости, лужа под агрегатом",2,9,48146e97-4033-5976-9433-13e5009595cb,1,38634255-032f-5302-be4f-e3bb175128c8,2026-09-02T12:22:01.876450+05:00,2,closed,False,Г-01,"Заменены уплотнения, долито масло, течь устранена",0,2026-09-02T07:24:21.008029+05:00,2026-09-02T07:27:07.971304+05:00,2026-09-02T07:40:45.633126+05:00,2026-09-02T10:14:13.845822+05:00,2026-09-02T10:50:13.512466+05:00
353,353,planned,planned,"Плановый ремонт (ППР): Дымосос ДН-15 — осмотр, смазка, подтяжка креплений, замена изношенных элементов",3,19,1c4d0efe-d6e1-5774-af33-096424b68a1d,2,c8297387-4c37-53d3-8120-a214ac80359e,2026-09-02T13:38:23.892306+05:00,3,closed,False,,"Выполнен ППР: Дымосос ДН-15 — осмотр, смазка узлов, подтяжка креплений",0,2026-09-02T08:06:52.643593+05:00,2026-09-02T08:16:19.286851+05:00,2026-09-02T08:33:30.556371+05:00,2026-09-02T12:26:15.799974+05:00,2026-09-02T12:45:00.824898+05:00
354,354,planned,planned,"Плановый ремонт (ППР): Сварочный пост СП-2 — осмотр, смазка, подтяжка креплений, замена изношенных элементов",4,25,79413058-e2c0-5b03-adfb-a2a01c58f0d5,3,c8297387-4c37-53d3-8120-a214ac80359e,2026-09-02T14:55:21.209794+05:00,3,closed,False,,"Выполнен ППР: Сварочный пост СП-2 — осмотр, смазка узлов, подтяжка креплений",0,2026-09-02T08:26:37.238446+05:00,2026-09-02T08:40:05.839630+05:00,2026-09-02T08:58:20.183630+05:00,2026-09-02T13:48:43.388999+05:00,2026-09-02T14:25:52.628012+05:00
355,355,unplanned,normal,"Перегрев узла, сухое трение",2,14,4d9937c4-06fe-581d-bbee-b905cacaf2cc,2,c8297387-4c37-53d3-8120-a214ac80359e,2026-09-02T11:49:04.059893+05:00,1,closed,False,С-01,"Узлы смазаны, проверен нагрев",0,2026-09-02T08:52:34.582011+05:00,2026-09-02T09:02:45.223501+05:00,2026-09-02T09:17:00.786405+05:00,2026-09-02T10:43:02.694515+05:00,2026-09-02T11:41:27.607757+05:00
356,356,unplanned,high,Нет сигнала с датчика положения,3,15,42ef7ac6-1e11-523f-b9a2-a713f308d193,3,c8297387-4c37-53d3-8120-a214ac80359e,2026-09-02T12:38:06.272255+05:00,1.5,closed,False,Э-04,"Заменён датчик, выполнена настройка и проверка сигнала",0,2026-09-02T09:29:00.563037+05:00,2026-09-02T09:32:09.612350+05:00,2026-09-02T09:35:36.420271+05:00,2026-09-02T11:57:10.819666+05:00,2026-09-02T12:36:00.395944+05:00
357,357,planned,planned,"Плановый ремонт (ППР): Кран мостовой 10 т — осмотр, смазка, подтяжка креплений, замена изношенных элементов",4,22,4d9937c4-06fe-581d-bbee-b905cacaf2cc,2,c8297387-4c37-53d3-8120-a214ac80359e,2026-09-03T14:23:22.819708+05:00,3,closed,False,,"Выполнен ППР: Кран мостовой 10 т — осмотр, смазка узлов, подтяжка креплений",0,2026-09-03T08:14:11.637252+05:00,2026-09-03T08:30:39.951728+05:00,2026-09-03T08:46:48.979303+05:00,2026-09-03T10:55:05.119698+05:00,2026-09-03T11:56:44.812596+05:00
358,358,planned,planned,"Плановый ремонт (ППР): Дробилка ККД-1500 — осмотр, смазка, подтяжка креплений, замена изношенных элементов",1,2,30c23f9b-3046-52c7-aa98-4ded8e8f73ec,1,c8297387-4c37-53d3-8120-a214ac80359e,2026-09-03T20:48:53.134407+05:00,8,closed,False,,"Выполнен ППР: Дробилка ККД-1500 — осмотр, смазка узлов, подтяжка креплений",0,2026-09-03T08:25:13.617561+05:00,2026-09-03T08:45:47.032637+05:00,2026-09-03T08:50:54.352971+05:00,2026-09-03T16:05:24.850318+05:00,2026-09-03T16:41:30.159472+05:00
359,359,planned,planned,"Плановый ремонт (ППР): Конвейер К-1 — осмотр, смазка, подтяжка креплений, замена изношенных элементов",1,4,4d9937c4-06fe-581d-bbee-b905cacaf2cc,2,c8297387-4c37-53d3-8120-a214ac80359e,2026-09-03T15:47:55.938357+05:00,4,closed,False,,"Выполнен ППР: Конвейер К-1 — осмотр, смазка узлов, подтяжка креплений",0,2026-09-03T09:02:57.499541+05:00,2026-09-03T09:15:19.448398+05:00,2026-09-03T09:17:49.739969+05:00,2026-09-03T13:30:12.098853+05:00,2026-09-03T13:49:13.167010+05:00
360,360,planned,planned,"Плановый ремонт (ППР): Конвейер К-3 — осмотр, смазка, подтяжка креплений, замена изношенных элементов",1,6,79413058-e2c0-5b03-adfb-a2a01c58f0d5,3,c8297387-4c37-53d3-8120-a214ac80359e,2026-09-03T16:34:07.877876+05:00,4,closed,False,,"Выполнен ППР: Конвейер К-3 — осмотр, смазка узлов, подтяжка креплений",0,2026-09-03T09:17:37.413831+05:00,2026-09-03T09:20:56.031129+05:00,2026-09-03T09:36:11.593808+05:00,2026-09-03T13:39:14.761044+05:00,2026-09-03T14:05:37.046809+05:00
361,361,unplanned,normal,Течь масла из-под уплотнения,2,11,9d7fbeed-09f8-55cd-9cc1-8e28b1c8a47a,3,38634255-032f-5302-be4f-e3bb175128c8,2026-09-04T04:20:15.372002+05:00,2,closed,False,Г-01,"Заменены уплотнения, долито масло, течь устранена",0,2026-09-03T23:12:35.866938+05:00,2026-09-03T23:15:14.922335+05:00,2026-09-03T23:18:09.988058+05:00,2026-09-04T03:15:54.641579+05:00,2026-09-04T04:12:17.916091+05:00
362,362,unplanned,high,Пробой изоляции кабеля питания,4,25,42ef7ac6-1e11-523f-b9a2-a713f308d193,3,38634255-032f-5302-be4f-e3bb175128c8,2026-09-04T05:23:54.149397+05:00,2,closed,False,Э-01,"Заменён участок кабеля, выполнено оконцевание, проверена изоляция",0,2026-09-04T00:16:58.139583+05:00,2026-09-04T00:27:55.829904+05:00,2026-09-04T00:45:10.371755+05:00,2026-09-04T03:31:17.753014+05:00,2026-09-04T04:17:44.390573+05:00
363,363,unplanned,normal,"Вибрация, подшипник греется выше 80 °C",1,5,79413058-e2c0-5b03-adfb-a2a01c58f0d5,3,38634255-032f-5302-be4f-e3bb175128c8,2026-09-04T08:48:54.747396+05:00,3,closed,True,М-02,"Заменён подшипник, узел промыт и смазан, проверено на холостом ходу",0,2026-09-04T03:44:30.530055+05:00,2026-09-04T03:49:03.963114+05:00,2026-09-04T04:05:00.858676+05:00,2026-09-04T08:57:53.185939+05:00,2026-09-04T09:14:17.140005+05:00
364,364,unplanned,high,"Перегрев узла, сухое трение",1,6,4d9937c4-06fe-581d-bbee-b905cacaf2cc,2,38634255-032f-5302-be4f-e3bb175128c8,2026-09-04T09:09:19.523406+05:00,1,closed,False,С-01,"Узлы смазаны, проверен нагрев",0,2026-09-04T05:19:43.808188+05:00,2026-09-04T05:22:58.513691+05:00,2026-09-04T05:36:11.958885+05:00,2026-09-04T06:31:15.157960+05:00,2026-09-04T06:52:19.464755+05:00
365,365,unplanned,normal,Неверные показания температуры,3,17,ee96e203-5cd8-5eb3-be58-94fd2ac2392a,2,38634255-032f-5302-be4f-e3bb175128c8,2026-09-04T10:34:47.172207+05:00,1.5,closed,False,Э-04,"Заменён датчик, выполнена настройка и проверка сигнала",0,2026-09-04T06:06:21.908416+05:00,2026-09-04T06:17:17.419334+05:00,2026-09-04T06:32:59.264168+05:00,2026-09-04T07:34:46.735609+05:00,2026-09-04T07:46:19.199262+05:00
366,366,planned,planned,"Плановый ремонт (ППР): Грохот ГИТ-51 №2 — осмотр, смазка, подтяжка креплений, замена изношенных элементов",2,8,4d9937c4-06fe-581d-bbee-b905cacaf2cc,2,c8297387-4c37-53d3-8120-a214ac80359e,2026-09-04T14:48:29.305704+05:00,4,closed,False,,"Выполнен ППР: Грохот ГИТ-51 №2 — осмотр, смазка узлов, подтяжка креплений",0,2026-09-04T08:31:03.584310+05:00,2026-09-04T08:41:42.818821+05:00,2026-09-04T08:53:31.343499+05:00,2026-09-04T13:24:40.291984+05:00,2026-09-04T14:18:54.482418+05:00
367,367,planned,planned,"Плановый ремонт (ППР): Сушильный барабан СБ-2 — осмотр, смазка, подтяжка креплений, замена изношенных элементов",3,16,30c23f9b-3046-52c7-aa98-4ded8e8f73ec,1,c8297387-4c37-53d3-8120-a214ac80359e,2026-09-04T19:34:49.226166+05:00,6,closed,False,,"Выполнен ППР: Сушильный барабан СБ-2 — осмотр, смазка узлов, подтяжка креплений",0,2026-09-04T09:45:26.069540+05:00,2026-09-04T09:59:38.124747+05:00,2026-09-04T10:11:43.162053+05:00,2026-09-04T14:12:09.018840+05:00,2026-09-04T14:52:33.410565+05:00
368,368,unplanned,emergency,"Течь гидрожидкости, лужа под агрегатом",1,2,9d7fbeed-09f8-55cd-9cc1-8e28b1c8a47a,3,c8297387-4c37-53d3-8120-a214ac80359e,2026-09-04T16:37:19.783335+05:00,2,closed,False,Г-01,"Заменены уплотнения, долито масло, течь устранена",0,2026-09-04T13:46:19.783335+05:00,2026-09-04T13:49:28.234953+05:00,2026-09-04T14:03:00.655136+05:00,2026-09-04T16:08:55.190493+05:00,2026-09-04T16:57:35.212215+05:00
369,369,unplanned,high,"Вибрация, подшипник греется выше 80 °C",1,6,4cd857ba-990a-5264-9b16-d26a06a3e6f4,2,38634255-032f-5302-be4f-e3bb175128c8,2026-09-05T03:15:19.740313+05:00,3,closed,False,М-02,"Заменён подшипник, узел промыт и смазан, проверено на холостом ходу",0,2026-09-04T22:17:34.362514+05:00,2026-09-04T22:26:40.575957+05:00,2026-09-04T22:32:04.667602+05:00,2026-09-05T01:02:02.903143+05:00,2026-09-05T01:55:40.768399+05:00
370,370,unplanned,emergency,"Вибрация, подшипник греется выше 80 °C",1,6,2f23346e-8eed-5645-a1b2-d929d4517246,3,38634255-032f-5302-be4f-e3bb175128c8,2026-09-05T08:30:33.348755+05:00,3,closed,True,М-02,"Заменён подшипник, узел промыт и смазан, проверено на холостом ходу",0,2026-09-05T04:21:33.348755+05:00,2026-09-05T04:25:15.363314+05:00,2026-09-05T04:27:52.579459+05:00,2026-09-05T10:06:16.959367+05:00,2026-09-05T10:58:11.093106+05:00
371,371,unplanned,normal,Узел работает без смазки,2,8,1c4d0efe-d6e1-5774-af33-096424b68a1d,2,38634255-032f-5302-be4f-e3bb175128c8,2026-09-05T08:51:27.877057+05:00,1,closed,False,С-01,"Узлы смазаны, проверен нагрев",1,2026-09-05T05:04:40.610985+05:00,2026-09-05T05:18:27.160226+05:00,2026-09-05T05:30:51.043969+05:00,2026-09-05T07:32:54.538812+05:00,2026-09-05T08:29:06.793170+05:00
372,372,planned,planned,"Плановый ремонт (ППР): Рукавный фильтр РФ-2 — осмотр, смазка, подтяжка креплений, замена изношенных элементов",3,18,75808db3-d714-5bc1-8824-97b2c7c6f097,1,c8297387-4c37-53d3-8120-a214ac80359e,2026-09-05T14:44:13.793684+05:00,3,closed,False,,"Выполнен ППР: Рукавный фильтр РФ-2 — осмотр, смазка узлов, подтяжка креплений",0,2026-09-05T08:22:15.565351+05:00,2026-09-05T08:29:00.832293+05:00,2026-09-05T08:47:38.608949+05:00,2026-09-05T10:52:00.069090+05:00,2026-09-05T11:06:31.974997+05:00
373,373,planned,planned,"Плановый ремонт (ППР): Рукавный фильтр РФ-1 — осмотр, смазка, подтяжка креплений, замена изношенных элементов",3,17,75808db3-d714-5bc1-8824-97b2c7c6f097,1,c8297387-4c37-53d3-8120-a214ac80359e,2026-09-05T13:33:25.674183+05:00,3,closed,False,,"Выполнен ППР: Рукавный фильтр РФ-1 — осмотр, смазка узлов, подтяжка креплений",0,2026-09-05T08:33:39.400382+05:00,2026-09-05T08:40:00.838687+05:00,2026-09-05T08:43:31.314209+05:00,2026-09-05T12:14:53.401813+05:00,2026-09-05T12:33:28.490181+05:00
374,374,planned,planned,"Плановый ремонт (ППР): Токарный станок 1М63 — осмотр, смазка, подтяжка креплений, замена изношенных элементов",4,21,4d9937c4-06fe-581d-bbee-b905cacaf2cc,2,c8297387-4c37-53d3-8120-a214ac80359e,2026-09-05T14:37:28.618400+05:00,3,closed,False,,"Выполнен ППР: Токарный станок 1М63 — осмотр, смазка узлов, подтяжка креплений",0,2026-09-05T08:39:39.945961+05:00,2026-09-05T08:44:18.929504+05:00,2026-09-05T08:52:44.299703+05:00,2026-09-05T12:08:37.071690+05:00,2026-09-05T13:01:57.879189+05:00
375,375,planned,planned,"Плановый ремонт (ППР): Питатель пластинчатый ПП-1 — осмотр, смазка, подтяжка креплений, замена изношенных элементов",1,3,30c23f9b-3046-52c7-aa98-4ded8e8f73ec,1,c8297387-4c37-53d3-8120-a214ac80359e,2026-09-05T14:23:46.794963+05:00,3,closed,False,,"Выполнен ППР: Питатель пластинчатый ПП-1 — осмотр, смазка узлов, подтяжка креплений",0,2026-09-05T09:09:17.448183+05:00,2026-09-05T09:12:52.999555+05:00,2026-09-05T09:30:24.987735+05:00,2026-09-05T12:05:56.057937+05:00,2026-09-05T12:57:01.078979+05:00
376,376,unplanned,high,"Вибрация, подшипник греется выше 80 °C",1,6,75808db3-d714-5bc1-8824-97b2c7c6f097,1,c8297387-4c37-53d3-8120-a214ac80359e,2026-09-05T17:30:33.406145+05:00,3,closed,False,М-02,"Заменён подшипник, узел промыт и смазан, проверено на холостом ходу",0,2026-09-05T11:18:57.644688+05:00,2026-09-05T11:31:23.223147+05:00,2026-09-05T12:09:43.357170+05:00,2026-09-05T14:47:08.802897+05:00,2026-09-05T15:31:43.574138+05:00
377,377,planned,planned,"Плановый ремонт (ППР): Сепаратор пневматический СП-1 — осмотр, смазка, подтяжка креплений, замена изношенных элементов",2,12,30c23f9b-3046-52c7-aa98-4ded8e8f73ec,1,c8297387-4c37-53d3-8120-a214ac80359e,2026-09-06T13:21:01.049774+05:00,3,closed,False,,"Выполнен ППР: Сепаратор пневматический СП-1 — осмотр, смазка узлов, подтяжка креплений",0,2026-09-06T08:03:05.689707+05:00,2026-09-06T08:14:37.864943+05:00,2026-09-06T08:25:22.474748+05:00,2026-09-06T10:34:43.315400+05:00,2026-09-06T10:50:49.706806+05:00
378,378,planned,planned,"Плановый ремонт (ППР): Грохот ГИТ-51 №1 — осмотр, смазка, подтяжка креплений, замена изношенных элементов",1,7,79413058-e2c0-5b03-adfb-a2a01c58f0d5,3,c8297387-4c37-53d3-8120-a214ac80359e,2026-09-06T15:19:09.681362+05:00,4,closed,True,,"Выполнен ППР: Грохот ГИТ-51 №1 — осмотр, смазка узлов, подтяжка креплений",0,2026-09-06T08:31:12.795726+05:00,2026-09-06T08:45:33.594495+05:00,2026-09-06T09:01:57.354548+05:00,2026-09-06T17:05:53.946827+05:00,2026-09-06T17:46:09.304585+05:00
379,379,unplanned,high,Залипание контактов контактора,4,23,afebbbfd-2a78-5649-81b2-ad4f458ca374,2,c8297387-4c37-53d3-8120-a214ac80359e,2026-09-06T12:48:10.942679+05:00,1.5,closed,False,Э-05,"Заменён пускатель/контактор, проверена схема управления",0,2026-09-06T08:38:46.573563+05:00,2026-09-06T08:53:04.290256+05:00,2026-09-06T09:28:08.935995+05:00,2026-09-06T10:57:14.126533+05:00,2026-09-06T11:29:48.465016+05:00
380,380,planned,planned,"Плановый ремонт (ППР): Компрессор ВК-20 — осмотр, смазка, подтяжка креплений, замена изношенных элементов",3,20,4d9937c4-06fe-581d-bbee-b905cacaf2cc,2,c8297387-4c37-53d3-8120-a214ac80359e,2026-09-06T13:23:25.007742+05:00,2,closed,False,,"Выполнен ППР: Компрессор ВК-20 — осмотр, смазка узлов, подтяжка креплений",0,2026-09-06T08:55:31.222885+05:00,2026-09-06T09:09:57.971839+05:00,2026-09-06T09:19:41.392912+05:00,2026-09-06T10:46:24.082028+05:00,2026-09-06T11:31:31.941101+05:00
381,381,planned,planned,"Плановый ремонт (ППР): Конвейер К-2 — осмотр, смазка, подтяжка креплений, замена изношенных элементов",1,5,30c23f9b-3046-52c7-aa98-4ded8e8f73ec,1,c8297387-4c37-53d3-8120-a214ac80359e,2026-09-06T15:39:17.955222+05:00,4,closed,False,,"Выполнен ППР: Конвейер К-2 — осмотр, смазка узлов, подтяжка креплений",0,2026-09-06T08:56:24.290321+05:00,2026-09-06T09:08:02.576956+05:00,2026-09-06T09:19:42.262561+05:00,2026-09-06T13:21:57.547939+05:00,2026-09-06T14:04:01.400628+05:00
382,382,planned,planned,"Плановый ремонт (ППР): Компрессор ВК-10 — осмотр, смазка, подтяжка креплений, замена изношенных элементов",4,24,30c23f9b-3046-52c7-aa98-4ded8e8f73ec,1,c8297387-4c37-53d3-8120-a214ac80359e,2026-09-06T14:33:25.253733+05:00,2,closed,False,,"Выполнен ППР: Компрессор ВК-10 — осмотр, смазка узлов, подтяжка креплений",0,2026-09-06T09:40:44.783691+05:00,2026-09-06T09:51:57.257657+05:00,2026-09-06T10:05:33.088866+05:00,2026-09-06T12:23:24.761935+05:00,2026-09-06T13:06:15.790201+05:00
383,383,planned,planned,"Плановый ремонт (ППР): Насос ГрАТ-450 №1 — осмотр, смазка, подтяжка креплений, замена изношенных элементов",2,9,79413058-e2c0-5b03-adfb-a2a01c58f0d5,3,c8297387-4c37-53d3-8120-a214ac80359e,2026-09-07T15:29:17.741323+05:00,4,closed,False,,"Выполнен ППР: Насос ГрАТ-450 №1 — осмотр, смазка узлов, подтяжка креплений",0,2026-09-07T09:05:35.451862+05:00,2026-09-07T09:11:17.664318+05:00,2026-09-07T09:19:19.501089+05:00,2026-09-07T12:55:00.494372+05:00,2026-09-07T13:33:40.020755+05:00
384,384,planned,planned,"Плановый ремонт (ППР): Конвейер К-7 — осмотр, смазка, подтяжка креплений, замена изношенных элементов",2,13,79413058-e2c0-5b03-adfb-a2a01c58f0d5,3,c8297387-4c37-53d3-8120-a214ac80359e,2026-09-07T17:27:44.211369+05:00,4,closed,False,,"Выполнен ППР: Конвейер К-7 — осмотр, смазка узлов, подтяжка креплений",0,2026-09-07T09:25:18.355290+05:00,2026-09-07T09:32:18.890819+05:00,2026-09-07T09:50:46.800942+05:00,2026-09-07T14:57:03.215109+05:00,2026-09-07T15:45:21.730714+05:00
385,385,planned,planned,"Плановый ремонт (ППР): Гидропресс П-6326 — осмотр, смазка, подтяжка креплений, замена изношенных элементов",4,23,2f23346e-8eed-5645-a1b2-d929d4517246,3,c8297387-4c37-53d3-8120-a214ac80359e,2026-09-07T14:52:32.052733+05:00,3,closed,False,,"Выполнен ППР: Гидропресс П-6326 — осмотр, смазка узлов, подтяжка креплений",0,2026-09-07T09:26:04.320674+05:00,2026-09-07T09:31:16.747116+05:00,2026-09-07T09:47:03.926760+05:00,2026-09-07T11:26:39.675318+05:00,2026-09-07T12:13:59.379318+05:00
386,386,planned,planned,"Плановый ремонт (ППР): Дробилка КМД-1750 — осмотр, смазка, подтяжка креплений, замена изношенных элементов",1,1,75808db3-d714-5bc1-8824-97b2c7c6f097,1,c8297387-4c37-53d3-8120-a214ac80359e,2026-09-07T22:39:12.255718+05:00,8,closed,False,,"Выполнен ППР: Дробилка КМД-1750 — осмотр, смазка узлов, подтяжка креплений",0,2026-09-07T09:41:05.292481+05:00,2026-09-07T09:46:11.568164+05:00,2026-09-07T10:02:33.325073+05:00,2026-09-07T17:21:54.273914+05:00,2026-09-07T18:22:48.243999+05:00
387,387,planned,planned,"Плановый ремонт (ППР): Насос ГрАТ-450 №2 — осмотр, смазка, подтяжка креплений, замена изношенных элементов",2,10,1c4d0efe-d6e1-5774-af33-096424b68a1d,2,c8297387-4c37-53d3-8120-a214ac80359e,2026-09-07T16:18:23.220825+05:00,4,closed,True,,"Выполнен ППР: Насос ГрАТ-450 №2 — осмотр, смазка узлов, подтяжка креплений",1,2026-09-07T09:53:59.536045+05:00,2026-09-07T09:58:44.344771+05:00,2026-09-07T10:05:49.072311+05:00,2026-09-07T19:16:08.510138+05:00,2026-09-07T19:31:45.473708+05:00
388,388,unplanned,normal,Шум и нагрев подшипникового узла привода,2,9,75808db3-d714-5bc1-8824-97b2c7c6f097,1,38634255-032f-5302-be4f-e3bb175128c8,2026-09-08T13:02:18.915308+05:00,3,closed,False,М-02,"Заменён подшипник, узел промыт и смазан, проверено на холостом ходу",0,2026-09-08T07:39:19.305621+05:00,2026-09-08T07:54:06.879941+05:00,2026-09-08T08:03:03.573509+05:00,2026-09-08T10:59:57.854216+05:00,2026-09-08T11:54:35.814701+05:00
389,389,unplanned,high,"Вибрация, подшипник греется выше 80 °C",2,9,30c23f9b-3046-52c7-aa98-4ded8e8f73ec,1,c8297387-4c37-53d3-8120-a214ac80359e,2026-09-08T14:21:49.411221+05:00,3,closed,False,М-02,"Заменён подшипник, узел промыт и смазан, проверено на холостом ходу",0,2026-09-08T08:35:54.475313+05:00,2026-09-08T08:48:40.857433+05:00,2026-09-08T10:09:07.274891+05:00,2026-09-08T12:22:27.310811+05:00,2026-09-08T13:05:21.619409+05:00
390,390,unplanned,emergency,Шум и нагрев подшипникового узла привода,1,6,30c23f9b-3046-52c7-aa98-4ded8e8f73ec,1,c8297387-4c37-53d3-8120-a214ac80359e,2026-09-08T13:03:04.984799+05:00,3,closed,False,М-02,"Заменён подшипник, узел промыт и смазан, проверено на холостом ходу",0,2026-09-08T08:54:04.984799+05:00,2026-09-08T08:57:57.607815+05:00,2026-09-08T09:02:59.573892+05:00,2026-09-08T12:09:44.182967+05:00,2026-09-08T12:52:42.090497+05:00
391,391,planned,planned,"Плановый ремонт (ППР): Вентилятор ВМ-12 — осмотр, смазка, подтяжка креплений, замена изношенных элементов",2,14,75808db3-d714-5bc1-8824-97b2c7c6f097,1,c8297387-4c37-53d3-8120-a214ac80359e,2026-09-08T15:25:37.537584+05:00,3,closed,False,,"Выполнен ППР: Вентилятор ВМ-12 — осмотр, смазка узлов, подтяжка креплений",0,2026-09-08T09:03:35.543186+05:00,2026-09-08T09:11:26.771439+05:00,2026-09-08T09:24:00.206425+05:00,2026-09-08T11:14:37.717521+05:00,2026-09-08T12:11:18.323197+05:00
392,392,planned,planned,"Плановый ремонт (ППР): Насос ГрАТ-450 №3 — осмотр, смазка, подтяжка креплений, замена изношенных элементов",2,11,30c23f9b-3046-52c7-aa98-4ded8e8f73ec,1,c8297387-4c37-53d3-8120-a214ac80359e,2026-09-08T17:17:41.628019+05:00,4,closed,False,,"Выполнен ППР: Насос ГрАТ-450 №3 — осмотр, смазка узлов, подтяжка креплений",0,2026-09-08T09:10:19.410162+05:00,2026-09-08T09:18:03.744168+05:00,2026-09-08T09:21:51.069512+05:00,2026-09-08T16:16:17.170694+05:00,2026-09-08T16:37:10.437735+05:00
393,393,planned,planned,"Плановый ремонт (ППР): Сушильный барабан СБ-1 — осмотр, смазка, подтяжка креплений, замена изношенных элементов",3,15,79413058-e2c0-5b03-adfb-a2a01c58f0d5,3,c8297387-4c37-53d3-8120-a214ac80359e,2026-09-08T19:37:17.015242+05:00,6,closed,False,,"Выполнен ППР: Сушильный барабан СБ-1 — осмотр, смазка узлов, подтяжка креплений",0,2026-09-08T09:59:54.552100+05:00,2026-09-08T10:06:14.510334+05:00,2026-09-08T10:09:37.608931+05:00,2026-09-08T17:54:11.487977+05:00,2026-09-08T18:54:45.735982+05:00
394,394,unplanned,high,"Перегрев узла, сухое трение",2,8,79413058-e2c0-5b03-adfb-a2a01c58f0d5,3,38634255-032f-5302-be4f-e3bb175128c8,2026-09-09T04:33:06.360391+05:00,1,closed,False,С-01,"Узлы смазаны, проверен нагрев",0,2026-09-09T01:18:56.493593+05:00,2026-09-09T01:32:09.176414+05:00,2026-09-09T01:42:04.237677+05:00,2026-09-09T02:34:22.934739+05:00,2026-09-09T03:37:09.695154+05:00
395,395,planned,planned,"Плановый ремонт (ППР): Дымосос ДН-15 — осмотр, смазка, подтяжка креплений, замена изношенных элементов",3,19,75808db3-d714-5bc1-8824-97b2c7c6f097,1,c8297387-4c37-53d3-8120-a214ac80359e,2026-09-09T14:31:56.976735+05:00,3,closed,False,,"Выполнен ППР: Дымосос ДН-15 — осмотр, смазка узлов, подтяжка креплений",0,2026-09-09T08:28:13.622733+05:00,2026-09-09T08:41:49.294697+05:00,2026-09-09T08:46:47.329668+05:00,2026-09-09T11:16:11.536337+05:00,2026-09-09T11:36:18.092364+05:00
396,396,planned,planned,"Плановый ремонт (ППР): Сварочный пост СП-2 — осмотр, смазка, подтяжка креплений, замена изношенных элементов",4,25,30c23f9b-3046-52c7-aa98-4ded8e8f73ec,1,c8297387-4c37-53d3-8120-a214ac80359e,2026-09-09T14:10:22.071908+05:00,3,closed,False,,"Выполнен ППР: Сварочный пост СП-2 — осмотр, смазка узлов, подтяжка креплений",0,2026-09-09T09:01:02.065826+05:00,2026-09-09T09:10:57.679752+05:00,2026-09-09T09:21:25.659404+05:00,2026-09-09T11:25:14.091439+05:00,2026-09-09T12:08:34.383920+05:00
397,397,unplanned,emergency,Шум и нагрев подшипникового узла привода,1,6,4d9937c4-06fe-581d-bbee-b905cacaf2cc,2,c8297387-4c37-53d3-8120-a214ac80359e,2026-09-09T19:34:39.647240+05:00,3,closed,False,М-02,"Заменён подшипник, узел промыт и смазан, проверено на холостом ходу",0,2026-09-09T15:25:39.647240+05:00,2026-09-09T15:26:46.673172+05:00,2026-09-09T15:39:56.934829+05:00,2026-09-09T18:41:43.825374+05:00,2026-09-09T19:17:21.244892+05:00
398,398,planned,planned,"Плановый ремонт (ППР): Кран мостовой 10 т — осмотр, смазка, подтяжка креплений, замена изношенных элементов",4,22,4d9937c4-06fe-581d-bbee-b905cacaf2cc,2,c8297387-4c37-53d3-8120-a214ac80359e,2026-09-10T14:12:02.820671+05:00,3,closed,False,,"Выполнен ППР: Кран мостовой 10 т — осмотр, смазка узлов, подтяжка креплений",0,2026-09-10T08:15:04.910080+05:00,2026-09-10T08:40:47.798975+05:00,2026-09-10T08:44:18.536124+05:00,2026-09-10T10:42:55.138976+05:00,2026-09-10T11:07:53.407029+05:00
399,399,planned,planned,"Плановый ремонт (ППР): Дробилка ККД-1500 — осмотр, смазка, подтяжка креплений, замена изношенных элементов",1,2,1c4d0efe-d6e1-5774-af33-096424b68a1d,2,c8297387-4c37-53d3-8120-a214ac80359e,2026-09-10T20:47:19.943403+05:00,8,closed,False,,"Выполнен ППР: Дробилка ККД-1500 — осмотр, смазка узлов, подтяжка креплений",0,2026-09-10T08:30:10.894347+05:00,2026-09-10T08:35:46.001919+05:00,2026-09-10T08:55:30.961472+05:00,2026-09-10T17:10:16.117166+05:00,2026-09-10T17:57:31.927897+05:00
400,400,planned,planned,"Плановый ремонт (ППР): Конвейер К-3 — осмотр, смазка, подтяжка креплений, замена изношенных элементов",1,6,2f23346e-8eed-5645-a1b2-d929d4517246,3,c8297387-4c37-53d3-8120-a214ac80359e,2026-09-10T16:46:25.926901+05:00,4,closed,False,,"Выполнен ППР: Конвейер К-3 — осмотр, смазка узлов, подтяжка креплений",0,2026-09-10T09:23:47.929624+05:00,2026-09-10T09:33:01.224463+05:00,2026-09-10T09:41:09.824576+05:00,2026-09-10T14:34:57.713704+05:00,2026-09-10T15:33:16.427206+05:00
401,401,planned,planned,"Плановый ремонт (ППР): Конвейер К-1 — осмотр, смазка, подтяжка креплений, замена изношенных элементов",1,4,30c23f9b-3046-52c7-aa98-4ded8e8f73ec,1,c8297387-4c37-53d3-8120-a214ac80359e,2026-09-10T17:25:37.027529+05:00,4,closed,False,,"Выполнен ППР: Конвейер К-1 — осмотр, смазка узлов, подтяжка креплений",0,2026-09-10T09:41:20.239503+05:00,2026-09-10T09:52:57.611285+05:00,2026-09-10T10:01:49.872101+05:00,2026-09-10T13:25:40.203071+05:00,2026-09-10T13:51:04.344316+05:00
402,402,unplanned,emergency,"Вибрация, подшипник греется выше 80 °C",1,6,4d9937c4-06fe-581d-bbee-b905cacaf2cc,2,c8297387-4c37-53d3-8120-a214ac80359e,2026-09-10T22:54:24.655743+05:00,3,closed,False,М-02,"Заменён подшипник, узел промыт и смазан, проверено на холостом ходу",0,2026-09-10T18:45:24.655743+05:00,2026-09-10T18:49:00.169899+05:00,2026-09-10T18:58:29.646496+05:00,2026-09-10T21:49:33.037676+05:00,2026-09-10T22:02:08.549536+05:00
403,403,unplanned,high,Шум и нагрев подшипникового узла привода,1,6,75808db3-d714-5bc1-8824-97b2c7c6f097,1,c8297387-4c37-53d3-8120-a214ac80359e,2026-09-11T01:33:43.737152+05:00,3,closed,False,М-02,"Заменён подшипник, узел промыт и смазан, проверено на холостом ходу",0,2026-09-10T19:19:47.201683+05:00,2026-09-10T19:32:51.691608+05:00,2026-09-10T19:50:40.915910+05:00,2026-09-10T21:34:12.024589+05:00,2026-09-10T22:01:13.225429+05:00
404,404,unplanned,normal,Течь масла из-под уплотнения,2,11,48146e97-4033-5976-9433-13e5009595cb,1,38634255-032f-5302-be4f-e3bb175128c8,2026-09-11T10:57:33.801011+05:00,2,closed,False,Г-01,"Заменены уплотнения, долито масло, течь устранена",0,2026-09-11T05:27:07.710326+05:00,2026-09-11T05:35:16.014844+05:00,2026-09-11T05:37:34.378447+05:00,2026-09-11T07:11:29.966957+05:00,2026-09-11T07:43:35.890573+05:00
405,405,planned,planned,"Плановый ремонт (ППР): Сушильный барабан СБ-2 — осмотр, смазка, подтяжка креплений, замена изношенных элементов",3,16,79413058-e2c0-5b03-adfb-a2a01c58f0d5,3,c8297387-4c37-53d3-8120-a214ac80359e,2026-09-11T20:00:33.260470+05:00,6,closed,False,,"Выполнен ППР: Сушильный барабан СБ-2 — осмотр, смазка узлов, подтяжка креплений",0,2026-09-11T09:17:28.890298+05:00,2026-09-11T09:31:38.418754+05:00,2026-09-11T09:47:48.308913+05:00,2026-09-11T17:55:08.805528+05:00,2026-09-11T18:29:21.555557+05:00
406,406,planned,planned,"Плановый ремонт (ППР): Грохот ГИТ-51 №2 — осмотр, смазка, подтяжка креплений, замена изношенных элементов",2,8,30c23f9b-3046-52c7-aa98-4ded8e8f73ec,1,c8297387-4c37-53d3-8120-a214ac80359e,2026-09-11T16:33:10.265132+05:00,4,closed,True,,"Выполнен ППР: Грохот ГИТ-51 №2 — осмотр, смазка узлов, подтяжка креплений",0,2026-09-11T09:50:38.188253+05:00,2026-09-11T09:57:51.608907+05:00,2026-09-11T10:04:21.532061+05:00,2026-09-11T18:25:26.078990+05:00,2026-09-11T18:46:48.344774+05:00
407,407,unplanned,emergency,Шум и нагрев подшипникового узла привода,1,6,75808db3-d714-5bc1-8824-97b2c7c6f097,1,c8297387-4c37-53d3-8120-a214ac80359e,2026-09-11T19:05:38.984705+05:00,3,closed,False,М-02,"Заменён подшипник, узел промыт и смазан, проверено на холостом ходу",0,2026-09-11T14:56:38.984705+05:00,2026-09-11T14:57:45.069420+05:00,2026-09-11T15:10:03.670762+05:00,2026-09-11T17:55:50.628757+05:00,2026-09-11T18:23:35.196995+05:00
408,408,unplanned,emergency,Шум и нагрев подшипникового узла привода,1,6,2f23346e-8eed-5645-a1b2-d929d4517246,3,38634255-032f-5302-be4f-e3bb175128c8,2026-09-12T01:30:35.681091+05:00,3,closed,False,М-02,"Заменён подшипник, узел промыт и смазан, проверено на холостом ходу",0,2026-09-11T21:21:35.681091+05:00,2026-09-11T21:25:22.301523+05:00,2026-09-11T21:33:59.239735+05:00,2026-09-11T23:47:24.786331+05:00,2026-09-12T00:05:37.911116+05:00
409,409,planned,planned,"Плановый ремонт (ППР): Питатель пластинчатый ПП-1 — осмотр, смазка, подтяжка креплений, замена изношенных элементов",1,3,2f23346e-8eed-5645-a1b2-d929d4517246,3,c8297387-4c37-53d3-8120-a214ac80359e,2026-09-12T14:34:43.682245+05:00,3,closed,False,,"Выполнен ППР: Питатель пластинчатый ПП-1 — осмотр, смазка узлов, подтяжка креплений",0,2026-09-12T08:02:58.122971+05:00,2026-09-12T08:05:49.964005+05:00,2026-09-12T08:15:14.237453+05:00,2026-09-12T13:32:40.621963+05:00,2026-09-12T13:50:11.917315+05:00
410,410,planned,planned,"Плановый ремонт (ППР): Рукавный фильтр РФ-2 — осмотр, смазка, подтяжка креплений, замена изношенных элементов",3,18,4cd857ba-990a-5264-9b16-d26a06a3e6f4,2,c8297387-4c37-53d3-8120-a214ac80359e,2026-09-12T14:42:56.504987+05:00,3,closed,False,,"Выполнен ППР: Рукавный фильтр РФ-2 — осмотр, смазка узлов, подтяжка креплений",0,2026-09-12T09:15:36.623049+05:00,2026-09-12T09:26:33.744203+05:00,2026-09-12T09:39:33.590798+05:00,2026-09-12T12:31:15.050339+05:00,2026-09-12T12:51:01.807382+05:00
411,411,planned,planned,"Плановый ремонт (ППР): Токарный станок 1М63 — осмотр, смазка, подтяжка креплений, замена изношенных элементов",4,21,1c4d0efe-d6e1-5774-af33-096424b68a1d,2,c8297387-4c37-53d3-8120-a214ac80359e,2026-09-12T14:22:04.134946+05:00,3,closed,True,,"Выполнен ППР: Токарный станок 1М63 — осмотр, смазка узлов, подтяжка креплений",0,2026-09-12T09:27:15.311828+05:00,2026-09-12T09:44:30.490568+05:00,2026-09-12T09:59:14.807404+05:00,2026-09-12T15:07:46.518316+05:00,2026-09-12T16:07:16.042049+05:00
412,412,planned,planned,"Плановый ремонт (ППР): Рукавный фильтр РФ-1 — осмотр, смазка, подтяжка креплений, замена изношенных элементов",3,17,30c23f9b-3046-52c7-aa98-4ded8e8f73ec,1,c8297387-4c37-53d3-8120-a214ac80359e,2026-09-12T16:06:26.649634+05:00,3,closed,False,,"Выполнен ППР: Рукавный фильтр РФ-1 — осмотр, смазка узлов, подтяжка креплений",0,2026-09-12T09:30:08.972932+05:00,2026-09-12T09:37:45.278596+05:00,2026-09-12T09:45:48.235700+05:00,2026-09-12T12:03:32.422429+05:00,2026-09-12T12:50:41.302464+05:00
413,413,unplanned,emergency,Шум и нагрев подшипникового узла привода,1,7,75808db3-d714-5bc1-8824-97b2c7c6f097,1,c8297387-4c37-53d3-8120-a214ac80359e,2026-09-12T19:51:48.767039+05:00,3,closed,True,М-02,"Заменён подшипник, узел промыт и смазан, проверено на холостом ходу",0,2026-09-12T15:42:48.767039+05:00,2026-09-12T15:44:24.963242+05:00,2026-09-12T15:51:08.206693+05:00,2026-09-12T19:57:35.032174+05:00,2026-09-12T20:51:21.412514+05:00
414,414,unplanned,emergency,"Перегрев узла, сухое трение",1,2,30c23f9b-3046-52c7-aa98-4ded8e8f73ec,1,c8297387-4c37-53d3-8120-a214ac80359e,2026-09-12T18:00:31.502201+05:00,1,closed,False,С-01,"Узлы смазаны, проверен нагрев",0,2026-09-12T16:27:31.502201+05:00,2026-09-12T16:30:29.387276+05:00,2026-09-12T16:50:06.897918+05:00,2026-09-12T17:39:47.448320+05:00,2026-09-12T17:55:22.607884+05:00
415,415,planned,planned,"Плановый ремонт (ППР): Конвейер К-2 — осмотр, смазка, подтяжка креплений, замена изношенных элементов",1,5,4cd857ba-990a-5264-9b16-d26a06a3e6f4,2,c8297387-4c37-53d3-8120-a214ac80359e,2026-09-13T16:51:59.576895+05:00,4,closed,False,,"Выполнен ППР: Конвейер К-2 — осмотр, смазка узлов, подтяжка креплений",0,2026-09-13T08:57:51.214425+05:00,2026-09-13T09:02:05.002502+05:00,2026-09-13T09:10:40.070783+05:00,2026-09-13T13:16:09.434543+05:00,2026-09-13T13:51:38.151741+05:00
416,416,planned,planned,"Плановый ремонт (ППР): Грохот ГИТ-51 №1 — осмотр, смазка, подтяжка креплений, замена изношенных элементов",1,7,4cd857ba-990a-5264-9b16-d26a06a3e6f4,2,c8297387-4c37-53d3-8120-a214ac80359e,2026-09-13T16:13:25.321491+05:00,4,closed,False,,"Выполнен ППР: Грохот ГИТ-51 №1 — осмотр, смазка узлов, подтяжка креплений",0,2026-09-13T08:58:16.097792+05:00,2026-09-13T09:09:51.760091+05:00,2026-09-13T09:15:06.699122+05:00,2026-09-13T13:25:06.336108+05:00,2026-09-13T13:37:17.630086+05:00
417,417,planned,planned,"Плановый ремонт (ППР): Сепаратор пневматический СП-1 — осмотр, смазка, подтяжка креплений, замена изношенных элементов",2,12,30c23f9b-3046-52c7-aa98-4ded8e8f73ec,1,c8297387-4c37-53d3-8120-a214ac80359e,2026-09-13T15:52:42.130112+05:00,3,closed,False,,"Выполнен ППР: Сепаратор пневматический СП-1 — осмотр, смазка узлов, подтяжка креплений",0,2026-09-13T09:01:14.792458+05:00,2026-09-13T09:14:21.512193+05:00,2026-09-13T09:23:52.664779+05:00,2026-09-13T12:29:56.837932+05:00,2026-09-13T13:01:03.884911+05:00
418,418,planned,planned,"Плановый ремонт (ППР): Компрессор ВК-10 — осмотр, смазка, подтяжка креплений, замена изношенных элементов",4,24,75808db3-d714-5bc1-8824-97b2c7c6f097,1,c8297387-4c37-53d3-8120-a214ac80359e,2026-09-13T12:56:57.037156+05:00,2,closed,False,,"Выполнен ППР: Компрессор ВК-10 — осмотр, смазка узлов, подтяжка креплений",0,2026-09-13T09:06:21.471225+05:00,2026-09-13T09:10:29.417735+05:00,2026-09-13T09:14:11.071642+05:00,2026-09-13T11:50:20.932137+05:00,2026-09-13T12:27:49.096036+05:00
419,419,planned,planned,"Плановый ремонт (ППР): Компрессор ВК-20 — осмотр, смазка, подтяжка креплений, замена изношенных элементов",3,20,75808db3-d714-5bc1-8824-97b2c7c6f097,1,c8297387-4c37-53d3-8120-a214ac80359e,2026-09-13T13:49:54.509612+05:00,2,closed,False,,"Выполнен ППР: Компрессор ВК-20 — осмотр, смазка узлов, подтяжка креплений",0,2026-09-13T09:57:29.607236+05:00,2026-09-13T10:06:51.381103+05:00,2026-09-13T10:19:51.835435+05:00,2026-09-13T12:16:41.663396+05:00,2026-09-13T13:06:39.425766+05:00
420,420,unplanned,normal,"Перегрев узла, сухое трение",1,2,4cd857ba-990a-5264-9b16-d26a06a3e6f4,2,c8297387-4c37-53d3-8120-a214ac80359e,2026-09-13T15:23:44.291239+05:00,1,closed,False,С-01,"Узлы смазаны, проверен нагрев",0,2026-09-13T12:53:19.413433+05:00,2026-09-13T13:06:40.875590+05:00,2026-09-13T13:24:14.093477+05:00,2026-09-13T15:04:30.197617+05:00,2026-09-13T15:17:06.366718+05:00
421,421,unplanned,high,"Течь гидрожидкости, лужа под агрегатом",2,11,9d7fbeed-09f8-55cd-9cc1-8e28b1c8a47a,3,38634255-032f-5302-be4f-e3bb175128c8,2026-09-14T05:19:17.930641+05:00,2,closed,False,Г-01,"Заменены уплотнения, долито масло, течь устранена",0,2026-09-13T23:48:29.030623+05:00,2026-09-13T23:51:53.518541+05:00,2026-09-14T00:00:15.510586+05:00,2026-09-14T02:16:19.725654+05:00,2026-09-14T03:13:50.416284+05:00
422,422,planned,planned,"Плановый ремонт (ППР): Насос ГрАТ-450 №2 — осмотр, смазка, подтяжка креплений, замена изношенных элементов",2,10,79413058-e2c0-5b03-adfb-a2a01c58f0d5,3,c8297387-4c37-53d3-8120-a214ac80359e,2026-09-14T15:44:32.457431+05:00,4,closed,False,,"Выполнен ППР: Насос ГрАТ-450 №2 — осмотр, смазка узлов, подтяжка креплений",0,2026-09-14T08:59:02.320205+05:00,2026-09-14T09:08:27.153842+05:00,2026-09-14T09:17:13.274470+05:00,2026-09-14T11:43:03.568040+05:00,2026-09-14T12:26:14.239350+05:00
423,423,planned,planned,"Плановый ремонт (ППР): Гидропресс П-6326 — осмотр, смазка, подтяжка креплений, замена изношенных элементов",4,23,2f23346e-8eed-5645-a1b2-d929d4517246,3,c8297387-4c37-53d3-8120-a214ac80359e,2026-09-14T15:05:51.255167+05:00,3,closed,False,,"Выполнен ППР: Гидропресс П-6326 — осмотр, смазка узлов, подтяжка креплений",0,2026-09-14T09:04:57.581417+05:00,2026-09-14T09:28:25.962997+05:00,2026-09-14T09:39:00.932113+05:00,2026-09-14T12:02:30.148362+05:00,2026-09-14T12:20:51.566782+05:00
424,424,planned,planned,"Плановый ремонт (ППР): Конвейер К-7 — осмотр, смазка, подтяжка креплений, замена изношенных элементов",2,13,1c4d0efe-d6e1-5774-af33-096424b68a1d,2,c8297387-4c37-53d3-8120-a214ac80359e,2026-09-14T16:20:44.162003+05:00,4,closed,False,,"Выполнен ППР: Конвейер К-7 — осмотр, смазка узлов, подтяжка креплений",1,2026-09-14T09:05:40.948484+05:00,2026-09-14T09:18:39.737729+05:00,2026-09-14T09:21:36.152115+05:00,2026-09-14T13:45:56.339177+05:00,2026-09-14T14:01:57.051128+05:00
425,425,planned,planned,"Плановый ремонт (ППР): Дробилка КМД-1750 — осмотр, смазка, подтяжка креплений, замена изношенных элементов",1,1,1c4d0efe-d6e1-5774-af33-096424b68a1d,2,c8297387-4c37-53d3-8120-a214ac80359e,2026-09-14T21:22:24.916548+05:00,8,closed,True,,"Выполнен ППР: Дробилка КМД-1750 — осмотр, смазка узлов, подтяжка креплений",1,2026-09-14T09:33:11.322600+05:00,2026-09-14T09:37:19.301530+05:00,2026-09-14T09:54:08.023725+05:00,2026-09-14T21:48:06.564036+05:00,2026-09-14T22:24:04.950487+05:00
426,426,planned,planned,"Плановый ремонт (ППР): Насос ГрАТ-450 №1 — осмотр, смазка, подтяжка креплений, замена изношенных элементов",2,9,1c4d0efe-d6e1-5774-af33-096424b68a1d,2,c8297387-4c37-53d3-8120-a214ac80359e,2026-09-14T17:05:38.450312+05:00,4,closed,False,,"Выполнен ППР: Насос ГрАТ-450 №1 — осмотр, смазка узлов, подтяжка креплений",0,2026-09-14T09:40:21.756653+05:00,2026-09-14T09:43:51.108454+05:00,2026-09-14T09:59:08.030916+05:00,2026-09-14T14:38:35.592047+05:00,2026-09-14T15:23:48.801005+05:00
427,427,unplanned,normal,Растяжение приводной цепи,4,22,79413058-e2c0-5b03-adfb-a2a01c58f0d5,3,38634255-032f-5302-be4f-e3bb175128c8,2026-09-15T08:25:32.886265+05:00,3,closed,False,М-04,"Заменены цепь и звёздочка, выполнено натяжение",1,2026-09-15T01:32:21.036780+05:00,2026-09-15T01:45:00.386927+05:00,2026-09-15T02:00:11.848739+05:00,2026-09-15T06:36:32.248948+05:00,2026-09-15T06:57:59.990788+05:00
428,428,unplanned,emergency,Выбивает автомат при пуске,2,9,524bebbe-f703-5521-8e9d-5a3e54fbbf10,1,38634255-032f-5302-be4f-e3bb175128c8,2026-09-15T05:46:46.981000+05:00,1,closed,False,Э-03,"Заменён автомат, проверена нагрузка, защита отрегулирована",0,2026-09-15T04:13:46.981000+05:00,2026-09-15T04:17:22.940052+05:00,2026-09-15T04:25:01.908332+05:00,2026-09-15T05:29:53.077019+05:00,2026-09-15T05:59:34.338616+05:00
429,429,planned,planned,"Плановый ремонт (ППР): Насос ГрАТ-450 №3 — осмотр, смазка, подтяжка креплений, замена изношенных элементов",2,11,79413058-e2c0-5b03-adfb-a2a01c58f0d5,3,c8297387-4c37-53d3-8120-a214ac80359e,2026-09-15T16:22:00.975910+05:00,4,closed,True,,"Выполнен ППР: Насос ГрАТ-450 №3 — осмотр, смазка узлов, подтяжка креплений",0,2026-09-15T09:00:55.453621+05:00,2026-09-15T09:08:52.113115+05:00,2026-09-15T09:18:52.620500+05:00,2026-09-15T16:42:07.161934+05:00,2026-09-15T17:27:51.888120+05:00
430,430,planned,planned,"Плановый ремонт (ППР): Вентилятор ВМ-12 — осмотр, смазка, подтяжка креплений, замена изношенных элементов",2,14,79413058-e2c0-5b03-adfb-a2a01c58f0d5,3,c8297387-4c37-53d3-8120-a214ac80359e,2026-09-15T16:16:21.163554+05:00,3,closed,False,,"Выполнен ППР: Вентилятор ВМ-12 — осмотр, смазка узлов, подтяжка креплений",0,2026-09-15T09:34:14.944443+05:00,2026-09-15T09:47:56.992546+05:00,2026-09-15T10:00:06.877809+05:00,2026-09-15T15:27:18.805594+05:00,2026-09-15T16:00:46.437579+05:00
431,431,planned,planned,"Плановый ремонт (ППР): Сушильный барабан СБ-1 — осмотр, смазка, подтяжка креплений, замена изношенных элементов",3,15,79413058-e2c0-5b03-adfb-a2a01c58f0d5,3,c8297387-4c37-53d3-8120-a214ac80359e,2026-09-15T19:46:02.448889+05:00,6,closed,False,,"Выполнен ППР: Сушильный барабан СБ-1 — осмотр, смазка узлов, подтяжка креплений",0,2026-09-15T09:37:47.956822+05:00,2026-09-15T09:40:29.099980+05:00,2026-09-15T09:57:42.892387+05:00,2026-09-15T16:16:15.409521+05:00,2026-09-15T16:54:27.861046+05:00
432,432,unplanned,normal,Компрессор не набирает давление,3,20,2f23346e-8eed-5645-a1b2-d929d4517246,3,c8297387-4c37-53d3-8120-a214ac80359e,2026-09-15T22:28:48.287711+05:00,4,closed,False,П-03,"Заменены ремни, масло, уплотнения, компрессор опробован",1,2026-09-15T15:29:15.832411+05:00,2026-09-15T15:33:09.128797+05:00,2026-09-15T15:45:42.426217+05:00,2026-09-15T20:08:23.315243+05:00,2026-09-15T20:46:22.762067+05:00
433,433,unplanned,high,"Вибрация, подшипник греется выше 80 °C",2,9,79413058-e2c0-5b03-adfb-a2a01c58f0d5,3,38634255-032f-5302-be4f-e3bb175128c8,2026-09-16T05:08:36.435663+05:00,3,closed,False,М-02,"Заменён подшипник, узел промыт и смазан, проверено на холостом ходу",0,2026-09-16T00:08:24.408095+05:00,2026-09-16T00:13:42.577185+05:00,2026-09-16T00:22:34.352134+05:00,2026-09-16T01:55:31.300844+05:00,2026-09-16T02:17:59.568134+05:00
434,434,unplanned,normal,"Вибрация, подшипник греется выше 80 °C",3,15,4cd857ba-990a-5264-9b16-d26a06a3e6f4,2,38634255-032f-5302-be4f-e3bb175128c8,2026-09-16T11:26:56.567356+05:00,3,closed,False,М-02,"Заменён подшипник, узел промыт и смазан, проверено на холостом ходу",0,2026-09-16T06:02:38.413249+05:00,2026-09-16T06:09:37.688221+05:00,2026-09-16T06:21:58.357495+05:00,2026-09-16T09:26:34.760161+05:00,2026-09-16T09:43:15.393197+05:00
435,435,planned,planned,"Плановый ремонт (ППР): Сварочный пост СП-2 — осмотр, смазка, подтяжка креплений, замена изношенных элементов",4,25,4cd857ba-990a-5264-9b16-d26a06a3e6f4,2,c8297387-4c37-53d3-8120-a214ac80359e,2026-09-16T14:10:27.316687+05:00,3,closed,False,,"Выполнен ППР: Сварочный пост СП-2 — осмотр, смазка узлов, подтяжка креплений",0,2026-09-16T08:18:06.097183+05:00,2026-09-16T08:29:57.341076+05:00,2026-09-16T08:42:42.450601+05:00,2026-09-16T14:02:41.753015+05:00,2026-09-16T14:27:56.994407+05:00
436,436,planned,planned,"Плановый ремонт (ППР): Дымосос ДН-15 — осмотр, смазка, подтяжка креплений, замена изношенных элементов",3,19,4d9937c4-06fe-581d-bbee-b905cacaf2cc,2,c8297387-4c37-53d3-8120-a214ac80359e,2026-09-16T13:39:45.770177+05:00,3,closed,False,,"Выполнен ППР: Дымосос ДН-15 — осмотр, смазка узлов, подтяжка креплений",0,2026-09-16T08:37:11.414444+05:00,2026-09-16T08:41:16.317325+05:00,2026-09-16T08:44:40.903826+05:00,2026-09-16T11:38:14.341380+05:00,2026-09-16T12:15:58.448897+05:00
437,437,unplanned,high,"Падение напора, шум в улитке насоса",2,9,4cd857ba-990a-5264-9b16-d26a06a3e6f4,2,c8297387-4c37-53d3-8120-a214ac80359e,2026-09-16T20:00:41.299069+05:00,4,closed,False,М-06,"Заменено рабочее колесо, уплотнения, насос опробован",0,2026-09-16T12:42:40.040548+05:00,2026-09-16T12:52:04.515653+05:00,2026-09-16T13:07:41.718582+05:00,2026-09-16T17:35:04.581216+05:00,2026-09-16T18:16:33.370141+05:00
438,438,unplanned,normal,"Перегрев электродвигателя, гул",1,7,524bebbe-f703-5521-8e9d-5a3e54fbbf10,1,38634255-032f-5302-be4f-e3bb175128c8,2026-09-17T07:54:40.048060+05:00,4,closed,False,Э-02,"Заменены подшипники двигателя, проверены обмотки, пуск в норме",0,2026-09-17T01:34:40.275308+05:00,2026-09-17T01:42:36.079185+05:00,2026-09-17T02:07:59.970477+05:00,2026-09-17T05:54:17.200245+05:00,2026-09-17T06:55:33.259333+05:00
439,439,planned,planned,"Плановый ремонт (ППР): Кран мостовой 10 т — осмотр, смазка, подтяжка креплений, замена изношенных элементов",4,22,30c23f9b-3046-52c7-aa98-4ded8e8f73ec,1,c8297387-4c37-53d3-8120-a214ac80359e,2026-09-17T14:05:06.705292+05:00,3,closed,False,,"Выполнен ППР: Кран мостовой 10 т — осмотр, смазка узлов, подтяжка креплений",0,2026-09-17T08:42:29.092676+05:00,2026-09-17T08:49:18.201283+05:00,2026-09-17T09:08:57.803189+05:00,2026-09-17T10:53:43.738229+05:00,2026-09-17T11:44:34.232927+05:00
440,440,planned,planned,"Плановый ремонт (ППР): Конвейер К-1 — осмотр, смазка, подтяжка креплений, замена изношенных элементов",1,4,30c23f9b-3046-52c7-aa98-4ded8e8f73ec,1,c8297387-4c37-53d3-8120-a214ac80359e,2026-09-17T17:17:32.727506+05:00,4,closed,False,,"Выполнен ППР: Конвейер К-1 — осмотр, смазка узлов, подтяжка креплений",0,2026-09-17T09:07:40.800930+05:00,2026-09-17T09:16:03.674606+05:00,2026-09-17T09:22:05.344233+05:00,2026-09-17T14:31:43.267936+05:00,2026-09-17T15:01:28.832908+05:00
441,441,planned,planned,"Плановый ремонт (ППР): Конвейер К-3 — осмотр, смазка, подтяжка креплений, замена изношенных элементов",1,6,75808db3-d714-5bc1-8824-97b2c7c6f097,1,c8297387-4c37-53d3-8120-a214ac80359e,2026-09-17T16:10:45.556920+05:00,4,closed,False,,"Выполнен ППР: Конвейер К-3 — осмотр, смазка узлов, подтяжка креплений",0,2026-09-17T09:36:35.238995+05:00,2026-09-17T09:39:03.485416+05:00,2026-09-17T09:45:36.511797+05:00,2026-09-17T13:04:20.638792+05:00,2026-09-17T13:21:17.734648+05:00
442,442,planned,planned,"Плановый ремонт (ППР): Дробилка ККД-1500 — осмотр, смазка, подтяжка креплений, замена изношенных элементов",1,2,1c4d0efe-d6e1-5774-af33-096424b68a1d,2,c8297387-4c37-53d3-8120-a214ac80359e,2026-09-17T22:48:21.851661+05:00,8,closed,False,,"Выполнен ППР: Дробилка ККД-1500 — осмотр, смазка узлов, подтяжка креплений",0,2026-09-17T09:57:35.368906+05:00,2026-09-17T10:06:54.492494+05:00,2026-09-17T10:16:22.919261+05:00,2026-09-17T17:05:45.367062+05:00,2026-09-17T17:42:55.034187+05:00
443,443,unplanned,high,"Вибрация, подшипник греется выше 80 °C",1,6,1c4d0efe-d6e1-5774-af33-096424b68a1d,2,38634255-032f-5302-be4f-e3bb175128c8,2026-09-18T02:03:51.608892+05:00,3,closed,False,М-02,"Заменён подшипник, узел промыт и смазан, проверено на холостом ходу",1,2026-09-17T20:08:34.393309+05:00,2026-09-17T20:19:56.317484+05:00,2026-09-17T20:34:00.744845+05:00,2026-09-18T01:41:36.108153+05:00,2026-09-18T02:27:51.279029+05:00
444,444,planned,planned,"Плановый ремонт (ППР): Грохот ГИТ-51 №2 — осмотр, смазка, подтяжка креплений, замена изношенных элементов",2,8,30c23f9b-3046-52c7-aa98-4ded8e8f73ec,1,c8297387-4c37-53d3-8120-a214ac80359e,2026-09-18T15:11:00.529184+05:00,4,closed,False,,"Выполнен ППР: Грохот ГИТ-51 №2 — осмотр, смазка узлов, подтяжка креплений",0,2026-09-18T08:21:57.951624+05:00,2026-09-18T08:36:00.311881+05:00,2026-09-18T08:39:20.425054+05:00,2026-09-18T11:19:22.213417+05:00,2026-09-18T11:50:52.202902+05:00
445,445,planned,planned,"Плановый ремонт (ППР): Сушильный барабан СБ-2 — осмотр, смазка, подтяжка креплений, замена изношенных элементов",3,16,75808db3-d714-5bc1-8824-97b2c7c6f097,1,c8297387-4c37-53d3-8120-a214ac80359e,2026-09-18T18:34:42.389347+05:00,6,closed,False,,"Выполнен ППР: Сушильный барабан СБ-2 — осмотр, смазка узлов, подтяжка креплений",0,2026-09-18T08:48:57.617731+05:00,2026-09-18T09:02:24.298644+05:00,2026-09-18T09:07:51.416531+05:00,2026-09-18T16:01:53.001045+05:00,2026-09-18T17:00:02.217716+05:00
446,446,unplanned,normal,"Течь гидрожидкости, лужа под агрегатом",2,11,9d7fbeed-09f8-55cd-9cc1-8e28b1c8a47a,3,c8297387-4c37-53d3-8120-a214ac80359e,2026-09-18T18:45:14.585949+05:00,2,closed,False,Г-01,"Заменены уплотнения, долито масло, течь устранена",0,2026-09-18T15:03:09.457175+05:00,2026-09-18T15:10:33.252296+05:00,2026-09-18T15:24:56.136220+05:00,2026-09-18T17:56:38.693719+05:00,2026-09-18T18:38:14.514773+05:00
447,447,unplanned,emergency,"Проскальзывание цепи, износ звёздочки",4,22,30c23f9b-3046-52c7-aa98-4ded8e8f73ec,1,38634255-032f-5302-be4f-e3bb175128c8,2026-09-19T06:44:24.805932+05:00,3,closed,True,М-04,"Заменены цепь и звёздочка, выполнено натяжение",1,2026-09-19T02:35:24.805932+05:00,2026-09-19T02:38:43.434956+05:00,2026-09-19T02:47:10.027601+05:00,2026-09-19T06:54:56.545353+05:00,2026-09-19T07:24:19.071567+05:00
448,448,planned,planned,"Плановый ремонт (ППР): Рукавный фильтр РФ-2 — осмотр, смазка, подтяжка креплений, замена изношенных элементов",3,18,4d9937c4-06fe-581d-bbee-b905cacaf2cc,2,c8297387-4c37-53d3-8120-a214ac80359e,2026-09-19T15:51:52.093955+05:00,3,closed,False,,"Выполнен ППР: Рукавный фильтр РФ-2 — осмотр, смазка узлов, подтяжка креплений",0,2026-09-19T09:00:47.712224+05:00,2026-09-19T09:09:22.424244+05:00,2026-09-19T09:23:58.532131+05:00,2026-09-19T14:08:26.211137+05:00,2026-09-19T15:08:35.876865+05:00
449,449,planned,planned,"Плановый ремонт (ППР): Питатель пластинчатый ПП-1 — осмотр, смазка, подтяжка креплений, замена изношенных элементов",1,3,79413058-e2c0-5b03-adfb-a2a01c58f0d5,3,c8297387-4c37-53d3-8120-a214ac80359e,2026-09-19T15:10:01.103002+05:00,3,closed,False,,"Выполнен ППР: Питатель пластинчатый ПП-1 — осмотр, смазка узлов, подтяжка креплений",0,2026-09-19T09:25:18.208804+05:00,2026-09-19T09:37:17.280183+05:00,2026-09-19T09:41:57.406020+05:00,2026-09-19T13:15:51.421971+05:00,2026-09-19T13:46:19.700761+05:00
450,450,planned,planned,"Плановый ремонт (ППР): Рукавный фильтр РФ-1 — осмотр, смазка, подтяжка креплений, замена изношенных элементов",3,17,1c4d0efe-d6e1-5774-af33-096424b68a1d,2,c8297387-4c37-53d3-8120-a214ac80359e,2026-09-19T14:40:50.336543+05:00,3,closed,False,,"Выполнен ППР: Рукавный фильтр РФ-1 — осмотр, смазка узлов, подтяжка креплений",0,2026-09-19T09:27:42.987518+05:00,2026-09-19T09:41:57.265208+05:00,2026-09-19T09:52:16.747558+05:00,2026-09-19T13:25:38.776333+05:00,2026-09-19T13:47:50.257160+05:00
451,451,planned,planned,"Плановый ремонт (ППР): Токарный станок 1М63 — осмотр, смазка, подтяжка креплений, замена изношенных элементов",4,21,4cd857ba-990a-5264-9b16-d26a06a3e6f4,2,c8297387-4c37-53d3-8120-a214ac80359e,2026-09-19T15:50:17.471622+05:00,3,closed,False,,"Выполнен ППР: Токарный станок 1М63 — осмотр, смазка узлов, подтяжка креплений",0,2026-09-19T09:32:17.884201+05:00,2026-09-19T09:43:15.773907+05:00,2026-09-19T09:58:07.704967+05:00,2026-09-19T11:59:33.688821+05:00,2026-09-19T12:38:55.715502+05:00
452,452,unplanned,emergency,"Перегрев электродвигателя, гул",3,19,42ef7ac6-1e11-523f-b9a2-a713f308d193,3,c8297387-4c37-53d3-8120-a214ac80359e,2026-09-19T21:56:12.631504+05:00,4,closed,False,Э-02,"Заменены подшипники двигателя, проверены обмотки, пуск в норме",0,2026-09-19T16:29:12.631504+05:00,2026-09-19T16:33:08.242257+05:00,2026-09-19T16:49:00.466221+05:00,2026-09-19T20:51:45.227258+05:00,2026-09-19T21:08:40.093451+05:00
453,453,unplanned,emergency,"Перегрев электродвигателя, гул",2,11,524bebbe-f703-5521-8e9d-5a3e54fbbf10,1,c8297387-4c37-53d3-8120-a214ac80359e,2026-09-19T23:29:44.948116+05:00,4,closed,False,Э-02,"Заменены подшипники двигателя, проверены обмотки, пуск в норме",0,2026-09-19T18:02:44.948116+05:00,2026-09-19T18:06:03.406550+05:00,2026-09-19T18:19:09.963872+05:00,2026-09-19T21:16:58.805601+05:00,2026-09-19T22:10:56.916666+05:00
454,454,unplanned,normal,"Вибрация, ослабли крепления рамы",1,7,75808db3-d714-5bc1-8824-97b2c7c6f097,1,38634255-032f-5302-be4f-e3bb175128c8,2026-09-20T03:11:08.684391+05:00,1.5,closed,False,М-05,"Подтянуты и заменены крепления, проверена вибрация",0,2026-09-19T22:24:02.433964+05:00,2026-09-19T22:31:34.604519+05:00,2026-09-19T22:36:15.078160+05:00,2026-09-20T01:19:40.179617+05:00,2026-09-20T01:40:21.635189+05:00
455,455,unplanned,emergency,Шум и нагрев подшипникового узла привода,1,6,4cd857ba-990a-5264-9b16-d26a06a3e6f4,2,38634255-032f-5302-be4f-e3bb175128c8,2026-09-20T04:42:42.104082+05:00,3,closed,True,М-02,"Заменён подшипник, узел промыт и смазан, проверено на холостом ходу",0,2026-09-20T00:33:42.104082+05:00,2026-09-20T00:37:23.849593+05:00,2026-09-20T00:40:39.046582+05:00,2026-09-20T06:08:17.133286+05:00,2026-09-20T06:36:09.145735+05:00
456,456,planned,planned,"Плановый ремонт (ППР): Конвейер К-2 — осмотр, смазка, подтяжка креплений, замена изношенных элементов",1,5,2f23346e-8eed-5645-a1b2-d929d4517246,3,c8297387-4c37-53d3-8120-a214ac80359e,2026-09-20T14:42:22.815075+05:00,4,closed,False,,"Выполнен ППР: Конвейер К-2 — осмотр, смазка узлов, подтяжка креплений",0,2026-09-20T08:27:28.276333+05:00,2026-09-20T08:40:35.062957+05:00,2026-09-20T08:43:25.732702+05:00,2026-09-20T13:05:49.117179+05:00,2026-09-20T14:02:19.129139+05:00
457,457,planned,planned,"Плановый ремонт (ППР): Сепаратор пневматический СП-1 — осмотр, смазка, подтяжка креплений, замена изношенных элементов",2,12,79413058-e2c0-5b03-adfb-a2a01c58f0d5,3,c8297387-4c37-53d3-8120-a214ac80359e,2026-09-20T15:32:10.166060+05:00,3,closed,False,,"Выполнен ППР: Сепаратор пневматический СП-1 — осмотр, смазка узлов, подтяжка креплений",0,2026-09-20T08:39:19.872384+05:00,2026-09-20T08:43:18.909421+05:00,2026-09-20T08:48:12.279210+05:00,2026-09-20T09:59:15.107927+05:00,2026-09-20T10:40:18.845216+05:00
458,458,planned,planned,"Плановый ремонт (ППР): Грохот ГИТ-51 №1 — осмотр, смазка, подтяжка креплений, замена изношенных элементов",1,7,79413058-e2c0-5b03-adfb-a2a01c58f0d5,3,c8297387-4c37-53d3-8120-a214ac80359e,2026-09-20T16:22:45.965234+05:00,4,closed,False,,"Выполнен ППР: Грохот ГИТ-51 №1 — осмотр, смазка узлов, подтяжка креплений",0,2026-09-20T09:01:21.120824+05:00,2026-09-20T09:26:16.271909+05:00,2026-09-20T09:46:01.286840+05:00,2026-09-20T13:37:41.859956+05:00,2026-09-20T14:23:49.272268+05:00
459,459,planned,planned,"Плановый ремонт (ППР): Компрессор ВК-10 — осмотр, смазка, подтяжка креплений, замена изношенных элементов",4,24,79413058-e2c0-5b03-adfb-a2a01c58f0d5,3,c8297387-4c37-53d3-8120-a214ac80359e,2026-09-20T13:33:56.917465+05:00,2,closed,False,,"Выполнен ППР: Компрессор ВК-10 — осмотр, смазка узлов, подтяжка креплений",0,2026-09-20T09:18:01.535279+05:00,2026-09-20T09:22:22.466196+05:00,2026-09-20T09:25:02.864929+05:00,2026-09-20T11:30:27.573278+05:00,2026-09-20T11:42:31.582697+05:00
460,460,planned,planned,"Плановый ремонт (ППР): Компрессор ВК-20 — осмотр, смазка, подтяжка креплений, замена изношенных элементов",3,20,4cd857ba-990a-5264-9b16-d26a06a3e6f4,2,c8297387-4c37-53d3-8120-a214ac80359e,2026-09-20T14:41:20.481877+05:00,2,closed,False,,"Выполнен ППР: Компрессор ВК-20 — осмотр, смазка узлов, подтяжка креплений",0,2026-09-20T09:45:24.503059+05:00,2026-09-20T09:48:33.338129+05:00,2026-09-20T09:58:24.916562+05:00,2026-09-20T12:08:47.878544+05:00,2026-09-20T12:30:01.260151+05:00
461,461,unplanned,emergency,Шум и нагрев подшипникового узла привода,1,6,2f23346e-8eed-5645-a1b2-d929d4517246,3,38634255-032f-5302-be4f-e3bb175128c8,2026-09-21T00:43:55.295115+05:00,3,closed,False,М-02,"Заменён подшипник, узел промыт и смазан, проверено на холостом ходу",0,2026-09-20T20:34:55.295115+05:00,2026-09-20T20:37:20.205684+05:00,2026-09-20T20:44:39.926018+05:00,2026-09-21T00:11:55.672754+05:00,2026-09-21T00:33:01.479294+05:00
462,462,unplanned,normal,"Двигатель не запускается, запах гари",2,11,afebbbfd-2a78-5649-81b2-ad4f458ca374,2,38634255-032f-5302-be4f-e3bb175128c8,2026-09-21T06:41:31.706300+05:00,4,closed,False,Э-02,"Заменены подшипники двигателя, проверены обмотки, пуск в норме",0,2026-09-20T22:45:11.465077+05:00,2026-09-20T22:56:38.183452+05:00,2026-09-20T23:07:55.656640+05:00,2026-09-21T02:38:25.604445+05:00,2026-09-21T03:07:23.692591+05:00
463,463,planned,planned,"Плановый ремонт (ППР): Конвейер К-7 — осмотр, смазка, подтяжка креплений, замена изношенных элементов",2,13,75808db3-d714-5bc1-8824-97b2c7c6f097,1,c8297387-4c37-53d3-8120-a214ac80359e,2026-09-21T15:48:53.515264+05:00,4,closed,False,,"Выполнен ППР: Конвейер К-7 — осмотр, смазка узлов, подтяжка креплений",0,2026-09-21T08:04:05.899354+05:00,2026-09-21T08:06:08.390346+05:00,2026-09-21T08:25:07.354589+05:00,2026-09-21T12:25:13.986235+05:00,2026-09-21T12:44:01.363774+05:00
464,464,planned,planned,"Плановый ремонт (ППР): Дробилка КМД-1750 — осмотр, смазка, подтяжка креплений, замена изношенных элементов",1,1,2f23346e-8eed-5645-a1b2-d929d4517246,3,c8297387-4c37-53d3-8120-a214ac80359e,2026-09-21T22:13:58.763720+05:00,8,closed,False,,"Выполнен ППР: Дробилка КМД-1750 — осмотр, смазка узлов, подтяжка креплений",0,2026-09-21T08:58:54.511708+05:00,2026-09-21T09:12:06.332119+05:00,2026-09-21T09:21:39.274609+05:00,2026-09-21T13:57:16.026054+05:00,2026-09-21T14:30:31.558817+05:00
465,465,planned,planned,"Плановый ремонт (ППР): Гидропресс П-6326 — осмотр, смазка, подтяжка креплений, замена изношенных элементов",4,23,79413058-e2c0-5b03-adfb-a2a01c58f0d5,3,c8297387-4c37-53d3-8120-a214ac80359e,2026-09-21T14:24:18.559603+05:00,3,closed,False,,"Выполнен ППР: Гидропресс П-6326 — осмотр, смазка узлов, подтяжка креплений",0,2026-09-21T09:06:35.266650+05:00,2026-09-21T09:14:46.775432+05:00,2026-09-21T09:31:14.790729+05:00,2026-09-21T11:38:09.237702+05:00,2026-09-21T11:55:36.088077+05:00
466,466,planned,planned,"Плановый ремонт (ППР): Насос ГрАТ-450 №1 — осмотр, смазка, подтяжка креплений, замена изношенных элементов",2,9,4d9937c4-06fe-581d-bbee-b905cacaf2cc,2,c8297387-4c37-53d3-8120-a214ac80359e,2026-09-21T16:40:56.973371+05:00,4,closed,False,,"Выполнен ППР: Насос ГрАТ-450 №1 — осмотр, смазка узлов, подтяжка креплений",0,2026-09-21T09:13:12.962790+05:00,2026-09-21T09:21:02.912452+05:00,2026-09-21T09:31:33.264691+05:00,2026-09-21T15:30:07.600998+05:00,2026-09-21T16:26:26.271060+05:00
467,467,planned,planned,"Плановый ремонт (ППР): Насос ГрАТ-450 №2 — осмотр, смазка, подтяжка креплений, замена изношенных элементов",2,10,30c23f9b-3046-52c7-aa98-4ded8e8f73ec,1,c8297387-4c37-53d3-8120-a214ac80359e,2026-09-21T15:49:23.612065+05:00,4,closed,False,,"Выполнен ППР: Насос ГрАТ-450 №2 — осмотр, смазка узлов, подтяжка креплений",0,2026-09-21T09:26:27.402960+05:00,2026-09-21T09:32:49.226280+05:00,2026-09-21T09:40:28.311128+05:00,2026-09-21T13:29:23.324050+05:00,2026-09-21T14:01:05.326774+05:00
468,468,unplanned,high,Не срабатывает пневмоклапан встряхивания,3,18,4cd857ba-990a-5264-9b16-d26a06a3e6f4,2,c8297387-4c37-53d3-8120-a214ac80359e,2026-09-21T16:46:29.780436+05:00,2,closed,False,П-02,"Заменён клапан, установлен ремкомплект пневмоцилиндра",0,2026-09-21T11:25:29.468232+05:00,2026-09-21T11:28:14.021954+05:00,2026-09-21T11:44:47.526589+05:00,2026-09-21T13:48:36.102740+05:00,2026-09-21T14:28:11.744983+05:00
469,469,unplanned,normal,"Вибрация, ослабли крепления рамы",3,15,30c23f9b-3046-52c7-aa98-4ded8e8f73ec,1,38634255-032f-5302-be4f-e3bb175128c8,2026-09-22T00:42:35.867670+05:00,1.5,closed,False,М-05,"Подтянуты и заменены крепления, проверена вибрация",0,2026-09-21T20:23:09.888954+05:00,2026-09-21T20:30:17.665107+05:00,2026-09-21T20:36:26.120614+05:00,2026-09-21T22:32:30.672661+05:00,2026-09-21T22:51:34.688062+05:00
470,470,unplanned,high,Узел работает без смазки,4,21,2f23346e-8eed-5645-a1b2-d929d4517246,3,38634255-032f-5302-be4f-e3bb175128c8,2026-09-22T03:07:40.981815+05:00,1,closed,False,С-01,"Узлы смазаны, проверен нагрев",0,2026-09-21T23:57:42.109388+05:00,2026-09-22T00:10:23.182414+05:00,2026-09-22T00:18:21.948167+05:00,2026-09-22T01:00:58.509410+05:00,2026-09-22T01:49:33.644804+05:00
471,471,unplanned,emergency,"Вибрация, подшипник греется выше 80 °C",2,10,79413058-e2c0-5b03-adfb-a2a01c58f0d5,3,38634255-032f-5302-be4f-e3bb175128c8,2026-09-22T09:39:16.630486+05:00,3,closed,True,М-02,"Заменён подшипник, узел промыт и смазан, проверено на холостом ходу",0,2026-09-22T05:30:16.630486+05:00,2026-09-22T05:33:01.546549+05:00,2026-09-22T05:43:43.880303+05:00,2026-09-22T09:40:45.101186+05:00,2026-09-22T10:09:22.720854+05:00
472,472,planned,planned,"Плановый ремонт (ППР): Сушильный барабан СБ-1 — осмотр, смазка, подтяжка креплений, замена изношенных элементов",3,15,79413058-e2c0-5b03-adfb-a2a01c58f0d5,3,c8297387-4c37-53d3-8120-a214ac80359e,2026-09-22T19:20:31.521984+05:00,6,closed,False,,"Выполнен ППР: Сушильный барабан СБ-1 — осмотр, смазка узлов, подтяжка креплений",0,2026-09-22T08:34:31.225913+05:00,2026-09-22T08:42:36.318993+05:00,2026-09-22T09:00:52.293941+05:00,2026-09-22T13:09:26.516212+05:00,2026-09-22T13:25:13.441843+05:00
473,473,planned,planned,"Плановый ремонт (ППР): Насос ГрАТ-450 №3 — осмотр, смазка, подтяжка креплений, замена изношенных элементов",2,11,4cd857ba-990a-5264-9b16-d26a06a3e6f4,2,c8297387-4c37-53d3-8120-a214ac80359e,2026-09-22T15:51:12.510710+05:00,4,closed,False,,"Выполнен ППР: Насос ГрАТ-450 №3 — осмотр, смазка узлов, подтяжка креплений",0,2026-09-22T08:46:50.932614+05:00,2026-09-22T08:52:37.399415+05:00,2026-09-22T08:59:56.449151+05:00,2026-09-22T12:34:33.257031+05:00,2026-09-22T12:51:03.459056+05:00
474,474,planned,planned,"Плановый ремонт (ППР): Вентилятор ВМ-12 — осмотр, смазка, подтяжка креплений, замена изношенных элементов",2,14,75808db3-d714-5bc1-8824-97b2c7c6f097,1,c8297387-4c37-53d3-8120-a214ac80359e,2026-09-22T15:27:33.892678+05:00,3,closed,False,,"Выполнен ППР: Вентилятор ВМ-12 — осмотр, смазка узлов, подтяжка креплений",0,2026-09-22T09:02:01.339161+05:00,2026-09-22T09:08:23.027071+05:00,2026-09-22T09:20:25.039917+05:00,2026-09-22T12:17:27.487357+05:00,2026-09-22T13:18:08.816615+05:00
475,475,unplanned,high,"Вибрация, ослабли крепления рамы",3,17,30c23f9b-3046-52c7-aa98-4ded8e8f73ec,1,38634255-032f-5302-be4f-e3bb175128c8,2026-09-23T00:53:23.657286+05:00,1.5,closed,False,М-05,"Подтянуты и заменены крепления, проверена вибрация",0,2026-09-22T20:15:37.825823+05:00,2026-09-22T20:17:55.514005+05:00,2026-09-22T20:26:05.891290+05:00,2026-09-23T00:20:13.819201+05:00,2026-09-23T01:06:25.030457+05:00
476,476,unplanned,emergency,"Перегрев узла, сухое трение",2,14,2f23346e-8eed-5645-a1b2-d929d4517246,3,38634255-032f-5302-be4f-e3bb175128c8,2026-09-22T23:21:33.253116+05:00,1,closed,True,С-01,"Узлы смазаны, проверен нагрев",0,2026-09-22T21:48:33.253116+05:00,2026-09-22T21:50:50.337058+05:00,2026-09-22T21:59:57.059294+05:00,2026-09-23T00:52:20.474545+05:00,2026-09-23T01:24:45.314150+05:00
477,477,unplanned,normal,Течь масла из-под уплотнения,1,1,48146e97-4033-5976-9433-13e5009595cb,1,38634255-032f-5302-be4f-e3bb175128c8,2026-09-23T07:53:57.284123+05:00,2,closed,False,Г-01,"Заменены уплотнения, долито масло, течь устранена",0,2026-09-23T02:20:28.855915+05:00,2026-09-23T02:31:52.385599+05:00,2026-09-23T04:06:45.287046+05:00,2026-09-23T06:05:24.436130+05:00,2026-09-23T06:53:26.703603+05:00
478,478,unplanned,emergency,"Масло в редукторе тёмное, с водой",3,20,1c4d0efe-d6e1-5774-af33-096424b68a1d,2,38634255-032f-5302-be4f-e3bb175128c8,2026-09-23T05:32:25.157598+05:00,1.5,closed,False,С-02,"Масло заменено, редуктор промыт",0,2026-09-23T03:20:25.157598+05:00,2026-09-23T03:21:45.249124+05:00,2026-09-23T03:32:03.012743+05:00,2026-09-23T04:50:46.212953+05:00,2026-09-23T05:23:43.634513+05:00
479,479,unplanned,emergency,"Перегрев узла, сухое трение",1,1,30c23f9b-3046-52c7-aa98-4ded8e8f73ec,1,c8297387-4c37-53d3-8120-a214ac80359e,2026-09-23T09:36:22.851958+05:00,1,closed,False,С-01,"Узлы смазаны, проверен нагрев",0,2026-09-23T08:03:22.851958+05:00,2026-09-23T08:04:28.118202+05:00,2026-09-23T08:10:59.439574+05:00,2026-09-23T09:12:39.463536+05:00,2026-09-23T09:55:36.401041+05:00
480,480,planned,planned,"Плановый ремонт (ППР): Дымосос ДН-15 — осмотр, смазка, подтяжка креплений, замена изношенных элементов",3,19,1c4d0efe-d6e1-5774-af33-096424b68a1d,2,c8297387-4c37-53d3-8120-a214ac80359e,2026-09-23T13:27:04.938552+05:00,3,closed,True,,"Выполнен ППР: Дымосос ДН-15 — осмотр, смазка узлов, подтяжка креплений",1,2026-09-23T08:11:15.865049+05:00,2026-09-23T08:21:57.078554+05:00,2026-09-23T08:33:55.275034+05:00,2026-09-23T14:30:37.106870+05:00,2026-09-23T15:18:57.095328+05:00
481,481,planned,planned,"Плановый ремонт (ППР): Сварочный пост СП-2 — осмотр, смазка, подтяжка креплений, замена изношенных элементов",4,25,1c4d0efe-d6e1-5774-af33-096424b68a1d,2,c8297387-4c37-53d3-8120-a214ac80359e,2026-09-23T15:37:05.059381+05:00,3,closed,False,,"Выполнен ППР: Сварочный пост СП-2 — осмотр, смазка узлов, подтяжка креплений",1,2026-09-23T09:29:25.387536+05:00,2026-09-23T09:34:12.479594+05:00,2026-09-23T09:45:08.344451+05:00,2026-09-23T14:35:30.042894+05:00,2026-09-23T14:59:49.032953+05:00
482,482,unplanned,normal,"Вибрация, подшипник греется выше 80 °C",1,6,1c4d0efe-d6e1-5774-af33-096424b68a1d,2,c8297387-4c37-53d3-8120-a214ac80359e,2026-09-23T19:08:31.186535+05:00,3,closed,False,М-02,"Заменён подшипник, узел промыт и смазан, проверено на холостом ходу",0,2026-09-23T13:11:57.806236+05:00,2026-09-23T13:15:00.204198+05:00,2026-09-23T13:40:27.896751+05:00,2026-09-23T17:56:19.312008+05:00,2026-09-23T18:44:57.311270+05:00
483,483,unplanned,high,"Двигатель не запускается, запах гари",2,8,ee96e203-5cd8-5eb3-be58-94fd2ac2392a,2,38634255-032f-5302-be4f-e3bb175128c8,2026-09-24T08:07:01.675888+05:00,4,closed,False,Э-02,"Заменены подшипники двигателя, проверены обмотки, пуск в норме",0,2026-09-24T00:24:25.280969+05:00,2026-09-24T00:30:55.393002+05:00,2026-09-24T00:35:07.009162+05:00,2026-09-24T05:08:24.576570+05:00,2026-09-24T05:38:14.979877+05:00
484,484,planned,planned,"Плановый ремонт (ППР): Конвейер К-3 — осмотр, смазка, подтяжка креплений, замена изношенных элементов",1,6,79413058-e2c0-5b03-adfb-a2a01c58f0d5,3,c8297387-4c37-53d3-8120-a214ac80359e,2026-09-24T16:03:55.711027+05:00,4,closed,False,,"Выполнен ППР: Конвейер К-3 — осмотр, смазка узлов, подтяжка креплений",0,2026-09-24T08:48:14.025927+05:00,2026-09-24T08:53:38.793050+05:00,2026-09-24T09:03:15.423962+05:00,2026-09-24T13:52:40.244830+05:00,2026-09-24T14:52:23.282896+05:00
485,485,planned,planned,"Плановый ремонт (ППР): Кран мостовой 10 т — осмотр, смазка, подтяжка креплений, замена изношенных элементов",4,22,1c4d0efe-d6e1-5774-af33-096424b68a1d,2,c8297387-4c37-53d3-8120-a214ac80359e,2026-09-24T16:06:44.149969+05:00,3,closed,False,,"Выполнен ППР: Кран мостовой 10 т — осмотр, смазка узлов, подтяжка креплений",1,2026-09-24T09:17:44.832954+05:00,2026-09-24T09:30:23.042977+05:00,2026-09-24T09:38:23.485057+05:00,2026-09-24T15:30:16.241648+05:00,2026-09-24T16:16:02.812015+05:00
486,486,planned,planned,"Плановый ремонт (ППР): Дробилка ККД-1500 — осмотр, смазка, подтяжка креплений, замена изношенных элементов",1,2,30c23f9b-3046-52c7-aa98-4ded8e8f73ec,1,c8297387-4c37-53d3-8120-a214ac80359e,2026-09-24T22:22:16.895642+05:00,8,closed,True,,"Выполнен ППР: Дробилка ККД-1500 — осмотр, смазка узлов, подтяжка креплений",0,2026-09-24T09:51:31.084547+05:00,2026-09-24T10:04:31.958725+05:00,2026-09-24T10:10:43.879434+05:00,2026-09-24T22:40:59.070847+05:00,2026-09-24T23:29:39.120063+05:00
487,487,planned,planned,"Плановый ремонт (ППР): Конвейер К-1 — осмотр, смазка, подтяжка креплений, замена изношенных элементов",1,4,4cd857ba-990a-5264-9b16-d26a06a3e6f4,2,c8297387-4c37-53d3-8120-a214ac80359e,2026-09-24T17:45:08.845802+05:00,4,closed,False,,"Выполнен ППР: Конвейер К-1 — осмотр, смазка узлов, подтяжка креплений",0,2026-09-24T09:57:52.296836+05:00,2026-09-24T10:05:21.309882+05:00,2026-09-24T10:08:55.230903+05:00,2026-09-24T14:13:29.002333+05:00,2026-09-24T15:00:01.718374+05:00
488,488,unplanned,high,"Вибрация, ослабли крепления рамы",1,2,2f23346e-8eed-5645-a1b2-d929d4517246,3,c8297387-4c37-53d3-8120-a214ac80359e,2026-09-24T15:31:28.170095+05:00,1.5,closed,False,М-05,"Подтянуты и заменены крепления, проверена вибрация",0,2026-09-24T12:09:58.032080+05:00,2026-09-24T12:14:17.858283+05:00,2026-09-24T12:16:33.570963+05:00,2026-09-24T13:48:20.994661+05:00,2026-09-24T14:13:07.666109+05:00
489,489,unplanned,high,Шум и нагрев подшипникового узла привода,1,6,4cd857ba-990a-5264-9b16-d26a06a3e6f4,2,38634255-032f-5302-be4f-e3bb175128c8,2026-09-25T05:35:30.819133+05:00,3,closed,False,М-02,"Заменён подшипник, узел промыт и смазан, проверено на холостом ходу",0,2026-09-24T23:30:24.523409+05:00,2026-09-24T23:40:52.818331+05:00,2026-09-24T23:49:48.097674+05:00,2026-09-25T01:15:37.976416+05:00,2026-09-25T01:52:23.932530+05:00
490,490,unplanned,emergency,"Снижение производительности насоса, вибрация",2,11,4d9937c4-06fe-581d-bbee-b905cacaf2cc,2,38634255-032f-5302-be4f-e3bb175128c8,2026-09-25T07:28:21.760294+05:00,4,closed,True,М-06,"Заменено рабочее колесо, уплотнения, насос опробован",0,2026-09-25T02:01:21.760294+05:00,2026-09-25T02:02:33.739782+05:00,2026-09-25T02:16:46.598447+05:00,2026-09-25T08:11:24.290700+05:00,2026-09-25T08:27:25.350320+05:00
491,491,planned,planned,"Плановый ремонт (ППР): Грохот ГИТ-51 №2 — осмотр, смазка, подтяжка креплений, замена изношенных элементов",2,8,4cd857ba-990a-5264-9b16-d26a06a3e6f4,2,c8297387-4c37-53d3-8120-a214ac80359e,2026-09-25T16:03:21.887310+05:00,4,closed,False,,"Выполнен ППР: Грохот ГИТ-51 №2 — осмотр, смазка узлов, подтяжка креплений",0,2026-09-25T08:51:05.591088+05:00,2026-09-25T09:02:16.319314+05:00,2026-09-25T09:06:57.609787+05:00,2026-09-25T11:52:54.500282+05:00,2026-09-25T12:10:27.897101+05:00
492,492,planned,planned,"Плановый ремонт (ППР): Сушильный барабан СБ-2 — осмотр, смазка, подтяжка креплений, замена изношенных элементов",3,16,30c23f9b-3046-52c7-aa98-4ded8e8f73ec,1,c8297387-4c37-53d3-8120-a214ac80359e,2026-09-25T18:23:12.368522+05:00,6,closed,False,,"Выполнен ППР: Сушильный барабан СБ-2 — осмотр, смазка узлов, подтяжка креплений",0,2026-09-25T09:33:59.859644+05:00,2026-09-25T09:36:50.738583+05:00,2026-09-25T09:49:26.379490+05:00,2026-09-25T14:19:02.419669+05:00,2026-09-25T14:58:34.280104+05:00
493,493,unplanned,normal,Шум и нагрев подшипникового узла привода,1,7,4d9937c4-06fe-581d-bbee-b905cacaf2cc,2,c8297387-4c37-53d3-8120-a214ac80359e,2026-09-25T21:12:38.906503+05:00,3,closed,False,М-02,"Заменён подшипник, узел промыт и смазан, проверено на холостом ходу",0,2026-09-25T14:54:02.778968+05:00,2026-09-25T15:05:31.654552+05:00,2026-09-25T15:14:23.362576+05:00,2026-09-25T17:03:08.629801+05:00,2026-09-25T17:18:19.339956+05:00
494,494,planned,planned,"Плановый ремонт (ППР): Рукавный фильтр РФ-2 — осмотр, смазка, подтяжка креплений, замена изношенных элементов",3,18,79413058-e2c0-5b03-adfb-a2a01c58f0d5,3,c8297387-4c37-53d3-8120-a214ac80359e,2026-09-26T14:58:25.045322+05:00,3,closed,False,,"Выполнен ППР: Рукавный фильтр РФ-2 — осмотр, смазка узлов, подтяжка креплений",0,2026-09-26T08:33:12.859711+05:00,2026-09-26T08:40:27.247939+05:00,2026-09-26T08:57:59.327632+05:00,2026-09-26T11:12:59.219417+05:00,2026-09-26T11:59:04.289273+05:00
495,495,planned,planned,"Плановый ремонт (ППР): Питатель пластинчатый ПП-1 — осмотр, смазка, подтяжка креплений, замена изношенных элементов",1,3,4cd857ba-990a-5264-9b16-d26a06a3e6f4,2,c8297387-4c37-53d3-8120-a214ac80359e,2026-09-26T14:39:10.825240+05:00,3,closed,True,,"Выполнен ППР: Питатель пластинчатый ПП-1 — осмотр, смазка узлов, подтяжка креплений",0,2026-09-26T08:43:37.504073+05:00,2026-09-26T09:05:33.019836+05:00,2026-09-26T09:18:51.685632+05:00,2026-09-26T15:08:55.420458+05:00,2026-09-26T15:57:25.447882+05:00
496,496,planned,planned,"Плановый ремонт (ППР): Рукавный фильтр РФ-1 — осмотр, смазка, подтяжка креплений, замена изношенных элементов",3,17,75808db3-d714-5bc1-8824-97b2c7c6f097,1,c8297387-4c37-53d3-8120-a214ac80359e,2026-09-26T15:11:30.352423+05:00,3,closed,False,,"Выполнен ППР: Рукавный фильтр РФ-1 — осмотр, смазка узлов, подтяжка креплений",0,2026-09-26T09:08:22.812121+05:00,2026-09-26T09:12:28.918208+05:00,2026-09-26T09:23:29.166972+05:00,2026-09-26T12:23:24.133348+05:00,2026-09-26T13:20:50.076126+05:00
497,497,planned,planned,"Плановый ремонт (ППР): Токарный станок 1М63 — осмотр, смазка, подтяжка креплений, замена изношенных элементов",4,21,4cd857ba-990a-5264-9b16-d26a06a3e6f4,2,c8297387-4c37-53d3-8120-a214ac80359e,2026-09-26T14:48:02.815144+05:00,3,closed,False,,"Выполнен ППР: Токарный станок 1М63 — осмотр, смазка узлов, подтяжка креплений",0,2026-09-26T09:49:54.201106+05:00,2026-09-26T10:03:03.533611+05:00,2026-09-26T10:20:01.018369+05:00,2026-09-26T12:27:15.278181+05:00,2026-09-26T13:00:08.492704+05:00
498,498,unplanned,high,"Перегрев электродвигателя, гул",1,7,afebbbfd-2a78-5649-81b2-ad4f458ca374,2,c8297387-4c37-53d3-8120-a214ac80359e,2026-09-27T01:33:47.675077+05:00,4,closed,False,Э-02,"Заменены подшипники двигателя, проверены обмотки, пуск в норме",0,2026-09-26T17:29:38.179980+05:00,2026-09-26T17:32:19.580570+05:00,2026-09-26T17:42:58.119568+05:00,2026-09-26T22:02:40.985488+05:00,2026-09-26T23:00:01.488495+05:00
499,499,unplanned,emergency,"Вибрация, подшипник греется выше 80 °C",1,6,1c4d0efe-d6e1-5774-af33-096424b68a1d,2,38634255-032f-5302-be4f-e3bb175128c8,2026-09-27T07:41:04.077013+05:00,3,closed,False,М-02,"Заменён подшипник, узел промыт и смазан, проверено на холостом ходу",0,2026-09-27T03:32:04.077013+05:00,2026-09-27T03:34:20.767394+05:00,2026-09-27T03:51:42.463186+05:00,2026-09-27T06:46:49.537066+05:00,2026-09-27T07:33:43.087727+05:00
500,500,unplanned,high,"Двигатель не запускается, запах гари",3,16,ee96e203-5cd8-5eb3-be58-94fd2ac2392a,2,38634255-032f-5302-be4f-e3bb175128c8,2026-09-27T10:53:04.604436+05:00,4,closed,False,Э-02,"Заменены подшипники двигателя, проверены обмотки, пуск в норме",0,2026-09-27T04:19:51.893218+05:00,2026-09-27T04:23:06.022902+05:00,2026-09-27T04:32:04.239530+05:00,2026-09-27T08:50:19.982539+05:00,2026-09-27T09:26:05.487693+05:00
501,501,planned,planned,"Плановый ремонт (ППР): Сепаратор пневматический СП-1 — осмотр, смазка, подтяжка креплений, замена изношенных элементов",2,12,75808db3-d714-5bc1-8824-97b2c7c6f097,1,c8297387-4c37-53d3-8120-a214ac80359e,2026-09-27T15:02:33.703895+05:00,3,closed,True,,"Выполнен ППР: Сепаратор пневматический СП-1 — осмотр, смазка узлов, подтяжка креплений",1,2026-09-27T08:36:26.436391+05:00,2026-09-27T08:39:56.206818+05:00,2026-09-27T08:50:57.795301+05:00,2026-09-27T15:11:22.451563+05:00,2026-09-27T16:11:56.306512+05:00
502,502,planned,planned,"Плановый ремонт (ППР): Компрессор ВК-20 — осмотр, смазка, подтяжка креплений, замена изношенных элементов",3,20,4d9937c4-06fe-581d-bbee-b905cacaf2cc,2,c8297387-4c37-53d3-8120-a214ac80359e,2026-09-27T13:37:47.894106+05:00,2,closed,False,,"Выполнен ППР: Компрессор ВК-20 — осмотр, смазка узлов, подтяжка креплений",0,2026-09-27T09:22:22.536934+05:00,2026-09-27T09:25:49.599923+05:00,2026-09-27T09:35:23.699998+05:00,2026-09-27T11:08:08.721838+05:00,2026-09-27T11:56:39.483819+05:00
503,503,planned,planned,"Плановый ремонт (ППР): Грохот ГИТ-51 №1 — осмотр, смазка, подтяжка креплений, замена изношенных элементов",1,7,4cd857ba-990a-5264-9b16-d26a06a3e6f4,2,c8297387-4c37-53d3-8120-a214ac80359e,2026-09-27T16:12:09.101559+05:00,4,closed,False,,"Выполнен ППР: Грохот ГИТ-51 №1 — осмотр, смазка узлов, подтяжка креплений",0,2026-09-27T09:39:08.449275+05:00,2026-09-27T09:42:02.418578+05:00,2026-09-27T09:46:29.876512+05:00,2026-09-27T13:44:41.222789+05:00,2026-09-27T14:44:57.557850+05:00
504,504,planned,planned,"Плановый ремонт (ППР): Конвейер К-2 — осмотр, смазка, подтяжка креплений, замена изношенных элементов",1,5,4cd857ba-990a-5264-9b16-d26a06a3e6f4,2,c8297387-4c37-53d3-8120-a214ac80359e,2026-09-27T16:07:42.415877+05:00,4,closed,False,,"Выполнен ППР: Конвейер К-2 — осмотр, смазка узлов, подтяжка креплений",0,2026-09-27T09:46:18.632719+05:00,2026-09-27T09:57:51.036600+05:00,2026-09-27T10:10:54.924719+05:00,2026-09-27T15:09:44.008562+05:00,2026-09-27T15:34:17.526088+05:00
505,505,planned,planned,"Плановый ремонт (ППР): Компрессор ВК-10 — осмотр, смазка, подтяжка креплений, замена изношенных элементов",4,24,4cd857ba-990a-5264-9b16-d26a06a3e6f4,2,c8297387-4c37-53d3-8120-a214ac80359e,2026-09-27T14:19:59.004684+05:00,2,closed,False,,"Выполнен ППР: Компрессор ВК-10 — осмотр, смазка узлов, подтяжка креплений",0,2026-09-27T09:55:21.399798+05:00,2026-09-27T10:03:28.450947+05:00,2026-09-27T10:17:35.207838+05:00,2026-09-27T11:48:46.641631+05:00,2026-09-27T12:47:04.333723+05:00
506,506,unplanned,high,"Снижение производительности насоса, вибрация",2,10,75808db3-d714-5bc1-8824-97b2c7c6f097,1,c8297387-4c37-53d3-8120-a214ac80359e,2026-09-27T17:58:23.415833+05:00,4,closed,False,М-06,"Заменено рабочее колесо, уплотнения, насос опробован",0,2026-09-27T10:58:12.502894+05:00,2026-09-27T11:14:14.777441+05:00,2026-09-27T11:30:38.008198+05:00,2026-09-27T14:44:56.937685+05:00,2026-09-27T15:27:57.773299+05:00
507,507,unplanned,normal,"Масло в редукторе тёмное, с водой",2,9,4cd857ba-990a-5264-9b16-d26a06a3e6f4,2,c8297387-4c37-53d3-8120-a214ac80359e,2026-09-27T18:49:38.648261+05:00,1.5,closed,False,С-02,"Масло заменено, редуктор промыт",0,2026-09-27T14:28:20.995792+05:00,2026-09-27T14:40:03.273733+05:00,2026-09-27T14:46:49.559561+05:00,2026-09-27T16:19:15.770138+05:00,2026-09-27T16:43:12.037187+05:00
508,508,planned,planned,"Плановый ремонт (ППР): Насос ГрАТ-450 №2 — осмотр, смазка, подтяжка креплений, замена изношенных элементов",2,10,1c4d0efe-d6e1-5774-af33-096424b68a1d,2,c8297387-4c37-53d3-8120-a214ac80359e,2026-09-28T16:05:39.671893+05:00,4,closed,False,,"Выполнен ППР: Насос ГрАТ-450 №2 — осмотр, смазка узлов, подтяжка креплений",0,2026-09-28T08:16:11.025031+05:00,2026-09-28T08:29:09.568032+05:00,2026-09-28T08:46:01.756718+05:00,2026-09-28T15:30:28.569949+05:00,2026-09-28T16:04:34.006392+05:00
509,509,planned,planned,"Плановый ремонт (ППР): Насос ГрАТ-450 №1 — осмотр, смазка, подтяжка креплений, замена изношенных элементов",2,9,4d9937c4-06fe-581d-bbee-b905cacaf2cc,2,c8297387-4c37-53d3-8120-a214ac80359e,2026-09-28T15:43:55.721366+05:00,4,closed,False,,"Выполнен ППР: Насос ГрАТ-450 №1 — осмотр, смазка узлов, подтяжка креплений",0,2026-09-28T08:23:51.300236+05:00,2026-09-28T08:26:13.711818+05:00,2026-09-28T08:40:37.404724+05:00,2026-09-28T13:33:44.466031+05:00,2026-09-28T14:09:03.258184+05:00
510,510,planned,planned,"Плановый ремонт (ППР): Конвейер К-7 — осмотр, смазка, подтяжка креплений, замена изношенных элементов",2,13,79413058-e2c0-5b03-adfb-a2a01c58f0d5,3,c8297387-4c37-53d3-8120-a214ac80359e,2026-09-28T17:04:20.845255+05:00,4,closed,False,,"Выполнен ППР: Конвейер К-7 — осмотр, смазка узлов, подтяжка креплений",0,2026-09-28T09:17:40.059317+05:00,2026-09-28T09:27:59.028695+05:00,2026-09-28T09:35:26.705285+05:00,2026-09-28T12:44:58.618428+05:00,2026-09-28T12:58:02.699814+05:00
511,511,planned,planned,"Плановый ремонт (ППР): Дробилка КМД-1750 — осмотр, смазка, подтяжка креплений, замена изношенных элементов",1,1,4d9937c4-06fe-581d-bbee-b905cacaf2cc,2,c8297387-4c37-53d3-8120-a214ac80359e,2026-09-28T21:04:52.425359+05:00,8,closed,False,,"Выполнен ППР: Дробилка КМД-1750 — осмотр, смазка узлов, подтяжка креплений",0,2026-09-28T09:32:46.123988+05:00,2026-09-28T09:41:55.504986+05:00,2026-09-28T09:52:08.521537+05:00,2026-09-28T18:12:23.786325+05:00,2026-09-28T18:58:34.026890+05:00
512,512,planned,planned,"Плановый ремонт (ППР): Гидропресс П-6326 — осмотр, смазка, подтяжка креплений, замена изношенных элементов",4,23,4d9937c4-06fe-581d-bbee-b905cacaf2cc,2,c8297387-4c37-53d3-8120-a214ac80359e,2026-09-28T15:03:49.884168+05:00,3,closed,False,,"Выполнен ППР: Гидропресс П-6326 — осмотр, смазка узлов, подтяжка креплений",0,2026-09-28T09:46:41.851751+05:00,2026-09-28T09:50:36.209694+05:00,2026-09-28T09:53:31.136507+05:00,2026-09-28T12:05:42.110094+05:00,2026-09-28T12:22:30.250481+05:00
513,513,unplanned,emergency,Шум и нагрев подшипникового узла привода,1,6,2f23346e-8eed-5645-a1b2-d929d4517246,3,38634255-032f-5302-be4f-e3bb175128c8,2026-09-29T01:51:05.400641+05:00,3,closed,False,М-02,"Заменён подшипник, узел промыт и смазан, проверено на холостом ходу",0,2026-09-28T21:42:05.400641+05:00,2026-09-28T21:43:08.630586+05:00,2026-09-28T21:54:39.741026+05:00,2026-09-29T01:21:46.700625+05:00,2026-09-29T01:35:08.957175+05:00
514,514,unplanned,high,"Вибрация, подшипник греется выше 80 °C",3,16,2f23346e-8eed-5645-a1b2-d929d4517246,3,38634255-032f-5302-be4f-e3bb175128c8,2026-09-29T09:59:43.193167+05:00,3,closed,False,М-02,"Заменён подшипник, узел промыт и смазан, проверено на холостом ходу",0,2026-09-29T04:38:26.671056+05:00,2026-09-29T04:44:48.769895+05:00,2026-09-29T05:01:43.080111+05:00,2026-09-29T07:29:40.232782+05:00,2026-09-29T08:06:07.043960+05:00
515,515,unplanned,emergency,"Течь гидрожидкости, лужа под агрегатом",2,9,9d7fbeed-09f8-55cd-9cc1-8e28b1c8a47a,3,38634255-032f-5302-be4f-e3bb175128c8,2026-09-29T08:47:49.812518+05:00,2,closed,False,Г-01,"Заменены уплотнения, долито масло, течь устранена",0,2026-09-29T05:56:49.812518+05:00,2026-09-29T06:00:20.444054+05:00,2026-09-29T06:04:56.851140+05:00,2026-09-29T07:54:58.428781+05:00,2026-09-29T08:49:42.126049+05:00
516,516,unplanned,emergency,"Вибрация, подшипник греется выше 80 °C",2,14,30c23f9b-3046-52c7-aa98-4ded8e8f73ec,1,38634255-032f-5302-be4f-e3bb175128c8,2026-09-29T10:08:08.459426+05:00,3,closed,False,М-02,"Заменён подшипник, узел промыт и смазан, проверено на холостом ходу",0,2026-09-29T05:59:08.459426+05:00,2026-09-29T06:02:06.915804+05:00,2026-09-29T06:10:00.170414+05:00,2026-09-29T09:08:04.836315+05:00,2026-09-29T09:27:03.906661+05:00
517,517,planned,planned,"Плановый ремонт (ППР): Насос ГрАТ-450 №3 — осмотр, смазка, подтяжка креплений, замена изношенных элементов",2,11,30c23f9b-3046-52c7-aa98-4ded8e8f73ec,1,c8297387-4c37-53d3-8120-a214ac80359e,2026-09-29T15:24:08.630854+05:00,4,closed,False,,"Выполнен ППР: Насос ГрАТ-450 №3 — осмотр, смазка узлов, подтяжка креплений",0,2026-09-29T08:17:49.461350+05:00,2026-09-29T08:22:54.958825+05:00,2026-09-29T08:41:42.842410+05:00,2026-09-29T12:43:42.309383+05:00,2026-09-29T13:37:36.587920+05:00
518,518,planned,planned,"Плановый ремонт (ППР): Сушильный барабан СБ-1 — осмотр, смазка, подтяжка креплений, замена изношенных элементов",3,15,79413058-e2c0-5b03-adfb-a2a01c58f0d5,3,c8297387-4c37-53d3-8120-a214ac80359e,2026-09-29T18:25:59.559733+05:00,6,closed,False,,"Выполнен ППР: Сушильный барабан СБ-1 — осмотр, смазка узлов, подтяжка креплений",0,2026-09-29T08:21:14.128425+05:00,2026-09-29T08:30:05.970482+05:00,2026-09-29T08:48:11.527502+05:00,2026-09-29T15:34:41.277187+05:00,2026-09-29T16:25:53.306169+05:00
519,519,planned,planned,"Плановый ремонт (ППР): Вентилятор ВМ-12 — осмотр, смазка, подтяжка креплений, замена изношенных элементов",2,14,2f23346e-8eed-5645-a1b2-d929d4517246,3,c8297387-4c37-53d3-8120-a214ac80359e,2026-09-29T16:36:52.671959+05:00,3,closed,False,,"Выполнен ППР: Вентилятор ВМ-12 — осмотр, смазка узлов, подтяжка креплений",0,2026-09-29T09:54:47.429692+05:00,2026-09-29T10:06:45.332787+05:00,2026-09-29T10:18:50.693045+05:00,2026-09-29T12:03:41.317305+05:00,2026-09-29T12:49:52.098400+05:00
520,520,unplanned,emergency,Выбивает автомат при пуске,4,25,afebbbfd-2a78-5649-81b2-ad4f458ca374,2,c8297387-4c37-53d3-8120-a214ac80359e,2026-09-29T18:42:47.945115+05:00,1,closed,False,Э-03,"Заменён автомат, проверена нагрузка, защита отрегулирована",0,2026-09-29T17:09:47.945115+05:00,2026-09-29T17:12:53.319203+05:00,2026-09-29T17:26:57.250475+05:00,2026-09-29T18:29:17.925295+05:00,2026-09-29T18:57:49.497872+05:00
521,521,planned,planned,"Плановый ремонт (ППР): Дымосос ДН-15 — осмотр, смазка, подтяжка креплений, замена изношенных элементов",3,19,4cd857ba-990a-5264-9b16-d26a06a3e6f4,2,c8297387-4c37-53d3-8120-a214ac80359e,2026-09-30T15:30:38.535779+05:00,3,closed,False,,"Выполнен ППР: Дымосос ДН-15 — осмотр, смазка узлов, подтяжка креплений",0,2026-09-30T09:07:20.483446+05:00,2026-09-30T09:20:35.026777+05:00,2026-09-30T09:25:39.821772+05:00,2026-09-30T11:32:56.480958+05:00,2026-09-30T11:58:22.371164+05:00
522,522,planned,planned,"Плановый ремонт (ППР): Сварочный пост СП-2 — осмотр, смазка, подтяжка креплений, замена изношенных элементов",4,25,75808db3-d714-5bc1-8824-97b2c7c6f097,1,c8297387-4c37-53d3-8120-a214ac80359e,2026-09-30T16:26:02.704125+05:00,3,closed,False,,"Выполнен ППР: Сварочный пост СП-2 — осмотр, смазка узлов, подтяжка креплений",0,2026-09-30T09:44:36.437191+05:00,2026-09-30T09:48:58.406962+05:00,2026-09-30T09:58:36.538958+05:00,2026-09-30T11:57:41.462890+05:00,2026-09-30T12:50:05.044351+05:00
523,523,unplanned,high,"Падение напора, шум в улитке насоса",2,11,79413058-e2c0-5b03-adfb-a2a01c58f0d5,3,c8297387-4c37-53d3-8120-a214ac80359e,2026-09-30T22:59:59.122777+05:00,4,closed,False,М-06,"Заменено рабочее колесо, уплотнения, насос опробован",0,2026-09-30T15:55:19.534398+05:00,2026-09-30T16:03:31.845101+05:00,2026-09-30T16:16:13.199642+05:00,2026-09-30T20:32:40.615574+05:00,2026-09-30T21:31:54.071736+05:00
524,524,unplanned,normal,Срабатывает тепловая защита,2,9,42ef7ac6-1e11-523f-b9a2-a713f308d193,3,38634255-032f-5302-be4f-e3bb175128c8,2026-10-01T02:59:31.589108+05:00,1,closed,False,Э-03,"Заменён автомат, проверена нагрузка, защита отрегулирована",0,2026-10-01T00:17:37.713203+05:00,2026-10-01T00:26:30.815205+05:00,2026-10-01T00:43:11.638464+05:00,2026-10-01T01:40:46.655472+05:00,2026-10-01T01:52:29.273924+05:00
525,525,unplanned,normal,"Двигатель не запускается, запах гари",1,7,afebbbfd-2a78-5649-81b2-ad4f458ca374,2,38634255-032f-5302-be4f-e3bb175128c8,2026-10-01T10:59:39.135908+05:00,4,closed,False,Э-02,"Заменены подшипники двигателя, проверены обмотки, пуск в норме",0,2026-10-01T03:16:48.287636+05:00,2026-10-01T03:27:34.388749+05:00,2026-10-01T03:41:17.775720+05:00,2026-10-01T07:11:22.677604+05:00,2026-10-01T08:09:33.515022+05:00
526,526,planned,planned,"Плановый ремонт (ППР): Конвейер К-3 — осмотр, смазка, подтяжка креплений, замена изношенных элементов",1,6,4cd857ba-990a-5264-9b16-d26a06a3e6f4,2,c8297387-4c37-53d3-8120-a214ac80359e,2026-10-01T15:36:20.455628+05:00,4,closed,False,,"Выполнен ППР: Конвейер К-3 — осмотр, смазка узлов, подтяжка креплений",0,2026-10-01T08:24:18.225648+05:00,2026-10-01T08:38:41.409362+05:00,2026-10-01T08:44:28.061033+05:00,2026-10-01T11:16:37.675031+05:00,2026-10-01T12:08:34.789582+05:00
527,527,planned,planned,"Плановый ремонт (ППР): Конвейер К-1 — осмотр, смазка, подтяжка креплений, замена изношенных элементов",1,4,4cd857ba-990a-5264-9b16-d26a06a3e6f4,2,c8297387-4c37-53d3-8120-a214ac80359e,2026-10-01T15:24:09.213136+05:00,4,closed,False,,"Выполнен ППР: Конвейер К-1 — осмотр, смазка узлов, подтяжка креплений",0,2026-10-01T09:01:33.235813+05:00,2026-10-01T09:06:39.043682+05:00,2026-10-01T09:21:42.242301+05:00,2026-10-01T13:24:35.642506+05:00,2026-10-01T13:47:15.430537+05:00
528,528,planned,planned,"Плановый ремонт (ППР): Кран мостовой 10 т — осмотр, смазка, подтяжка креплений, замена изношенных элементов",4,22,4cd857ba-990a-5264-9b16-d26a06a3e6f4,2,c8297387-4c37-53d3-8120-a214ac80359e,2026-10-01T15:23:03.327235+05:00,3,closed,False,,"Выполнен ППР: Кран мостовой 10 т — осмотр, смазка узлов, подтяжка креплений",0,2026-10-01T09:18:41.758835+05:00,2026-10-01T09:23:23.996196+05:00,2026-10-01T09:42:04.626884+05:00,2026-10-01T13:19:15.525387+05:00,2026-10-01T14:10:42.803335+05:00
529,529,planned,planned,"Плановый ремонт (ППР): Дробилка ККД-1500 — осмотр, смазка, подтяжка креплений, замена изношенных элементов",1,2,2f23346e-8eed-5645-a1b2-d929d4517246,3,c8297387-4c37-53d3-8120-a214ac80359e,2026-10-01T22:50:28.154488+05:00,8,closed,False,,"Выполнен ППР: Дробилка ККД-1500 — осмотр, смазка узлов, подтяжка креплений",0,2026-10-01T09:36:36.978488+05:00,2026-10-01T09:45:28.627375+05:00,2026-10-01T09:51:04.044463+05:00,2026-10-01T15:06:03.625418+05:00,2026-10-01T15:32:42.997151+05:00
530,530,unplanned,normal,"Вибрация, ослабли крепления рамы",1,7,1c4d0efe-d6e1-5774-af33-096424b68a1d,2,c8297387-4c37-53d3-8120-a214ac80359e,2026-10-01T15:26:49.190850+05:00,1.5,closed,False,М-05,"Подтянуты и заменены крепления, проверена вибрация",0,2026-10-01T12:14:27.728440+05:00,2026-10-01T12:19:06.215597+05:00,2026-10-01T12:29:30.678445+05:00,2026-10-01T13:31:58.984970+05:00,2026-10-01T14:05:16.965182+05:00
531,531,unplanned,high,Залипание контактов контактора,4,22,afebbbfd-2a78-5649-81b2-ad4f458ca374,2,c8297387-4c37-53d3-8120-a214ac80359e,2026-10-01T19:41:48.161923+05:00,1.5,closed,False,Э-05,"Заменён пускатель/контактор, проверена схема управления",0,2026-10-01T15:36:12.234623+05:00,2026-10-01T15:53:19.274250+05:00,2026-10-01T15:58:34.911730+05:00,2026-10-01T18:36:26.116950+05:00,2026-10-01T19:15:22.492978+05:00
532,532,planned,planned,"Плановый ремонт (ППР): Грохот ГИТ-51 №2 — осмотр, смазка, подтяжка креплений, замена изношенных элементов",2,8,2f23346e-8eed-5645-a1b2-d929d4517246,3,c8297387-4c37-53d3-8120-a214ac80359e,2026-10-02T17:18:23.592186+05:00,4,closed,False,,"Выполнен ППР: Грохот ГИТ-51 №2 — осмотр, смазка узлов, подтяжка креплений",0,2026-10-02T09:27:21.415491+05:00,2026-10-02T09:37:25.076862+05:00,2026-10-02T09:47:32.345433+05:00,2026-10-02T13:54:11.112655+05:00,2026-10-02T14:37:24.971363+05:00
533,533,planned,planned,"Плановый ремонт (ППР): Сушильный барабан СБ-2 — осмотр, смазка, подтяжка креплений, замена изношенных элементов",3,16,79413058-e2c0-5b03-adfb-a2a01c58f0d5,3,c8297387-4c37-53d3-8120-a214ac80359e,2026-10-02T19:46:06.015688+05:00,6,closed,False,,"Выполнен ППР: Сушильный барабан СБ-2 — осмотр, смазка узлов, подтяжка креплений",0,2026-10-02T09:41:56.352896+05:00,2026-10-02T09:50:22.560212+05:00,2026-10-02T10:01:31.456920+05:00,2026-10-02T16:04:20.327960+05:00,2026-10-02T16:59:59.567173+05:00
534,534,unplanned,normal,Залипание контактов контактора,4,22,afebbbfd-2a78-5649-81b2-ad4f458ca374,2,38634255-032f-5302-be4f-e3bb175128c8,2026-10-03T07:07:29.059421+05:00,1.5,closed,False,Э-05,"Заменён пускатель/контактор, проверена схема управления",0,2026-10-03T02:45:24.956511+05:00,2026-10-03T02:56:43.573996+05:00,2026-10-03T03:06:23.953243+05:00,2026-10-03T05:18:41.598182+05:00,2026-10-03T06:06:10.068633+05:00
535,535,planned,planned,"Плановый ремонт (ППР): Токарный станок 1М63 — осмотр, смазка, подтяжка креплений, замена изношенных элементов",4,21,4d9937c4-06fe-581d-bbee-b905cacaf2cc,2,c8297387-4c37-53d3-8120-a214ac80359e,2026-10-03T15:23:45.280195+05:00,3,closed,False,,"Выполнен ППР: Токарный станок 1М63 — осмотр, смазка узлов, подтяжка креплений",0,2026-10-03T08:35:37.982571+05:00,2026-10-03T08:44:53.464601+05:00,2026-10-03T09:03:17.196337+05:00,2026-10-03T12:19:41.313031+05:00,2026-10-03T13:08:27.815888+05:00
536,536,planned,planned,"Плановый ремонт (ППР): Питатель пластинчатый ПП-1 — осмотр, смазка, подтяжка креплений, замена изношенных элементов",1,3,2f23346e-8eed-5645-a1b2-d929d4517246,3,c8297387-4c37-53d3-8120-a214ac80359e,2026-10-03T15:21:03.814443+05:00,3,closed,False,,"Выполнен ППР: Питатель пластинчатый ПП-1 — осмотр, смазка узлов, подтяжка креплений",0,2026-10-03T08:50:39.965974+05:00,2026-10-03T08:53:20.302997+05:00,2026-10-03T09:11:19.644204+05:00,2026-10-03T12:14:38.174061+05:00,2026-10-03T12:38:57.421737+05:00
537,537,planned,planned,"Плановый ремонт (ППР): Рукавный фильтр РФ-1 — осмотр, смазка, подтяжка креплений, замена изношенных элементов",3,17,4d9937c4-06fe-581d-bbee-b905cacaf2cc,2,c8297387-4c37-53d3-8120-a214ac80359e,2026-10-03T15:42:57.905737+05:00,3,closed,False,,"Выполнен ППР: Рукавный фильтр РФ-1 — осмотр, смазка узлов, подтяжка креплений",0,2026-10-03T09:07:32.386000+05:00,2026-10-03T09:17:00.080352+05:00,2026-10-03T09:21:46.463028+05:00,2026-10-03T13:12:44.196393+05:00,2026-10-03T13:45:39.256376+05:00
538,538,planned,planned,"Плановый ремонт (ППР): Рукавный фильтр РФ-2 — осмотр, смазка, подтяжка креплений, замена изношенных элементов",3,18,4d9937c4-06fe-581d-bbee-b905cacaf2cc,2,c8297387-4c37-53d3-8120-a214ac80359e,2026-10-03T15:06:34.693620+05:00,3,closed,False,,"Выполнен ППР: Рукавный фильтр РФ-2 — осмотр, смазка узлов, подтяжка креплений",0,2026-10-03T09:40:29.216895+05:00,2026-10-03T09:51:49.518730+05:00,2026-10-03T10:07:54.427311+05:00,2026-10-03T13:11:25.539942+05:00,2026-10-03T13:36:56.256540+05:00
539,539,unplanned,normal,"Течь гидрожидкости, лужа под агрегатом",1,2,48146e97-4033-5976-9433-13e5009595cb,1,38634255-032f-5302-be4f-e3bb175128c8,2026-10-04T01:41:19.231142+05:00,2,closed,False,Г-01,"Заменены уплотнения, долито масло, течь устранена",0,2026-10-03T20:24:55.293888+05:00,2026-10-03T20:36:39.981353+05:00,2026-10-03T20:53:42.458566+05:00,2026-10-03T22:08:54.082398+05:00,2026-10-03T22:21:17.687015+05:00
540,540,unplanned,high,Гидроцилиндр не держит давление,4,23,48146e97-4033-5976-9433-13e5009595cb,1,38634255-032f-5302-be4f-e3bb175128c8,2026-10-04T04:24:38.827976+05:00,4,closed,False,Г-02,"Отремонтирован гидроцилиндр, заменены манжеты",0,2026-10-03T20:35:28.630664+05:00,2026-10-03T20:41:56.657626+05:00,2026-10-03T20:59:13.748704+05:00,2026-10-04T00:27:23.454494+05:00,2026-10-04T01:07:37.804258+05:00
541,541,planned,planned,"Плановый ремонт (ППР): Сепаратор пневматический СП-1 — осмотр, смазка, подтяжка креплений, замена изношенных элементов",2,12,4d9937c4-06fe-581d-bbee-b905cacaf2cc,2,c8297387-4c37-53d3-8120-a214ac80359e,2026-10-04T13:38:00.214394+05:00,3,closed,False,,"Выполнен ППР: Сепаратор пневматический СП-1 — осмотр, смазка узлов, подтяжка креплений",0,2026-10-04T08:39:07.507788+05:00,2026-10-04T08:41:24.414069+05:00,2026-10-04T08:54:38.291718+05:00,2026-10-04T12:23:02.505914+05:00,2026-10-04T12:38:48.256298+05:00
542,542,planned,planned,"Плановый ремонт (ППР): Компрессор ВК-10 — осмотр, смазка, подтяжка креплений, замена изношенных элементов",4,24,30c23f9b-3046-52c7-aa98-4ded8e8f73ec,1,c8297387-4c37-53d3-8120-a214ac80359e,2026-10-04T13:25:29.625448+05:00,2,closed,False,,"Выполнен ППР: Компрессор ВК-10 — осмотр, смазка узлов, подтяжка креплений",0,2026-10-04T09:01:41.136383+05:00,2026-10-04T09:07:19.367138+05:00,2026-10-04T09:26:23.966693+05:00,2026-10-04T11:44:34.397133+05:00,2026-10-04T12:11:10.765988+05:00
543,543,unplanned,normal,"Перегрев узла, сухое трение",1,7,4d9937c4-06fe-581d-bbee-b905cacaf2cc,2,c8297387-4c37-53d3-8120-a214ac80359e,2026-10-04T12:21:46.722811+05:00,1,closed,False,С-01,"Узлы смазаны, проверен нагрев",0,2026-10-04T09:12:35.676223+05:00,2026-10-04T09:23:06.818931+05:00,2026-10-04T09:34:20.064231+05:00,2026-10-04T10:17:46.030493+05:00,2026-10-04T11:07:17.094368+05:00
544,544,planned,planned,"Плановый ремонт (ППР): Конвейер К-2 — осмотр, смазка, подтяжка креплений, замена изношенных элементов",1,5,2f23346e-8eed-5645-a1b2-d929d4517246,3,c8297387-4c37-53d3-8120-a214ac80359e,2026-10-04T15:42:45.749030+05:00,4,closed,False,,"Выполнен ППР: Конвейер К-2 — осмотр, смазка узлов, подтяжка креплений",0,2026-10-04T09:15:12.027653+05:00,2026-10-04T09:19:21.269442+05:00,2026-10-04T09:22:23.421458+05:00,2026-10-04T11:13:43.372439+05:00,2026-10-04T11:52:33.493650+05:00
545,545,planned,planned,"Плановый ремонт (ППР): Грохот ГИТ-51 №1 — осмотр, смазка, подтяжка креплений, замена изношенных элементов",1,7,4d9937c4-06fe-581d-bbee-b905cacaf2cc,2,c8297387-4c37-53d3-8120-a214ac80359e,2026-10-04T15:49:26.758422+05:00,4,closed,False,,"Выполнен ППР: Грохот ГИТ-51 №1 — осмотр, смазка узлов, подтяжка креплений",0,2026-10-04T09:36:57.306792+05:00,2026-10-04T09:41:33.801706+05:00,2026-10-04T09:48:45.671690+05:00,2026-10-04T13:25:19.738501+05:00,2026-10-04T14:05:49.086567+05:00
546,546,planned,planned,"Плановый ремонт (ППР): Компрессор ВК-20 — осмотр, смазка, подтяжка креплений, замена изношенных элементов",3,20,75808db3-d714-5bc1-8824-97b2c7c6f097,1,c8297387-4c37-53d3-8120-a214ac80359e,2026-10-04T14:15:03.907899+05:00,2,closed,False,,"Выполнен ППР: Компрессор ВК-20 — осмотр, смазка узлов, подтяжка креплений",0,2026-10-04T09:43:21.365545+05:00,2026-10-04T09:46:51.177798+05:00,2026-10-04T09:53:35.464743+05:00,2026-10-04T12:22:51.419756+05:00,2026-10-04T12:38:16.343634+05:00
547,547,unplanned,emergency,"Стук, откручиваются болты опоры",1,7,79413058-e2c0-5b03-adfb-a2a01c58f0d5,3,c8297387-4c37-53d3-8120-a214ac80359e,2026-10-04T16:29:04.441805+05:00,1.5,closed,False,М-05,"Подтянуты и заменены крепления, проверена вибрация",0,2026-10-04T14:17:04.441805+05:00,2026-10-04T14:24:59.528299+05:00,2026-10-04T14:28:06.785172+05:00,2026-10-04T15:53:56.943850+05:00,2026-10-04T16:23:55.807389+05:00
