order_id,actor_id,action,from_status,to_status,at,comment,reason
1,c8297387-4c37-53d3-8120-a214ac80359e,issue,,issued,2026-07-06T08:38:20.288388+05:00,"Плановый ремонт (ППР): Дробилка КМД-1750 — осмотр, смазка, подтяжка креплений, замена изношенных элементов",
1,4d9937c4-06fe-581d-bbee-b905cacaf2cc,accept,issued,accepted,2026-07-06T08:47:29.941603+05:00,,
1,4d9937c4-06fe-581d-bbee-b905cacaf2cc,start,accepted,in_progress,2026-07-06T08:52:35.881621+05:00,,
1,4d9937c4-06fe-581d-bbee-b905cacaf2cc,complete,in_progress,done,2026-07-06T18:45:22.076088+05:00,"Выполнен ППР: Дробилка КМД-1750 — осмотр, смазка узлов, подтяжка креплений",
1,,ai_verdict,done,ai_review,2026-07-06T18:47:41.577213+05:00,,
1,c8297387-4c37-53d3-8120-a214ac80359e,approve,ai_review,closed,2026-07-06T19:05:19.758144+05:00,,
2,c8297387-4c37-53d3-8120-a214ac80359e,issue,,issued,2026-07-06T08:50:58.344604+05:00,"Плановый ремонт (ППР): Гидропресс П-6326 — осмотр, смазка, подтяжка креплений, замена изношенных элементов",
2,1c4d0efe-d6e1-5774-af33-096424b68a1d,accept,issued,accepted,2026-07-06T08:54:21.761566+05:00,,
2,1c4d0efe-d6e1-5774-af33-096424b68a1d,start,accepted,in_progress,2026-07-06T09:06:48.715675+05:00,,
2,1c4d0efe-d6e1-5774-af33-096424b68a1d,pause,in_progress,paused,2026-07-06T10:24:16.538096+05:00,,ждёт допуска
2,1c4d0efe-d6e1-5774-af33-096424b68a1d,start,paused,in_progress,2026-07-06T11:27:01.330935+05:00,,
2,1c4d0efe-d6e1-5774-af33-096424b68a1d,complete,in_progress,done,2026-07-06T13:23:13.064566+05:00,"Выполнен ППР: Гидропресс П-6326 — осмотр, смазка узлов, подтяжка креплений",
2,,ai_verdict,done,ai_review,2026-07-06T13:24:38.678691+05:00,,
2,c8297387-4c37-53d3-8120-a214ac80359e,approve,ai_review,closed,2026-07-06T13:50:20.071065+05:00,,
3,c8297387-4c37-53d3-8120-a214ac80359e,issue,,issued,2026-07-06T08:59:42.501695+05:00,"Плановый ремонт (ППР): Конвейер К-7 — осмотр, смазка, подтяжка креплений, замена изношенных элементов",
3,75808db3-d714-5bc1-8824-97b2c7c6f097,accept,issued,accepted,2026-07-06T09:06:32.139550+05:00,,
3,75808db3-d714-5bc1-8824-97b2c7c6f097,start,accepted,in_progress,2026-07-06T09:25:39.324307+05:00,,
3,75808db3-d714-5bc1-8824-97b2c7c6f097,complete,in_progress,done,2026-07-06T14:27:53.131256+05:00,"Выполнен ППР: Конвейер К-7 — осмотр, смазка узлов, подтяжка креплений",
3,,ai_verdict,done,ai_review,2026-07-06T14:29:07.594894+05:00,,
3,c8297387-4c37-53d3-8120-a214ac80359e,approve,ai_review,closed,2026-07-06T14:48:06.830182+05:00,,
4,c8297387-4c37-53d3-8120-a214ac80359e,issue,,issued,2026-07-06T09:14:31.737566+05:00,"Плановый ремонт (ППР): Насос ГрАТ-450 №2 — осмотр, смазка, подтяжка креплений, замена изношенных элементов",
4,30c23f9b-3046-52c7-aa98-4ded8e8f73ec,accept,issued,accepted,2026-07-06T09:18:18.494447+05:00,,
4,30c23f9b-3046-52c7-aa98-4ded8e8f73ec,start,accepted,in_progress,2026-07-06T09:34:03.684313+05:00,,
4,30c23f9b-3046-52c7-aa98-4ded8e8f73ec,complete,in_progress,done,2026-07-06T12:09:44.628322+05:00,"Выполнен ППР: Насос ГрАТ-450 №2 — осмотр, смазка узлов, подтяжка креплений",
4,,ai_verdict,done,ai_review,2026-07-06T12:11:08.853828+05:00,,
4,c8297387-4c37-53d3-8120-a214ac80359e,approve,ai_review,closed,2026-07-06T12:44:49.022460+05:00,,
5,c8297387-4c37-53d3-8120-a214ac80359e,issue,,issued,2026-07-06T09:17:49.547328+05:00,"Плановый ремонт (ППР): Насос ГрАТ-450 №1 — осмотр, смазка, подтяжка креплений, замена изношенных элементов",
5,4cd857ba-990a-5264-9b16-d26a06a3e6f4,accept,issued,accepted,2026-07-06T09:25:17.505095+05:00,,
5,4cd857ba-990a-5264-9b16-d26a06a3e6f4,start,accepted,in_progress,2026-07-06T09:35:35.260083+05:00,,
5,4cd857ba-990a-5264-9b16-d26a06a3e6f4,complete,in_progress,done,2026-07-06T13:00:48.542258+05:00,"Выполнен ППР: Насос ГрАТ-450 №1 — осмотр, смазка узлов, подтяжка креплений",
5,,ai_verdict,done,ai_review,2026-07-06T13:02:20.219263+05:00,,
5,c8297387-4c37-53d3-8120-a214ac80359e,approve,ai_review,closed,2026-07-06T13:44:05.579846+05:00,,
6,c8297387-4c37-53d3-8120-a214ac80359e,issue,,issued,2026-07-06T09:47:59.442870+05:00,"Перегрев электродвигателя, гул",
6,afebbbfd-2a78-5649-81b2-ad4f458ca374,accept,issued,accepted,2026-07-06T09:49:53.003359+05:00,,
6,afebbbfd-2a78-5649-81b2-ad4f458ca374,start,accepted,in_progress,2026-07-06T10:08:00.150032+05:00,,
6,afebbbfd-2a78-5649-81b2-ad4f458ca374,complete,in_progress,done,2026-07-06T13:30:47.934247+05:00,"Заменены подшипники двигателя, проверены обмотки, пуск в норме",
6,,ai_verdict,done,ai_review,2026-07-06T13:32:25.640506+05:00,,
6,c8297387-4c37-53d3-8120-a214ac80359e,approve,ai_review,closed,2026-07-06T14:02:34.887579+05:00,,
7,c8297387-4c37-53d3-8120-a214ac80359e,issue,,issued,2026-07-06T17:09:11.560926+05:00,Шум и нагрев подшипникового узла привода,
7,79413058-e2c0-5b03-adfb-a2a01c58f0d5,accept,issued,accepted,2026-07-06T17:17:18.903736+05:00,,
7,79413058-e2c0-5b03-adfb-a2a01c58f0d5,start,accepted,in_progress,2026-07-06T17:28:42.854835+05:00,,
7,79413058-e2c0-5b03-adfb-a2a01c58f0d5,complete,in_progress,done,2026-07-06T19:45:45.617301+05:00,"Заменён подшипник, узел промыт и смазан, проверено на холостом ходу",
7,,ai_verdict,done,ai_review,2026-07-06T19:47:16.118066+05:00,,
7,c8297387-4c37-53d3-8120-a214ac80359e,approve,ai_review,closed,2026-07-06T20:42:55.611791+05:00,,
8,c8297387-4c37-53d3-8120-a214ac80359e,issue,,issued,2026-07-07T08:05:25.703465+05:00,"Плановый ремонт (ППР): Вентилятор ВМ-12 — осмотр, смазка, подтяжка креплений, замена изношенных элементов",
8,1c4d0efe-d6e1-5774-af33-096424b68a1d,accept,issued,accepted,2026-07-07T08:09:16.562190+05:00,,
8,1c4d0efe-d6e1-5774-af33-096424b68a1d,start,accepted,in_progress,2026-07-07T08:23:07.080360+05:00,,
8,1c4d0efe-d6e1-5774-af33-096424b68a1d,complete,in_progress,done,2026-07-07T10:49:20.276635+05:00,"Выполнен ППР: Вентилятор ВМ-12 — осмотр, смазка узлов, подтяжка креплений",
8,,ai_verdict,done,ai_review,2026-07-07T10:51:51.027273+05:00,,
8,c8297387-4c37-53d3-8120-a214ac80359e,approve,ai_review,closed,2026-07-07T11:13:01.246717+05:00,,
9,c8297387-4c37-53d3-8120-a214ac80359e,issue,,issued,2026-07-07T08:56:45.481406+05:00,"Плановый ремонт (ППР): Насос ГрАТ-450 №3 — осмотр, смазка, подтяжка креплений, замена изношенных элементов",
9,2f23346e-8eed-5645-a1b2-d929d4517246,accept,issued,accepted,2026-07-07T09:07:03.039414+05:00,,
9,2f23346e-8eed-5645-a1b2-d929d4517246,start,accepted,in_progress,2026-07-07T09:24:09.596516+05:00,,
9,2f23346e-8eed-5645-a1b2-d929d4517246,complete,in_progress,done,2026-07-07T12:41:32.828446+05:00,"Выполнен ППР: Насос ГрАТ-450 №3 — осмотр, смазка узлов, подтяжка креплений",
9,,ai_verdict,done,ai_review,2026-07-07T12:43:32.805937+05:00,,
9,c8297387-4c37-53d3-8120-a214ac80359e,approve,ai_review,closed,2026-07-07T13:16:04.046441+05:00,,
10,c8297387-4c37-53d3-8120-a214ac80359e,issue,,issued,2026-07-07T09:19:20.805014+05:00,"Плановый ремонт (ППР): Сушильный барабан СБ-1 — осмотр, смазка, подтяжка креплений, замена изношенных элементов",
10,75808db3-d714-5bc1-8824-97b2c7c6f097,accept,issued,accepted,2026-07-07T09:22:14.126867+05:00,,
10,75808db3-d714-5bc1-8824-97b2c7c6f097,start,accepted,in_progress,2026-07-07T09:30:55.319692+05:00,,
10,75808db3-d714-5bc1-8824-97b2c7c6f097,complete,in_progress,done,2026-07-07T16:31:11.986287+05:00,"Выполнен ППР: Сушильный барабан СБ-1 — осмотр, смазка узлов, подтяжка креплений",
10,,ai_verdict,done,ai_review,2026-07-07T16:33:51.489246+05:00,,
10,c8297387-4c37-53d3-8120-a214ac80359e,approve,ai_review,closed,2026-07-07T17:26:15.875524+05:00,,
11,c8297387-4c37-53d3-8120-a214ac80359e,issue,,issued,2026-07-07T15:51:22.453513+05:00,"Двигатель не запускается, запах гари",
11,524bebbe-f703-5521-8e9d-5a3e54fbbf10,accept,issued,accepted,2026-07-07T15:53:02.675298+05:00,,
11,524bebbe-f703-5521-8e9d-5a3e54fbbf10,start,accepted,in_progress,2026-07-07T16:02:04.156075+05:00,,
11,524bebbe-f703-5521-8e9d-5a3e54fbbf10,complete,in_progress,done,2026-07-07T20:38:18.216657+05:00,"Заменены подшипники двигателя, проверены обмотки, пуск в норме",
11,,ai_verdict,done,ai_review,2026-07-07T20:39:53.986994+05:00,,
11,c8297387-4c37-53d3-8120-a214ac80359e,approve,ai_review,closed,2026-07-07T20:52:12.330811+05:00,,
12,38634255-032f-5302-be4f-e3bb175128c8,issue,,issued,2026-07-08T03:55:13.636779+05:00,"Течь гидрожидкости, лужа под агрегатом",
12,9d7fbeed-09f8-55cd-9cc1-8e28b1c8a47a,accept,issued,accepted,2026-07-08T04:02:04.425976+05:00,,
12,9d7fbeed-09f8-55cd-9cc1-8e28b1c8a47a,start,accepted,in_progress,2026-07-08T04:13:07.388524+05:00,,
12,9d7fbeed-09f8-55cd-9cc1-8e28b1c8a47a,complete,in_progress,done,2026-07-08T06:04:20.943336+05:00,"Заменены уплотнения, долито масло, течь устранена",
12,,ai_verdict,done,ai_review,2026-07-08T06:06:59.407286+05:00,,
12,38634255-032f-5302-be4f-e3bb175128c8,approve,ai_review,closed,2026-07-08T06:24:54.212696+05:00,,
13,c8297387-4c37-53d3-8120-a214ac80359e,issue,,issued,2026-07-08T08:40:53.133700+05:00,"Плановый ремонт (ППР): Сварочный пост СП-2 — осмотр, смазка, подтяжка креплений, замена изношенных элементов",
13,4d9937c4-06fe-581d-bbee-b905cacaf2cc,accept,issued,accepted,2026-07-08T08:50:51.107955+05:00,,
13,4d9937c4-06fe-581d-bbee-b905cacaf2cc,start,accepted,in_progress,2026-07-08T08:58:33.556528+05:00,,
13,4d9937c4-06fe-581d-bbee-b905cacaf2cc,complete,in_progress,done,2026-07-08T11:31:57.509815+05:00,"Выполнен ППР: Сварочный пост СП-2 — осмотр, смазка узлов, подтяжка креплений",
13,,ai_verdict,done,ai_review,2026-07-08T11:34:33.144495+05:00,,
13,c8297387-4c37-53d3-8120-a214ac80359e,approve,ai_review,closed,2026-07-08T12:16:06.950104+05:00,,
14,c8297387-4c37-53d3-8120-a214ac80359e,issue,,issued,2026-07-08T09:51:49.088980+05:00,"Плановый ремонт (ППР): Дымосос ДН-15 — осмотр, смазка, подтяжка креплений, замена изношенных элементов",
14,75808db3-d714-5bc1-8824-97b2c7c6f097,accept,issued,accepted,2026-07-08T09:57:35.382963+05:00,,
14,75808db3-d714-5bc1-8824-97b2c7c6f097,start,accepted,in_progress,2026-07-08T10:00:16.626547+05:00,,
14,75808db3-d714-5bc1-8824-97b2c7c6f097,complete,in_progress,done,2026-07-08T11:55:17.859819+05:00,"Выполнен ППР: Дымосос ДН-15 — осмотр, смазка узлов, подтяжка креплений",
14,,ai_verdict,done,ai_review,2026-07-08T11:57:40.055770+05:00,,
14,c8297387-4c37-53d3-8120-a214ac80359e,approve,ai_review,closed,2026-07-08T12:38:38.371448+05:00,,
15,c8297387-4c37-53d3-8120-a214ac80359e,issue,,issued,2026-07-08T11:49:39.168407+05:00,Шум и нагрев подшипникового узла привода,
15,4d9937c4-06fe-581d-bbee-b905cacaf2cc,reject,issued,rejected,2026-07-08T11:54:04.871477+05:00,,нет материалов
15,c8297387-4c37-53d3-8120-a214ac80359e,reassign,rejected,issued,2026-07-08T11:57:08.178687+05:00,,
15,2f23346e-8eed-5645-a1b2-d929d4517246,accept,issued,accepted,2026-07-08T11:58:32.985612+05:00,,
15,2f23346e-8eed-5645-a1b2-d929d4517246,start,accepted,in_progress,2026-07-08T12:02:30.051349+05:00,,
15,2f23346e-8eed-5645-a1b2-d929d4517246,complete,in_progress,done,2026-07-08T15:11:56.921918+05:00,"Заменён подшипник, узел промыт и смазан, проверено на холостом ходу",
15,,ai_verdict,done,ai_review,2026-07-08T15:13:42.746690+05:00,,
15,c8297387-4c37-53d3-8120-a214ac80359e,approve,ai_review,closed,2026-07-08T15:45:01.705555+05:00,,
16,c8297387-4c37-53d3-8120-a214ac80359e,issue,,issued,2026-07-09T08:28:47.525371+05:00,"Плановый ремонт (ППР): Дробилка ККД-1500 — осмотр, смазка, подтяжка креплений, замена изношенных элементов",
16,30c23f9b-3046-52c7-aa98-4ded8e8f73ec,accept,issued,accepted,2026-07-09T08:36:28.106925+05:00,,
16,30c23f9b-3046-52c7-aa98-4ded8e8f73ec,start,accepted,in_progress,2026-07-09T08:44:01.630290+05:00,,
16,30c23f9b-3046-52c7-aa98-4ded8e8f73ec,complete,in_progress,done,2026-07-09T18:25:00.320098+05:00,"Выполнен ППР: Дробилка ККД-1500 — осмотр, смазка узлов, подтяжка креплений",
16,,ai_verdict,done,ai_review,2026-07-09T18:26:25.556163+05:00,,
16,c8297387-4c37-53d3-8120-a214ac80359e,approve,ai_review,closed,2026-07-09T19:13:43.977867+05:00,,
17,c8297387-4c37-53d3-8120-a214ac80359e,issue,,issued,2026-07-09T08:38:15.954158+05:00,"Плановый ремонт (ППР): Кран мостовой 10 т — осмотр, смазка, подтяжка креплений, замена изношенных элементов",
17,4d9937c4-06fe-581d-bbee-b905cacaf2cc,accept,issued,accepted,2026-07-09T08:49:00.933416+05:00,,
17,4d9937c4-06fe-581d-bbee-b905cacaf2cc,start,accepted,in_progress,2026-07-09T08:51:51.512549+05:00,,
17,4d9937c4-06fe-581d-bbee-b905cacaf2cc,complete,in_progress,done,2026-07-09T10:50:18.783078+05:00,"Выполнен ППР: Кран мостовой 10 т — осмотр, смазка узлов, подтяжка креплений",
17,,ai_verdict,done,ai_review,2026-07-09T10:52:21.106667+05:00,,
17,c8297387-4c37-53d3-8120-a214ac80359e,approve,ai_review,closed,2026-07-09T11:44:07.530075+05:00,,
18,c8297387-4c37-53d3-8120-a214ac80359e,issue,,issued,2026-07-09T09:20:54.982771+05:00,"Плановый ремонт (ППР): Конвейер К-3 — осмотр, смазка, подтяжка креплений, замена изношенных элементов",
18,30c23f9b-3046-52c7-aa98-4ded8e8f73ec,accept,issued,accepted,2026-07-09T09:30:46.099238+05:00,,
18,30c23f9b-3046-52c7-aa98-4ded8e8f73ec,start,accepted,in_progress,2026-07-09T09:49:48.428141+05:00,,
18,30c23f9b-3046-52c7-aa98-4ded8e8f73ec,pause,in_progress,paused,2026-07-09T11:13:13.040557+05:00,,ждёт допуска
18,30c23f9b-3046-52c7-aa98-4ded8e8f73ec,start,paused,in_progress,2026-07-09T11:57:09.934630+05:00,,
18,30c23f9b-3046-52c7-aa98-4ded8e8f73ec,complete,in_progress,done,2026-07-09T14:02:16.853254+05:00,"Выполнен ППР: Конвейер К-3 — осмотр, смазка узлов, подтяжка креплений",
18,,ai_verdict,done,ai_review,2026-07-09T14:03:42.637572+05:00,,
18,c8297387-4c37-53d3-8120-a214ac80359e,approve,ai_review,closed,2026-07-09T14:30:38.624938+05:00,,
19,c8297387-4c37-53d3-8120-a214ac80359e,issue,,issued,2026-07-09T09:46:54.974852+05:00,"Плановый ремонт (ППР): Конвейер К-1 — осмотр, смазка, подтяжка креплений, замена изношенных элементов",
19,4d9937c4-06fe-581d-bbee-b905cacaf2cc,accept,issued,accepted,2026-07-09T09:52:56.058066+05:00,,
19,4d9937c4-06fe-581d-bbee-b905cacaf2cc,start,accepted,in_progress,2026-07-09T10:05:30.959236+05:00,,
19,4d9937c4-06fe-581d-bbee-b905cacaf2cc,complete,in_progress,done,2026-07-09T12:30:11.590171+05:00,"Выполнен ППР: Конвейер К-1 — осмотр, смазка узлов, подтяжка креплений",
19,,ai_verdict,done,ai_review,2026-07-09T12:32:26.851594+05:00,,
19,c8297387-4c37-53d3-8120-a214ac80359e,approve,ai_review,closed,2026-07-09T13:20:49.623472+05:00,,
20,c8297387-4c37-53d3-8120-a214ac80359e,issue,,issued,2026-07-09T18:03:42.826940+05:00,"Перегрев узла, сухое трение",
20,79413058-e2c0-5b03-adfb-a2a01c58f0d5,accept,issued,accepted,2026-07-09T18:14:12.426038+05:00,,
20,79413058-e2c0-5b03-adfb-a2a01c58f0d5,start,accepted,in_progress,2026-07-09T18:28:42.792743+05:00,,
20,79413058-e2c0-5b03-adfb-a2a01c58f0d5,complete,in_progress,done,2026-07-09T19:27:40.741063+05:00,"Узлы смазаны, проверен нагрев",
20,,ai_verdict,done,ai_review,2026-07-09T19:29:58.867778+05:00,,
20,c8297387-4c37-53d3-8120-a214ac80359e,approve,ai_review,closed,2026-07-09T19:41:23.545061+05:00,,
21,38634255-032f-5302-be4f-e3bb175128c8,issue,,issued,2026-07-10T04:03:21.358918+05:00,"Стук, откручиваются болты опоры",
21,30c23f9b-3046-52c7-aa98-4ded8e8f73ec,accept,issued,accepted,2026-07-10T04:04:23.326721+05:00,,
21,30c23f9b-3046-52c7-aa98-4ded8e8f73ec,start,accepted,in_progress,2026-07-10T04:08:40.713198+05:00,,
21,30c23f9b-3046-52c7-aa98-4ded8e8f73ec,complete,in_progress,done,2026-07-10T05:53:29.168884+05:00,"Подтянуты и заменены крепления, проверена вибрация",
21,,ai_verdict,done,ai_review,2026-07-10T05:55:25.461464+05:00,,
21,38634255-032f-5302-be4f-e3bb175128c8,approve,ai_review,closed,2026-07-10T06:26:14.037613+05:00,,
22,c8297387-4c37-53d3-8120-a214ac80359e,issue,,issued,2026-07-10T08:57:50.780045+05:00,"Плановый ремонт (ППР): Сушильный барабан СБ-2 — осмотр, смазка, подтяжка креплений, замена изношенных элементов",
22,4d9937c4-06fe-581d-bbee-b905cacaf2cc,accept,issued,accepted,2026-07-10T09:09:53.444451+05:00,,
22,4d9937c4-06fe-581d-bbee-b905cacaf2cc,start,accepted,in_progress,2026-07-10T09:17:45.275577+05:00,,
22,4d9937c4-06fe-581d-bbee-b905cacaf2cc,complete,in_progress,done,2026-07-10T13:00:03.963200+05:00,"Выполнен ППР: Сушильный барабан СБ-2 — осмотр, смазка узлов, подтяжка креплений",
22,,ai_verdict,done,ai_review,2026-07-10T13:01:25.132459+05:00,,
22,c8297387-4c37-53d3-8120-a214ac80359e,approve,ai_review,closed,2026-07-10T13:24:09.877471+05:00,,
23,c8297387-4c37-53d3-8120-a214ac80359e,issue,,issued,2026-07-10T09:19:40.062313+05:00,"Плановый ремонт (ППР): Грохот ГИТ-51 №2 — осмотр, смазка, подтяжка креплений, замена изношенных элементов",
23,30c23f9b-3046-52c7-aa98-4ded8e8f73ec,accept,issued,accepted,2026-07-10T09:31:58.317560+05:00,,
23,30c23f9b-3046-52c7-aa98-4ded8e8f73ec,start,accepted,in_progress,2026-07-10T09:47:00.959524+05:00,,
23,30c23f9b-3046-52c7-aa98-4ded8e8f73ec,complete,in_progress,done,2026-07-10T14:38:00.585964+05:00,"Выполнен ППР: Грохот ГИТ-51 №2 — осмотр, смазка узлов, подтяжка креплений",
23,,ai_verdict,done,ai_review,2026-07-10T14:39:42.834467+05:00,,
23,c8297387-4c37-53d3-8120-a214ac80359e,approve,ai_review,closed,2026-07-10T15:21:22.456540+05:00,,
24,38634255-032f-5302-be4f-e3bb175128c8,issue,,issued,2026-07-11T00:41:06.902310+05:00,Шум и нагрев подшипникового узла привода,
24,4d9937c4-06fe-581d-bbee-b905cacaf2cc,accept,issued,accepted,2026-07-11T00:45:35.306367+05:00,,
24,4d9937c4-06fe-581d-bbee-b905cacaf2cc,start,accepted,in_progress,2026-07-11T01:01:00.382490+05:00,,
24,4d9937c4-06fe-581d-bbee-b905cacaf2cc,complete,in_progress,done,2026-07-11T03:48:02.864673+05:00,"Заменён подшипник, узел промыт и смазан, проверено на холостом ходу",
24,,ai_verdict,done,ai_review,2026-07-11T03:50:19.584700+05:00,,
24,38634255-032f-5302-be4f-e3bb175128c8,approve,ai_review,closed,2026-07-11T04:28:59.008831+05:00,,
25,38634255-032f-5302-be4f-e3bb175128c8,issue,,issued,2026-07-11T02:46:26.239700+05:00,"Двигатель не запускается, запах гари",
25,ee96e203-5cd8-5eb3-be58-94fd2ac2392a,accept,issued,accepted,2026-07-11T02:58:33.680615+05:00,,
25,ee96e203-5cd8-5eb3-be58-94fd2ac2392a,start,accepted,in_progress,2026-07-11T03:11:47.879268+05:00,,
25,ee96e203-5cd8-5eb3-be58-94fd2ac2392a,complete,in_progress,done,2026-07-11T06:29:18.491364+05:00,"Заменены подшипники двигателя, проверены обмотки, пуск в норме",
25,,ai_verdict,done,ai_review,2026-07-11T06:31:28.157122+05:00,,
25,38634255-032f-5302-be4f-e3bb175128c8,approve,ai_review,closed,2026-07-11T06:52:40.706173+05:00,,
26,38634255-032f-5302-be4f-e3bb175128c8,issue,,issued,2026-07-11T03:32:35.527616+05:00,"Вибрация, подшипник греется выше 80 °C",
26,75808db3-d714-5bc1-8824-97b2c7c6f097,accept,issued,accepted,2026-07-11T03:35:29.954673+05:00,,
26,75808db3-d714-5bc1-8824-97b2c7c6f097,start,accepted,in_progress,2026-07-11T03:43:46.871522+05:00,,
26,75808db3-d714-5bc1-8824-97b2c7c6f097,complete,in_progress,done,2026-07-11T07:17:48.117345+05:00,"Заменён подшипник, узел промыт и смазан, проверено на холостом ходу",
26,,ai_verdict,done,ai_review,2026-07-11T07:20:14.482561+05:00,,
26,38634255-032f-5302-be4f-e3bb175128c8,approve,ai_review,closed,2026-07-11T07:33:44.943495+05:00,,
27,c8297387-4c37-53d3-8120-a214ac80359e,issue,,issued,2026-07-11T08:21:53.650540+05:00,"Плановый ремонт (ППР): Рукавный фильтр РФ-1 — осмотр, смазка, подтяжка креплений, замена изношенных элементов",
27,2f23346e-8eed-5645-a1b2-d929d4517246,accept,issued,accepted,2026-07-11T08:32:30.926443+05:00,,
27,2f23346e-8eed-5645-a1b2-d929d4517246,start,accepted,in_progress,2026-07-11T08:44:05.501743+05:00,,
27,2f23346e-8eed-5645-a1b2-d929d4517246,complete,in_progress,done,2026-07-11T11:23:47.706638+05:00,"Выполнен ППР: Рукавный фильтр РФ-1 — осмотр, смазка узлов, подтяжка креплений",
27,,ai_verdict,done,ai_review,2026-07-11T11:26:05.538471+05:00,,
27,c8297387-4c37-53d3-8120-a214ac80359e,approve,ai_review,closed,2026-07-11T11:39:47.997956+05:00,,
28,c8297387-4c37-53d3-8120-a214ac80359e,issue,,issued,2026-07-11T09:01:37.830336+05:00,"Плановый ремонт (ППР): Питатель пластинчатый ПП-1 — осмотр, смазка, подтяжка креплений, замена изношенных элементов",
28,4d9937c4-06fe-581d-bbee-b905cacaf2cc,accept,issued,accepted,2026-07-11T09:13:07.406549+05:00,,
28,4d9937c4-06fe-581d-bbee-b905cacaf2cc,start,accepted,in_progress,2026-07-11T09:27:32.984565+05:00,,
28,4d9937c4-06fe-581d-bbee-b905cacaf2cc,pause,in_progress,paused,2026-07-11T10:50:29.341353+05:00,,ждёт остановки оборудования
28,4d9937c4-06fe-581d-bbee-b905cacaf2cc,start,paused,in_progress,2026-07-11T12:56:02.693699+05:00,,
28,4d9937c4-06fe-581d-bbee-b905cacaf2cc,complete,in_progress,done,2026-07-11T15:00:27.228880+05:00,"Выполнен ППР: Питатель пластинчатый ПП-1 — осмотр, смазка узлов, подтяжка креплений",
28,,ai_verdict,done,ai_review,2026-07-11T15:02:09.933801+05:00,,
28,c8297387-4c37-53d3-8120-a214ac80359e,approve,ai_review,closed,2026-07-11T15:50:16.634136+05:00,,
29,c8297387-4c37-53d3-8120-a214ac80359e,issue,,issued,2026-07-11T09:06:41.285942+05:00,"Плановый ремонт (ППР): Рукавный фильтр РФ-2 — осмотр, смазка, подтяжка креплений, замена изношенных элементов",
29,1c4d0efe-d6e1-5774-af33-096424b68a1d,accept,issued,accepted,2026-07-11T09:12:39.381544+05:00,,
29,1c4d0efe-d6e1-5774-af33-096424b68a1d,start,accepted,in_progress,2026-07-11T09:22:17.099971+05:00,,
29,1c4d0efe-d6e1-5774-af33-096424b68a1d,complete,in_progress,done,2026-07-11T11:53:07.587513+05:00,"Выполнен ППР: Рукавный фильтр РФ-2 — осмотр, смазка узлов, подтяжка креплений",
29,,ai_verdict,done,ai_review,2026-07-11T11:55:52.525161+05:00,,
29,c8297387-4c37-53d3-8120-a214ac80359e,approve,ai_review,closed,2026-07-11T12:33:28.051851+05:00,,
30,c8297387-4c37-53d3-8120-a214ac80359e,issue,,issued,2026-07-11T09:56:54.878865+05:00,"Плановый ремонт (ППР): Токарный станок 1М63 — осмотр, смазка, подтяжка креплений, замена изношенных элементов",
30,79413058-e2c0-5b03-adfb-a2a01c58f0d5,accept,issued,accepted,2026-07-11T10:03:10.433248+05:00,,
30,79413058-e2c0-5b03-adfb-a2a01c58f0d5,start,accepted,in_progress,2026-07-11T10:08:50.043528+05:00,,
30,79413058-e2c0-5b03-adfb-a2a01c58f0d5,complete,in_progress,done,2026-07-11T11:52:12.864688+05:00,"Выполнен ППР: Токарный станок 1М63 — осмотр, смазка узлов, подтяжка креплений",
30,,ai_verdict,done,ai_review,2026-07-11T11:54:51.908575+05:00,,
30,c8297387-4c37-53d3-8120-a214ac80359e,approve,ai_review,closed,2026-07-11T12:26:07.649980+05:00,,
31,c8297387-4c37-53d3-8120-a214ac80359e,issue,,issued,2026-07-11T12:36:58.916263+05:00,"Нет питания, повреждён кабель",
31,42ef7ac6-1e11-523f-b9a2-a713f308d193,accept,issued,accepted,2026-07-11T12:45:13.844155+05:00,,
31,42ef7ac6-1e11-523f-b9a2-a713f308d193,start,accepted,in_progress,2026-07-11T12:55:18.816890+05:00,,
31,42ef7ac6-1e11-523f-b9a2-a713f308d193,complete,in_progress,done,2026-07-11T14:23:04.906823+05:00,"Заменён участок кабеля, выполнено оконцевание, проверена изоляция",
31,,ai_verdict,done,ai_review,2026-07-11T14:24:21.515771+05:00,,
31,c8297387-4c37-53d3-8120-a214ac80359e,approve,ai_review,closed,2026-07-11T15:05:50.465359+05:00,,
32,c8297387-4c37-53d3-8120-a214ac80359e,issue,,issued,2026-07-12T08:03:02.708193+05:00,"Плановый ремонт (ППР): Конвейер К-2 — осмотр, смазка, подтяжка креплений, замена изношенных элементов",
32,4cd857ba-990a-5264-9b16-d26a06a3e6f4,accept,issued,accepted,2026-07-12T08:08:27.640376+05:00,,
32,4cd857ba-990a-5264-9b16-d26a06a3e6f4,start,accepted,in_progress,2026-07-12T08:12:15.019319+05:00,,
32,4cd857ba-990a-5264-9b16-d26a06a3e6f4,complete,in_progress,done,2026-07-12T11:17:34.166013+05:00,"Выполнен ППР: Конвейер К-2 — осмотр, смазка узлов, подтяжка креплений",
32,,ai_verdict,done,ai_review,2026-07-12T11:19:22.753153+05:00,,
32,c8297387-4c37-53d3-8120-a214ac80359e,approve,ai_review,closed,2026-07-12T12:03:58.645515+05:00,,
33,c8297387-4c37-53d3-8120-a214ac80359e,issue,,issued,2026-07-12T08:17:43.320309+05:00,"Плановый ремонт (ППР): Компрессор ВК-10 — осмотр, смазка, подтяжка креплений, замена изношенных элементов",
33,1c4d0efe-d6e1-5774-af33-096424b68a1d,accept,issued,accepted,2026-07-12T08:23:14.998970+05:00,,
33,1c4d0efe-d6e1-5774-af33-096424b68a1d,start,accepted,in_progress,2026-07-12T08:31:22.219932+05:00,,
33,1c4d0efe-d6e1-5774-af33-096424b68a1d,complete,in_progress,done,2026-07-12T10:33:23.145792+05:00,"Выполнен ППР: Компрессор ВК-10 — осмотр, смазка узлов, подтяжка креплений",
33,,ai_verdict,done,ai_review,2026-07-12T10:35:37.309112+05:00,,
33,c8297387-4c37-53d3-8120-a214ac80359e,approve,ai_review,closed,2026-07-12T11:15:17.735179+05:00,,
34,c8297387-4c37-53d3-8120-a214ac80359e,issue,,issued,2026-07-12T08:23:36.219201+05:00,"Плановый ремонт (ППР): Сепаратор пневматический СП-1 — осмотр, смазка, подтяжка креплений, замена изношенных элементов",
34,4d9937c4-06fe-581d-bbee-b905cacaf2cc,accept,issued,accepted,2026-07-12T08:27:30.243422+05:00,,
34,4d9937c4-06fe-581d-bbee-b905cacaf2cc,start,accepted,in_progress,2026-07-12T08:31:28.200540+05:00,,
34,4d9937c4-06fe-581d-bbee-b905cacaf2cc,complete,in_progress,done,2026-07-12T11:58:40.658587+05:00,"Выполнен ППР: Сепаратор пневматический СП-1 — осмотр, смазка узлов, подтяжка креплений",
34,,ai_verdict,done,ai_review,2026-07-12T12:00:31.522743+05:00,,
34,c8297387-4c37-53d3-8120-a214ac80359e,approve,ai_review,closed,2026-07-12T12:12:16.270172+05:00,,
35,c8297387-4c37-53d3-8120-a214ac80359e,issue,,issued,2026-07-12T08:32:17.058735+05:00,"Плановый ремонт (ППР): Грохот ГИТ-51 №1 — осмотр, смазка, подтяжка креплений, замена изношенных элементов",
35,75808db3-d714-5bc1-8824-97b2c7c6f097,accept,issued,accepted,2026-07-12T08:47:04.136083+05:00,,
35,75808db3-d714-5bc1-8824-97b2c7c6f097,start,accepted,in_progress,2026-07-12T08:55:58.660834+05:00,,
35,75808db3-d714-5bc1-8824-97b2c7c6f097,complete,in_progress,done,2026-07-12T14:02:59.368610+05:00,"Выполнен ППР: Грохот ГИТ-51 №1 — осмотр, смазка узлов, подтяжка креплений",
35,,ai_verdict,done,ai_review,2026-07-12T14:04:00.085945+05:00,,
35,c8297387-4c37-53d3-8120-a214ac80359e,approve,ai_review,closed,2026-07-12T15:01:41.294614+05:00,,
36,c8297387-4c37-53d3-8120-a214ac80359e,issue,,issued,2026-07-12T08:42:02.209095+05:00,"Плановый ремонт (ППР): Компрессор ВК-20 — осмотр, смазка, подтяжка креплений, замена изношенных элементов",
36,75808db3-d714-5bc1-8824-97b2c7c6f097,accept,issued,accepted,2026-07-12T08:44:19.151449+05:00,,
36,75808db3-d714-5bc1-8824-97b2c7c6f097,start,accepted,in_progress,2026-07-12T08:49:08.692267+05:00,,
36,75808db3-d714-5bc1-8824-97b2c7c6f097,complete,in_progress,done,2026-07-12T11:24:06.320076+05:00,"Выполнен ППР: Компрессор ВК-20 — осмотр, смазка узлов, подтяжка креплений",
36,,ai_verdict,done,rework,2026-07-12T11:26:03.637410+05:00,,Работы не соответствуют проблеме / нет фото «после»
36,75808db3-d714-5bc1-8824-97b2c7c6f097,start,rework,in_progress,2026-07-12T12:10:56.929387+05:00,,
36,75808db3-d714-5bc1-8824-97b2c7c6f097,complete,in_progress,done,2026-07-12T12:46:56.929387+05:00,"Выполнен ППР: Компрессор ВК-20 — осмотр, смазка узлов, подтяжка креплений",
36,,ai_verdict,done,ai_review,2026-07-12T12:49:21.738297+05:00,,
36,c8297387-4c37-53d3-8120-a214ac80359e,approve,ai_review,closed,2026-07-12T13:18:40.094398+05:00,,
37,c8297387-4c37-53d3-8120-a214ac80359e,issue,,issued,2026-07-12T11:03:44.268483+05:00,"Перегрев электродвигателя, гул",
37,ee96e203-5cd8-5eb3-be58-94fd2ac2392a,accept,issued,accepted,2026-07-12T11:05:08.954857+05:00,,
37,ee96e203-5cd8-5eb3-be58-94fd2ac2392a,start,accepted,in_progress,2026-07-12T11:08:20.839129+05:00,,
37,ee96e203-5cd8-5eb3-be58-94fd2ac2392a,complete,in_progress,done,2026-07-12T15:01:27.081401+05:00,"Заменены подшипники двигателя, проверены обмотки, пуск в норме",
37,,ai_verdict,done,ai_review,2026-07-12T15:03:24.949814+05:00,,
37,c8297387-4c37-53d3-8120-a214ac80359e,approve,ai_review,closed,2026-07-12T15:52:08.196020+05:00,,
38,c8297387-4c37-53d3-8120-a214ac80359e,issue,,issued,2026-07-12T14:33:11.439852+05:00,Пневмоцилиндр работает рывками,
38,75808db3-d714-5bc1-8824-97b2c7c6f097,accept,issued,accepted,2026-07-12T14:38:01.842742+05:00,,
38,75808db3-d714-5bc1-8824-97b2c7c6f097,start,accepted,in_progress,2026-07-12T14:48:03.532611+05:00,,
38,75808db3-d714-5bc1-8824-97b2c7c6f097,complete,in_progress,done,2026-07-12T16:20:45.113912+05:00,"Заменён клапан, установлен ремкомплект пневмоцилиндра",
38,,ai_verdict,done,ai_review,2026-07-12T16:22:41.572147+05:00,,
38,c8297387-4c37-53d3-8120-a214ac80359e,approve,ai_review,closed,2026-07-12T16:34:41.517486+05:00,,
39,38634255-032f-5302-be4f-e3bb175128c8,issue,,issued,2026-07-13T00:14:25.757435+05:00,Срабатывает тепловая защита,
39,ee96e203-5cd8-5eb3-be58-94fd2ac2392a,accept,issued,accepted,2026-07-13T00:18:14.197706+05:00,,
39,ee96e203-5cd8-5eb3-be58-94fd2ac2392a,start,accepted,in_progress,2026-07-13T00:20:38.217669+05:00,,
39,ee96e203-5cd8-5eb3-be58-94fd2ac2392a,complete,in_progress,done,2026-07-13T01:15:43.627134+05:00,"Заменён автомат, проверена нагрузка, защита отрегулирована",
39,,ai_verdict,done,ai_review,2026-07-13T01:18:29.111278+05:00,,
39,38634255-032f-5302-be4f-e3bb175128c8,approve,ai_review,closed,2026-07-13T02:04:31.916969+05:00,,
40,c8297387-4c37-53d3-8120-a214ac80359e,issue,,issued,2026-07-13T08:15:09.344245+05:00,"Плановый ремонт (ППР): Гидропресс П-6326 — осмотр, смазка, подтяжка креплений, замена изношенных элементов",
40,4d9937c4-06fe-581d-bbee-b905cacaf2cc,reject,issued,rejected,2026-07-13T08:20:47.917475+05:00,,нет материалов
40,c8297387-4c37-53d3-8120-a214ac80359e,reassign,rejected,issued,2026-07-13T08:25:46.423321+05:00,,
40,30c23f9b-3046-52c7-aa98-4ded8e8f73ec,accept,issued,accepted,2026-07-13T08:34:57.044755+05:00,,
40,30c23f9b-3046-52c7-aa98-4ded8e8f73ec,start,accepted,in_progress,2026-07-13T08:45:26.758752+05:00,,
40,30c23f9b-3046-52c7-aa98-4ded8e8f73ec,complete,in_progress,done,2026-07-13T12:01:01.216376+05:00,"Выполнен ППР: Гидропресс П-6326 — осмотр, смазка узлов, подтяжка креплений",
40,,ai_verdict,done,ai_review,2026-07-13T12:02:52.371904+05:00,,
40,c8297387-4c37-53d3-8120-a214ac80359e,approve,ai_review,closed,2026-07-13T12:28:42.449512+05:00,,
41,c8297387-4c37-53d3-8120-a214ac80359e,issue,,issued,2026-07-13T08:55:59.396226+05:00,"Плановый ремонт (ППР): Конвейер К-7 — осмотр, смазка, подтяжка креплений, замена изношенных элементов",
41,4d9937c4-06fe-581d-bbee-b905cacaf2cc,accept,issued,accepted,2026-07-13T09:05:03.685276+05:00,,
41,4d9937c4-06fe-581d-bbee-b905cacaf2cc,start,accepted,in_progress,2026-07-13T09:10:36.466527+05:00,,
41,4d9937c4-06fe-581d-bbee-b905cacaf2cc,complete,in_progress,done,2026-07-13T15:04:11.538191+05:00,"Выполнен ППР: Конвейер К-7 — осмотр, смазка узлов, подтяжка креплений",
41,,ai_verdict,done,ai_review,2026-07-13T15:05:24.968655+05:00,,
41,c8297387-4c37-53d3-8120-a214ac80359e,approve,ai_review,closed,2026-07-13T15:33:02.314619+05:00,,
42,c8297387-4c37-53d3-8120-a214ac80359e,issue,,issued,2026-07-13T09:30:13.356035+05:00,"Плановый ремонт (ППР): Насос ГрАТ-450 №2 — осмотр, смазка, подтяжка креплений, замена изношенных элементов",
42,4cd857ba-990a-5264-9b16-d26a06a3e6f4,accept,issued,accepted,2026-07-13T09:39:49.098411+05:00,,
42,4cd857ba-990a-5264-9b16-d26a06a3e6f4,start,accepted,in_progress,2026-07-13T09:49:17.452685+05:00,,
42,4cd857ba-990a-5264-9b16-d26a06a3e6f4,complete,in_progress,done,2026-07-13T14:42:12.370252+05:00,"Выполнен ППР: Насос ГрАТ-450 №2 — осмотр, смазка узлов, подтяжка креплений",
42,,ai_verdict,done,ai_review,2026-07-13T14:43:15.181522+05:00,,
42,c8297387-4c37-53d3-8120-a214ac80359e,approve,ai_review,closed,2026-07-13T15:24:30.353261+05:00,,
43,c8297387-4c37-53d3-8120-a214ac80359e,issue,,issued,2026-07-13T09:48:23.498527+05:00,"Плановый ремонт (ППР): Насос ГрАТ-450 №1 — осмотр, смазка, подтяжка креплений, замена изношенных элементов",
43,2f23346e-8eed-5645-a1b2-d929d4517246,accept,issued,accepted,2026-07-13T09:55:32.706541+05:00,,
43,2f23346e-8eed-5645-a1b2-d929d4517246,start,accepted,in_progress,2026-07-13T10:04:37.874171+05:00,,
43,2f23346e-8eed-5645-a1b2-d929d4517246,complete,in_progress,done,2026-07-13T14:28:29.233631+05:00,"Выполнен ППР: Насос ГрАТ-450 №1 — осмотр, смазка узлов, подтяжка креплений",
43,,ai_verdict,done,ai_review,2026-07-13T14:31:29.041020+05:00,,
43,c8297387-4c37-53d3-8120-a214ac80359e,approve,ai_review,closed,2026-07-13T15:12:44.535245+05:00,,
44,c8297387-4c37-53d3-8120-a214ac80359e,issue,,issued,2026-07-13T09:54:09.666569+05:00,"Плановый ремонт (ППР): Дробилка КМД-1750 — осмотр, смазка, подтяжка креплений, замена изношенных элементов",
44,30c23f9b-3046-52c7-aa98-4ded8e8f73ec,accept,issued,accepted,2026-07-13T09:56:57.193627+05:00,,
44,30c23f9b-3046-52c7-aa98-4ded8e8f73ec,start,accepted,in_progress,2026-07-13T10:06:22.241715+05:00,,
44,30c23f9b-3046-52c7-aa98-4ded8e8f73ec,complete,in_progress,done,2026-07-13T15:22:23.240612+05:00,"Выполнен ППР: Дробилка КМД-1750 — осмотр, смазка узлов, подтяжка креплений",
44,,ai_verdict,done,rework,2026-07-13T15:24:07.284554+05:00,,Работы не соответствуют проблеме / нет фото «после»
44,30c23f9b-3046-52c7-aa98-4ded8e8f73ec,start,rework,in_progress,2026-07-13T16:23:27.217667+05:00,,
44,30c23f9b-3046-52c7-aa98-4ded8e8f73ec,complete,in_progress,done,2026-07-13T18:47:27.217667+05:00,"Выполнен ППР: Дробилка КМД-1750 — осмотр, смазка узлов, подтяжка креплений",
44,,ai_verdict,done,ai_review,2026-07-13T18:50:27.127878+05:00,,
44,c8297387-4c37-53d3-8120-a214ac80359e,approve,ai_review,closed,2026-07-13T19:44:12.703395+05:00,,
45,c8297387-4c37-53d3-8120-a214ac80359e,issue,,issued,2026-07-13T14:16:42.785256+05:00,Течь масла из-под уплотнения,
45,48146e97-4033-5976-9433-13e5009595cb,accept,issued,accepted,2026-07-13T14:19:01.911004+05:00,,
45,48146e97-4033-5976-9433-13e5009595cb,start,accepted,in_progress,2026-07-13T14:21:44.168646+05:00,,
45,48146e97-4033-5976-9433-13e5009595cb,complete,in_progress,done,2026-07-13T15:51:10.628355+05:00,"Заменены уплотнения, долито масло, течь устранена",
45,,ai_verdict,done,ai_review,2026-07-13T15:53:10.294798+05:00,,
45,c8297387-4c37-53d3-8120-a214ac80359e,approve,ai_review,closed,2026-07-13T16:17:48.196831+05:00,,
46,c8297387-4c37-53d3-8120-a214ac80359e,issue,,issued,2026-07-13T18:40:42.342355+05:00,Срабатывает тепловая защита,
46,524bebbe-f703-5521-8e9d-5a3e54fbbf10,accept,issued,accepted,2026-07-13T18:53:00.155372+05:00,,
46,524bebbe-f703-5521-8e9d-5a3e54fbbf10,start,accepted,in_progress,2026-07-13T19:01:11.619498+05:00,,
46,524bebbe-f703-5521-8e9d-5a3e54fbbf10,complete,in_progress,done,2026-07-13T19:41:44.774559+05:00,"Заменён автомат, проверена нагрузка, защита отрегулирована",
46,,ai_verdict,done,ai_review,2026-07-13T19:44:00.920520+05:00,,
46,c8297387-4c37-53d3-8120-a214ac80359e,approve,ai_review,closed,2026-07-13T20:05:46.172336+05:00,,
47,38634255-032f-5302-be4f-e3bb175128c8,issue,,issued,2026-07-14T04:39:58.223166+05:00,Шум и нагрев подшипникового узла привода,
47,79413058-e2c0-5b03-adfb-a2a01c58f0d5,accept,issued,accepted,2026-07-14T04:49:05.255748+05:00,,
47,79413058-e2c0-5b03-adfb-a2a01c58f0d5,start,accepted,in_progress,2026-07-14T05:01:47.314662+05:00,,
47,79413058-e2c0-5b03-adfb-a2a01c58f0d5,complete,in_progress,done,2026-07-14T08:01:24.036322+05:00,"Заменён подшипник, узел промыт и смазан, проверено на холостом ходу",
47,,ai_verdict,done,ai_review,2026-07-14T08:03:54.322787+05:00,,
47,38634255-032f-5302-be4f-e3bb175128c8,approve,ai_review,closed,2026-07-14T09:00:04.242076+05:00,,
48,c8297387-4c37-53d3-8120-a214ac80359e,issue,,issued,2026-07-14T08:15:44.757215+05:00,"Плановый ремонт (ППР): Насос ГрАТ-450 №3 — осмотр, смазка, подтяжка креплений, замена изношенных элементов",
48,2f23346e-8eed-5645-a1b2-d929d4517246,accept,issued,accepted,2026-07-14T08:17:58.723462+05:00,,
48,2f23346e-8eed-5645-a1b2-d929d4517246,start,accepted,in_progress,2026-07-14T08:26:10.335546+05:00,,
48,2f23346e-8eed-5645-a1b2-d929d4517246,complete,in_progress,done,2026-07-14T13:18:07.315159+05:00,"Выполнен ППР: Насос ГрАТ-450 №3 — осмотр, смазка узлов, подтяжка креплений",
48,,ai_verdict,done,ai_review,2026-07-14T13:19:52.166554+05:00,,
48,c8297387-4c37-53d3-8120-a214ac80359e,approve,ai_review,closed,2026-07-14T13:36:31.396615+05:00,,
49,c8297387-4c37-53d3-8120-a214ac80359e,issue,,issued,2026-07-14T08:22:19.237604+05:00,"Плановый ремонт (ППР): Сушильный барабан СБ-1 — осмотр, смазка, подтяжка креплений, замена изношенных элементов",
49,79413058-e2c0-5b03-adfb-a2a01c58f0d5,accept,issued,accepted,2026-07-14T08:32:49.649974+05:00,,
49,79413058-e2c0-5b03-adfb-a2a01c58f0d5,start,accepted,in_progress,2026-07-14T08:37:56.661924+05:00,,
49,79413058-e2c0-5b03-adfb-a2a01c58f0d5,complete,in_progress,done,2026-07-14T12:10:52.089110+05:00,"Выполнен ППР: Сушильный барабан СБ-1 — осмотр, смазка узлов, подтяжка креплений",
49,,ai_verdict,done,ai_review,2026-07-14T12:12:54.085322+05:00,,
49,c8297387-4c37-53d3-8120-a214ac80359e,approve,ai_review,closed,2026-07-14T13:07:56.061423+05:00,,
50,c8297387-4c37-53d3-8120-a214ac80359e,issue,,issued,2026-07-14T09:05:22.318371+05:00,"Плановый ремонт (ППР): Вентилятор ВМ-12 — осмотр, смазка, подтяжка креплений, замена изношенных элементов",
50,79413058-e2c0-5b03-adfb-a2a01c58f0d5,accept,issued,accepted,2026-07-14T09:19:47.191436+05:00,,
50,79413058-e2c0-5b03-adfb-a2a01c58f0d5,start,accepted,in_progress,2026-07-14T09:30:05.420874+05:00,,
50,79413058-e2c0-5b03-adfb-a2a01c58f0d5,complete,in_progress,done,2026-07-14T11:52:06.812209+05:00,"Выполнен ППР: Вентилятор ВМ-12 — осмотр, смазка узлов, подтяжка креплений",
50,,ai_verdict,done,ai_review,2026-07-14T11:53:17.667266+05:00,,
50,c8297387-4c37-53d3-8120-a214ac80359e,approve,ai_review,closed,2026-07-14T12:06:26.579278+05:00,,
51,38634255-032f-5302-be4f-e3bb175128c8,issue,,issued,2026-07-15T00:22:54.688326+05:00,"Течь гидрожидкости, лужа под агрегатом",
51,48146e97-4033-5976-9433-13e5009595cb,accept,issued,accepted,2026-07-15T00:24:19.456818+05:00,,
51,48146e97-4033-5976-9433-13e5009595cb,start,accepted,in_progress,2026-07-15T00:30:31.822722+05:00,,
51,48146e97-4033-5976-9433-13e5009595cb,complete,in_progress,done,2026-07-15T01:35:04.590404+05:00,"Заменены уплотнения, долито масло, течь устранена",
51,,ai_verdict,done,ai_review,2026-07-15T01:36:14.471643+05:00,,
51,38634255-032f-5302-be4f-e3bb175128c8,approve,ai_review,closed,2026-07-15T01:58:26.708884+05:00,,
52,c8297387-4c37-53d3-8120-a214ac80359e,issue,,issued,2026-07-15T08:19:22.014337+05:00,"Плановый ремонт (ППР): Дымосос ДН-15 — осмотр, смазка, подтяжка креплений, замена изношенных элементов",
52,1c4d0efe-d6e1-5774-af33-096424b68a1d,accept,issued,accepted,2026-07-15T08:30:13.271812+05:00,,
52,1c4d0efe-d6e1-5774-af33-096424b68a1d,start,accepted,in_progress,2026-07-15T08:33:35.820214+05:00,,
52,1c4d0efe-d6e1-5774-af33-096424b68a1d,complete,in_progress,done,2026-07-15T11:53:14.641316+05:00,"Выполнен ППР: Дымосос ДН-15 — осмотр, смазка узлов, подтяжка креплений",
52,,ai_verdict,done,ai_review,2026-07-15T11:54:49.272606+05:00,,
52,c8297387-4c37-53d3-8120-a214ac80359e,approve,ai_review,closed,2026-07-15T12:52:40.439825+05:00,,
53,c8297387-4c37-53d3-8120-a214ac80359e,issue,,issued,2026-07-15T09:02:27.232287+05:00,"Плановый ремонт (ППР): Сварочный пост СП-2 — осмотр, смазка, подтяжка креплений, замена изношенных элементов",
53,1c4d0efe-d6e1-5774-af33-096424b68a1d,accept,issued,accepted,2026-07-15T09:09:06.637496+05:00,,
53,1c4d0efe-d6e1-5774-af33-096424b68a1d,start,accepted,in_progress,2026-07-15T09:14:41.342553+05:00,,
53,1c4d0efe-d6e1-5774-af33-096424b68a1d,complete,in_progress,done,2026-07-15T12:01:28.698204+05:00,"Выполнен ППР: Сварочный пост СП-2 — осмотр, смазка узлов, подтяжка креплений",
53,,ai_verdict,done,ai_review,2026-07-15T12:03:45.521609+05:00,,
53,c8297387-4c37-53d3-8120-a214ac80359e,approve,ai_review,closed,2026-07-15T12:23:08.200960+05:00,,
54,c8297387-4c37-53d3-8120-a214ac80359e,issue,,issued,2026-07-15T11:23:27.526099+05:00,"Перегрев электродвигателя, гул",
54,ee96e203-5cd8-5eb3-be58-94fd2ac2392a,accept,issued,accepted,2026-07-15T11:37:13.911313+05:00,,
54,ee96e203-5cd8-5eb3-be58-94fd2ac2392a,start,accepted,in_progress,2026-07-15T11:55:48.807520+05:00,,
54,ee96e203-5cd8-5eb3-be58-94fd2ac2392a,complete,in_progress,done,2026-07-15T14:42:23.613952+05:00,"Заменены подшипники двигателя, проверены обмотки, пуск в норме",
54,,ai_verdict,done,ai_review,2026-07-15T14:45:14.577917+05:00,,
54,c8297387-4c37-53d3-8120-a214ac80359e,approve,ai_review,closed,2026-07-15T14:57:09.283649+05:00,,
55,c8297387-4c37-53d3-8120-a214ac80359e,issue,,issued,2026-07-15T11:44:56.489987+05:00,"Двигатель не запускается, запах гари",
55,ee96e203-5cd8-5eb3-be58-94fd2ac2392a,accept,issued,accepted,2026-07-15T11:48:35.005669+05:00,,
55,ee96e203-5cd8-5eb3-be58-94fd2ac2392a,start,accepted,in_progress,2026-07-15T12:05:04.285926+05:00,,
55,ee96e203-5cd8-5eb3-be58-94fd2ac2392a,complete,in_progress,done,2026-07-15T15:35:02.567573+05:00,"Заменены подшипники двигателя, проверены обмотки, пуск в норме",
55,,ai_verdict,done,ai_review,2026-07-15T15:37:38.217281+05:00,,
55,c8297387-4c37-53d3-8120-a214ac80359e,approve,ai_review,closed,2026-07-15T16:05:29.105138+05:00,,
56,c8297387-4c37-53d3-8120-a214ac80359e,issue,,issued,2026-07-15T18:07:28.860528+05:00,Шум и нагрев подшипникового узла привода,
56,4cd857ba-990a-5264-9b16-d26a06a3e6f4,accept,issued,accepted,2026-07-15T18:20:53.851137+05:00,,
56,4cd857ba-990a-5264-9b16-d26a06a3e6f4,start,accepted,in_progress,2026-07-15T18:32:39.857414+05:00,,
56,4cd857ba-990a-5264-9b16-d26a06a3e6f4,complete,in_progress,done,2026-07-15T22:22:28.994528+05:00,"Заменён подшипник, узел промыт и смазан, проверено на холостом ходу",
56,,ai_verdict,done,ai_review,2026-07-15T22:23:56.137731+05:00,,
56,c8297387-4c37-53d3-8120-a214ac80359e,approve,ai_review,closed,2026-07-15T23:21:30.396383+05:00,,
57,c8297387-4c37-53d3-8120-a214ac80359e,issue,,issued,2026-07-15T18:37:45.367222+05:00,"Перегрев узла, сухое трение",
57,75808db3-d714-5bc1-8824-97b2c7c6f097,accept,issued,accepted,2026-07-15T18:45:36.435570+05:00,,
57,75808db3-d714-5bc1-8824-97b2c7c6f097,start,accepted,in_progress,2026-07-15T18:58:09.639315+05:00,,
57,75808db3-d714-5bc1-8824-97b2c7c6f097,pause,in_progress,paused,2026-07-15T19:14:16.661077+05:00,,ждёт остановки оборудования
57,75808db3-d714-5bc1-8824-97b2c7c6f097,start,paused,in_progress,2026-07-15T20:33:22.856819+05:00,,
57,75808db3-d714-5bc1-8824-97b2c7c6f097,complete,in_progress,done,2026-07-15T20:57:33.389462+05:00,"Узлы смазаны, проверен нагрев",
57,,ai_verdict,done,ai_review,2026-07-15T20:59:55.663467+05:00,,
57,c8297387-4c37-53d3-8120-a214ac80359e,approve,ai_review,closed,2026-07-15T21:32:04.831598+05:00,,
58,c8297387-4c37-53d3-8120-a214ac80359e,issue,,issued,2026-07-16T08:41:07.868434+05:00,"Падение напора, шум в улитке насоса",
58,1c4d0efe-d6e1-5774-af33-096424b68a1d,accept,issued,accepted,2026-07-16T08:43:22.367579+05:00,,
58,1c4d0efe-d6e1-5774-af33-096424b68a1d,start,accepted,in_progress,2026-07-16T08:50:40.267576+05:00,,
58,1c4d0efe-d6e1-5774-af33-096424b68a1d,complete,in_progress,done,2026-07-16T11:53:12.354425+05:00,"Заменено рабочее колесо, уплотнения, насос опробован",
58,,ai_verdict,done,ai_review,2026-07-16T11:56:01.588822+05:00,,
58,c8297387-4c37-53d3-8120-a214ac80359e,approve,ai_review,closed,2026-07-16T12:47:51.895754+05:00,,
59,c8297387-4c37-53d3-8120-a214ac80359e,issue,,issued,2026-07-16T09:06:32.033037+05:00,"Плановый ремонт (ППР): Конвейер К-1 — осмотр, смазка, подтяжка креплений, замена изношенных элементов",
59,4d9937c4-06fe-581d-bbee-b905cacaf2cc,accept,issued,accepted,2026-07-16T09:11:48.039987+05:00,,
59,4d9937c4-06fe-581d-bbee-b905cacaf2cc,start,accepted,in_progress,2026-07-16T09:18:25.576772+05:00,,
59,4d9937c4-06fe-581d-bbee-b905cacaf2cc,complete,in_progress,done,2026-07-16T13:13:39.986490+05:00,"Выполнен ППР: Конвейер К-1 — осмотр, смазка узлов, подтяжка креплений",
59,,ai_verdict,done,ai_review,2026-07-16T13:15:07.808278+05:00,,
59,c8297387-4c37-53d3-8120-a214ac80359e,approve,ai_review,closed,2026-07-16T13:53:01.231223+05:00,,
60,c8297387-4c37-53d3-8120-a214ac80359e,issue,,issued,2026-07-16T09:13:42.270821+05:00,"Плановый ремонт (ППР): Дробилка ККД-1500 — осмотр, смазка, подтяжка креплений, замена изношенных элементов",
60,30c23f9b-3046-52c7-aa98-4ded8e8f73ec,accept,issued,accepted,2026-07-16T09:21:43.311200+05:00,,
60,30c23f9b-3046-52c7-aa98-4ded8e8f73ec,start,accepted,in_progress,2026-07-16T09:32:08.808965+05:00,,
60,30c23f9b-3046-52c7-aa98-4ded8e8f73ec,complete,in_progress,done,2026-07-16T13:10:07.941343+05:00,"Выполнен ППР: Дробилка ККД-1500 — осмотр, смазка узлов, подтяжка креплений",
60,,ai_verdict,done,rework,2026-07-16T13:12:58.238398+05:00,,Работы не соответствуют проблеме / нет фото «после»
60,30c23f9b-3046-52c7-aa98-4ded8e8f73ec,start,rework,in_progress,2026-07-16T14:02:58.310250+05:00,,
60,30c23f9b-3046-52c7-aa98-4ded8e8f73ec,complete,in_progress,done,2026-07-16T16:26:58.310250+05:00,"Выполнен ППР: Дробилка ККД-1500 — осмотр, смазка узлов, подтяжка креплений",
60,,ai_verdict,done,ai_review,2026-07-16T16:29:02.648147+05:00,,
60,c8297387-4c37-53d3-8120-a214ac80359e,approve,ai_review,closed,2026-07-16T16:41:37.119982+05:00,,
61,c8297387-4c37-53d3-8120-a214ac80359e,issue,,issued,2026-07-16T09:25:44.567867+05:00,"Плановый ремонт (ППР): Конвейер К-3 — осмотр, смазка, подтяжка креплений, замена изношенных элементов",
61,75808db3-d714-5bc1-8824-97b2c7c6f097,accept,issued,accepted,2026-07-16T09:29:58.674366+05:00,,
61,75808db3-d714-5bc1-8824-97b2c7c6f097,start,accepted,in_progress,2026-07-16T09:46:44.428390+05:00,,
61,75808db3-d714-5bc1-8824-97b2c7c6f097,complete,in_progress,done,2026-07-16T13:17:46.864915+05:00,"Выполнен ППР: Конвейер К-3 — осмотр, смазка узлов, подтяжка креплений",
61,,ai_verdict,done,ai_review,2026-07-16T13:19:49.414481+05:00,,
61,c8297387-4c37-53d3-8120-a214ac80359e,approve,ai_review,closed,2026-07-16T14:00:18.635338+05:00,,
62,c8297387-4c37-53d3-8120-a214ac80359e,issue,,issued,2026-07-16T09:46:17.108439+05:00,"Снижение производительности насоса, вибрация",
62,4d9937c4-06fe-581d-bbee-b905cacaf2cc,accept,issued,accepted,2026-07-16T09:51:51.063050+05:00,,
62,4d9937c4-06fe-581d-bbee-b905cacaf2cc,start,accepted,in_progress,2026-07-16T10:04:50.777407+05:00,,
62,4d9937c4-06fe-581d-bbee-b905cacaf2cc,complete,in_progress,done,2026-07-16T15:03:21.560961+05:00,"Заменено рабочее колесо, уплотнения, насос опробован",
62,,ai_verdict,done,ai_review,2026-07-16T15:05:04.393246+05:00,,
62,c8297387-4c37-53d3-8120-a214ac80359e,approve,ai_review,closed,2026-07-16T15:53:30.006004+05:00,,
63,c8297387-4c37-53d3-8120-a214ac80359e,issue,,issued,2026-07-16T09:48:21.315452+05:00,"Плановый ремонт (ППР): Кран мостовой 10 т — осмотр, смазка, подтяжка креплений, замена изношенных элементов",
63,4d9937c4-06fe-581d-bbee-b905cacaf2cc,accept,issued,accepted,2026-07-16T09:59:57.314818+05:00,,
63,4d9937c4-06fe-581d-bbee-b905cacaf2cc,start,accepted,in_progress,2026-07-16T10:17:37.621694+05:00,,
63,4d9937c4-06fe-581d-bbee-b905cacaf2cc,complete,in_progress,done,2026-07-16T13:43:03.678182+05:00,"Выполнен ППР: Кран мостовой 10 т — осмотр, смазка узлов, подтяжка креплений",
63,,ai_verdict,done,ai_review,2026-07-16T13:44:56.818171+05:00,,
63,c8297387-4c37-53d3-8120-a214ac80359e,approve,ai_review,closed,2026-07-16T14:35:50.584388+05:00,,
64,c8297387-4c37-53d3-8120-a214ac80359e,issue,,issued,2026-07-17T08:04:02.063668+05:00,"Плановый ремонт (ППР): Грохот ГИТ-51 №2 — осмотр, смазка, подтяжка креплений, замена изношенных элементов",
64,2f23346e-8eed-5645-a1b2-d929d4517246,accept,issued,accepted,2026-07-17T08:08:34.771454+05:00,,
64,2f23346e-8eed-5645-a1b2-d929d4517246,start,accepted,in_progress,2026-07-17T08:21:28.548450+05:00,,
64,2f23346e-8eed-5645-a1b2-d929d4517246,complete,in_progress,done,2026-07-17T10:45:01.032133+05:00,"Выполнен ППР: Грохот ГИТ-51 №2 — осмотр, смазка узлов, подтяжка креплений",
64,,ai_verdict,done,ai_review,2026-07-17T10:46:25.938774+05:00,,
64,c8297387-4c37-53d3-8120-a214ac80359e,approve,ai_review,closed,2026-07-17T11:21:14.050315+05:00,,
65,c8297387-4c37-53d3-8120-a214ac80359e,issue,,issued,2026-07-17T08:14:24.760469+05:00,"Плановый ремонт (ППР): Сушильный барабан СБ-2 — осмотр, смазка, подтяжка креплений, замена изношенных элементов",
65,4d9937c4-06fe-581d-bbee-b905cacaf2cc,accept,issued,accepted,2026-07-17T08:21:52.177896+05:00,,
65,4d9937c4-06fe-581d-bbee-b905cacaf2cc,start,accepted,in_progress,2026-07-17T08:33:31.971249+05:00,,
65,4d9937c4-06fe-581d-bbee-b905cacaf2cc,complete,in_progress,done,2026-07-17T12:50:47.193129+05:00,"Выполнен ППР: Сушильный барабан СБ-2 — осмотр, смазка узлов, подтяжка креплений",
65,,ai_verdict,done,ai_review,2026-07-17T12:52:11.494304+05:00,,
65,c8297387-4c37-53d3-8120-a214ac80359e,approve,ai_review,closed,2026-07-17T13:39:47.882323+05:00,,
66,c8297387-4c37-53d3-8120-a214ac80359e,issue,,issued,2026-07-17T19:08:10.529633+05:00,Срабатывает тепловая защита,
66,42ef7ac6-1e11-523f-b9a2-a713f308d193,accept,issued,accepted,2026-07-17T19:19:34.917188+05:00,,
66,42ef7ac6-1e11-523f-b9a2-a713f308d193,start,accepted,in_progress,2026-07-17T19:35:13.646735+05:00,,
66,42ef7ac6-1e11-523f-b9a2-a713f308d193,complete,in_progress,done,2026-07-17T20:30:00.724255+05:00,"Заменён автомат, проверена нагрузка, защита отрегулирована",
66,,ai_verdict,done,ai_review,2026-07-17T20:32:29.959673+05:00,,
66,c8297387-4c37-53d3-8120-a214ac80359e,approve,ai_review,closed,2026-07-17T21:28:40.473094+05:00,,
67,38634255-032f-5302-be4f-e3bb175128c8,issue,,issued,2026-07-18T02:31:42.297730+05:00,Узел работает без смазки,
67,4cd857ba-990a-5264-9b16-d26a06a3e6f4,accept,issued,accepted,2026-07-18T02:33:37.085461+05:00,,
67,4cd857ba-990a-5264-9b16-d26a06a3e6f4,start,accepted,in_progress,2026-07-18T02:42:42.561124+05:00,,
67,4cd857ba-990a-5264-9b16-d26a06a3e6f4,complete,in_progress,done,2026-07-18T03:40:03.338486+05:00,"Узлы смазаны, проверен нагрев",
67,,ai_verdict,done,ai_review,2026-07-18T03:41:03.884853+05:00,,
67,38634255-032f-5302-be4f-e3bb175128c8,approve,ai_review,closed,2026-07-18T04:16:25.310099+05:00,,
68,38634255-032f-5302-be4f-e3bb175128c8,issue,,issued,2026-07-18T02:36:36.632423+05:00,"Стук, откручиваются болты опоры",
68,79413058-e2c0-5b03-adfb-a2a01c58f0d5,accept,issued,accepted,2026-07-18T02:49:52.868243+05:00,,
68,79413058-e2c0-5b03-adfb-a2a01c58f0d5,start,accepted,in_progress,2026-07-18T03:04:20.988145+05:00,,
68,79413058-e2c0-5b03-adfb-a2a01c58f0d5,complete,in_progress,done,2026-07-18T04:23:52.418463+05:00,"Подтянуты и заменены крепления, проверена вибрация",
68,,ai_verdict,done,ai_review,2026-07-18T04:26:02.602359+05:00,,
68,38634255-032f-5302-be4f-e3bb175128c8,approve,ai_review,closed,2026-07-18T05:25:20.511649+05:00,,
69,38634255-032f-5302-be4f-e3bb175128c8,issue,,issued,2026-07-18T06:32:17.857303+05:00,"Вибрация, подшипник греется выше 80 °C",
69,30c23f9b-3046-52c7-aa98-4ded8e8f73ec,accept,issued,accepted,2026-07-18T06:36:26.377543+05:00,,
69,30c23f9b-3046-52c7-aa98-4ded8e8f73ec,start,accepted,in_progress,2026-07-18T06:41:47.101794+05:00,,
69,30c23f9b-3046-52c7-aa98-4ded8e8f73ec,complete,in_progress,done,2026-07-18T09:50:38.489095+05:00,"Заменён подшипник, узел промыт и смазан, проверено на холостом ходу",
69,,ai_verdict,done,ai_review,2026-07-18T09:51:39.585154+05:00,,
69,38634255-032f-5302-be4f-e3bb175128c8,approve,ai_review,closed,2026-07-18T10:16:23.995144+05:00,,
70,38634255-032f-5302-be4f-e3bb175128c8,issue,,issued,2026-07-18T06:45:06.833360+05:00,Гидроцилиндр не держит давление,
70,48146e97-4033-5976-9433-13e5009595cb,accept,issued,accepted,2026-07-18T06:54:38.368723+05:00,,
70,48146e97-4033-5976-9433-13e5009595cb,start,accepted,in_progress,2026-07-18T06:56:40.896093+05:00,,
70,48146e97-4033-5976-9433-13e5009595cb,complete,in_progress,done,2026-07-18T11:12:03.493219+05:00,"Отремонтирован гидроцилиндр, заменены манжеты",
70,,ai_verdict,done,ai_review,2026-07-18T11:13:55.588838+05:00,,
70,38634255-032f-5302-be4f-e3bb175128c8,approve,ai_review,closed,2026-07-18T11:56:53.279582+05:00,,
71,c8297387-4c37-53d3-8120-a214ac80359e,issue,,issued,2026-07-18T08:03:15.730359+05:00,"Плановый ремонт (ППР): Рукавный фильтр РФ-1 — осмотр, смазка, подтяжка креплений, замена изношенных элементов",
71,1c4d0efe-d6e1-5774-af33-096424b68a1d,accept,issued,accepted,2026-07-18T08:12:20.895644+05:00,,
71,1c4d0efe-d6e1-5774-af33-096424b68a1d,start,accepted,in_progress,2026-07-18T08:28:51.827815+05:00,,
71,1c4d0efe-d6e1-5774-af33-096424b68a1d,complete,in_progress,done,2026-07-18T11:32:39.985306+05:00,"Выполнен ППР: Рукавный фильтр РФ-1 — осмотр, смазка узлов, подтяжка креплений",
71,,ai_verdict,done,rework,2026-07-18T11:34:41.300635+05:00,,Работы не соответствуют проблеме / нет фото «после»
71,1c4d0efe-d6e1-5774-af33-096424b68a1d,start,rework,in_progress,2026-07-18T12:05:26.444537+05:00,,
71,1c4d0efe-d6e1-5774-af33-096424b68a1d,complete,in_progress,done,2026-07-18T12:59:26.444537+05:00,"Выполнен ППР: Рукавный фильтр РФ-1 — осмотр, смазка узлов, подтяжка креплений",
71,,ai_verdict,done,ai_review,2026-07-18T13:01:25.001007+05:00,,
71,c8297387-4c37-53d3-8120-a214ac80359e,approve,ai_review,closed,2026-07-18T13:13:20.725900+05:00,,
72,c8297387-4c37-53d3-8120-a214ac80359e,issue,,issued,2026-07-18T08:09:09.503288+05:00,"Плановый ремонт (ППР): Питатель пластинчатый ПП-1 — осмотр, смазка, подтяжка креплений, замена изношенных элементов",
72,2f23346e-8eed-5645-a1b2-d929d4517246,accept,issued,accepted,2026-07-18T08:16:16.745104+05:00,,
72,2f23346e-8eed-5645-a1b2-d929d4517246,start,accepted,in_progress,2026-07-18T08:18:59.126531+05:00,,
72,2f23346e-8eed-5645-a1b2-d929d4517246,complete,in_progress,done,2026-07-18T09:57:59.915381+05:00,"Выполнен ППР: Питатель пластинчатый ПП-1 — осмотр, смазка узлов, подтяжка креплений",
72,,ai_verdict,done,ai_review,2026-07-18T10:00:57.802547+05:00,,
72,c8297387-4c37-53d3-8120-a214ac80359e,approve,ai_review,closed,2026-07-18T10:31:51.174723+05:00,,
73,c8297387-4c37-53d3-8120-a214ac80359e,issue,,issued,2026-07-18T08:12:10.481321+05:00,"Плановый ремонт (ППР): Рукавный фильтр РФ-2 — осмотр, смазка, подтяжка креплений, замена изношенных элементов",
73,79413058-e2c0-5b03-adfb-a2a01c58f0d5,accept,issued,accepted,2026-07-18T08:23:33.003192+05:00,,
73,79413058-e2c0-5b03-adfb-a2a01c58f0d5,start,accepted,in_progress,2026-07-18T08:25:43.121835+05:00,,
73,79413058-e2c0-5b03-adfb-a2a01c58f0d5,complete,in_progress,done,2026-07-18T10:30:57.882547+05:00,"Выполнен ППР: Рукавный фильтр РФ-2 — осмотр, смазка узлов, подтяжка креплений",
73,,ai_verdict,done,ai_review,2026-07-18T10:32:04.041578+05:00,,
73,c8297387-4c37-53d3-8120-a214ac80359e,approve,ai_review,closed,2026-07-18T11:07:58.465642+05:00,,
74,c8297387-4c37-53d3-8120-a214ac80359e,issue,,issued,2026-07-18T08:30:11.358479+05:00,"Плановый ремонт (ППР): Токарный станок 1М63 — осмотр, смазка, подтяжка креплений, замена изношенных элементов",
74,4d9937c4-06fe-581d-bbee-b905cacaf2cc,accept,issued,accepted,2026-07-18T08:35:44.601074+05:00,,
74,4d9937c4-06fe-581d-bbee-b905cacaf2cc,start,accepted,in_progress,2026-07-18T08:39:38.226403+05:00,,
74,4d9937c4-06fe-581d-bbee-b905cacaf2cc,complete,in_progress,done,2026-07-18T11:03:49.178246+05:00,"Выполнен ППР: Токарный станок 1М63 — осмотр, смазка узлов, подтяжка креплений",
74,,ai_verdict,done,ai_review,2026-07-18T11:05:53.528921+05:00,,
74,c8297387-4c37-53d3-8120-a214ac80359e,approve,ai_review,closed,2026-07-18T12:01:31.707289+05:00,,
75,c8297387-4c37-53d3-8120-a214ac80359e,issue,,issued,2026-07-18T11:42:48.291707+05:00,"Снижение производительности насоса, вибрация",
75,4cd857ba-990a-5264-9b16-d26a06a3e6f4,accept,issued,accepted,2026-07-18T11:46:05.669567+05:00,,
75,4cd857ba-990a-5264-9b16-d26a06a3e6f4,start,accepted,in_progress,2026-07-18T12:01:17.173626+05:00,,
75,4cd857ba-990a-5264-9b16-d26a06a3e6f4,pause,in_progress,paused,2026-07-18T12:55:05.816645+05:00,,ждёт остановки оборудования
75,4cd857ba-990a-5264-9b16-d26a06a3e6f4,start,paused,in_progress,2026-07-18T14:57:48.602579+05:00,,
75,4cd857ba-990a-5264-9b16-d26a06a3e6f4,complete,in_progress,done,2026-07-18T16:18:31.567107+05:00,"Заменено рабочее колесо, уплотнения, насос опробован",
75,,ai_verdict,done,ai_review,2026-07-18T16:20:54.749623+05:00,,
75,c8297387-4c37-53d3-8120-a214ac80359e,approve,ai_review,closed,2026-07-18T17:00:14.718222+05:00,,
76,c8297387-4c37-53d3-8120-a214ac80359e,issue,,issued,2026-07-18T19:28:16.491546+05:00,Шум и нагрев подшипникового узла привода,
76,30c23f9b-3046-52c7-aa98-4ded8e8f73ec,accept,issued,accepted,2026-07-18T19:31:10.484641+05:00,,
76,30c23f9b-3046-52c7-aa98-4ded8e8f73ec,start,accepted,in_progress,2026-07-18T19:34:35.897360+05:00,,
76,30c23f9b-3046-52c7-aa98-4ded8e8f73ec,complete,in_progress,done,2026-07-18T22:38:39.141677+05:00,"Заменён подшипник, узел промыт и смазан, проверено на холостом ходу",
76,,ai_verdict,done,ai_review,2026-07-18T22:41:25.105407+05:00,,
76,c8297387-4c37-53d3-8120-a214ac80359e,approve,ai_review,closed,2026-07-18T23:24:09.911919+05:00,,
77,c8297387-4c37-53d3-8120-a214ac80359e,issue,,issued,2026-07-19T08:01:41.749489+05:00,"Плановый ремонт (ППР): Сепаратор пневматический СП-1 — осмотр, смазка, подтяжка креплений, замена изношенных элементов",
77,4cd857ba-990a-5264-9b16-d26a06a3e6f4,accept,issued,accepted,2026-07-19T08:04:36.372139+05:00,,
77,4cd857ba-990a-5264-9b16-d26a06a3e6f4,start,accepted,in_progress,2026-07-19T08:21:31.020891+05:00,,
77,4cd857ba-990a-5264-9b16-d26a06a3e6f4,complete,in_progress,done,2026-07-19T10:49:20.762885+05:00,"Выполнен ППР: Сепаратор пневматический СП-1 — осмотр, смазка узлов, подтяжка креплений",
77,,ai_verdict,done,ai_review,2026-07-19T10:51:59.384387+05:00,,
77,c8297387-4c37-53d3-8120-a214ac80359e,approve,ai_review,closed,2026-07-19T11:17:46.826850+05:00,,
78,c8297387-4c37-53d3-8120-a214ac80359e,issue,,issued,2026-07-19T08:02:48.206371+05:00,"Плановый ремонт (ППР): Компрессор ВК-10 — осмотр, смазка, подтяжка креплений, замена изношенных элементов",
78,75808db3-d714-5bc1-8824-97b2c7c6f097,accept,issued,accepted,2026-07-19T08:07:45.078923+05:00,,
78,75808db3-d714-5bc1-8824-97b2c7c6f097,start,accepted,in_progress,2026-07-19T08:22:33.845989+05:00,,
78,75808db3-d714-5bc1-8824-97b2c7c6f097,complete,in_progress,done,2026-07-19T09:55:03.235393+05:00,"Выполнен ППР: Компрессор ВК-10 — осмотр, смазка узлов, подтяжка креплений",
78,,ai_verdict,done,ai_review,2026-07-19T09:57:45.894377+05:00,,
78,c8297387-4c37-53d3-8120-a214ac80359e,approve,ai_review,closed,2026-07-19T10:49:41.730433+05:00,,
79,c8297387-4c37-53d3-8120-a214ac80359e,issue,,issued,2026-07-19T08:03:58.386699+05:00,"Плановый ремонт (ППР): Грохот ГИТ-51 №1 — осмотр, смазка, подтяжка креплений, замена изношенных элементов",
79,30c23f9b-3046-52c7-aa98-4ded8e8f73ec,accept,issued,accepted,2026-07-19T08:13:17.027503+05:00,,
79,30c23f9b-3046-52c7-aa98-4ded8e8f73ec,start,accepted,in_progress,2026-07-19T08:23:50.882474+05:00,,
79,30c23f9b-3046-52c7-aa98-4ded8e8f73ec,complete,in_progress,done,2026-07-19T10:28:34.216584+05:00,"Выполнен ППР: Грохот ГИТ-51 №1 — осмотр, смазка узлов, подтяжка креплений",
79,,ai_verdict,done,ai_review,2026-07-19T10:31:25.914541+05:00,,
79,c8297387-4c37-53d3-8120-a214ac80359e,approve,ai_review,closed,2026-07-19T11:14:34.346324+05:00,,
80,c8297387-4c37-53d3-8120-a214ac80359e,issue,,issued,2026-07-19T08:26:56.579055+05:00,"Плановый ремонт (ППР): Конвейер К-2 — осмотр, смазка, подтяжка креплений, замена изношенных элементов",
80,1c4d0efe-d6e1-5774-af33-096424b68a1d,accept,issued,accepted,2026-07-19T08:39:39.631284+05:00,,
80,1c4d0efe-d6e1-5774-af33-096424b68a1d,start,accepted,in_progress,2026-07-19T08:47:55.906520+05:00,,
80,1c4d0efe-d6e1-5774-af33-096424b68a1d,complete,in_progress,done,2026-07-19T11:49:33.468581+05:00,"Выполнен ППР: Конвейер К-2 — осмотр, смазка узлов, подтяжка креплений",
80,,ai_verdict,done,rework,2026-07-19T11:52:00.224850+05:00,,Работы не соответствуют проблеме / нет фото «после»
80,1c4d0efe-d6e1-5774-af33-096424b68a1d,start,rework,in_progress,2026-07-19T12:28:09.825783+05:00,,
80,1c4d0efe-d6e1-5774-af33-096424b68a1d,complete,in_progress,done,2026-07-19T13:40:09.825783+05:00,"Выполнен ППР: Конвейер К-2 — осмотр, смазка узлов, подтяжка креплений",
80,,ai_verdict,done,ai_review,2026-07-19T13:41:39.697805+05:00,,
80,c8297387-4c37-53d3-8120-a214ac80359e,approve,ai_review,closed,2026-07-19T13:56:18.828851+05:00,,
81,c8297387-4c37-53d3-8120-a214ac80359e,issue,,issued,2026-07-19T09:33:34.248765+05:00,"Плановый ремонт (ППР): Компрессор ВК-20 — осмотр, смазка, подтяжка креплений, замена изношенных элементов",
81,4cd857ba-990a-5264-9b16-d26a06a3e6f4,accept,issued,accepted,2026-07-19T09:40:29.055113+05:00,,
81,4cd857ba-990a-5264-9b16-d26a06a3e6f4,start,accepted,in_progress,2026-07-19T09:54:06.880931+05:00,,
81,4cd857ba-990a-5264-9b16-d26a06a3e6f4,complete,in_progress,done,2026-07-19T14:32:16.977163+05:00,"Выполнен ППР: Компрессор ВК-20 — осмотр, смазка узлов, подтяжка креплений",
81,,ai_verdict,done,ai_review,2026-07-19T14:34:51.062014+05:00,,
81,c8297387-4c37-53d3-8120-a214ac80359e,approve,ai_review,closed,2026-07-19T15:08:59.724072+05:00,,
82,c8297387-4c37-53d3-8120-a214ac80359e,issue,,issued,2026-07-19T10:11:03.047621+05:00,Шум и нагрев подшипникового узла привода,
82,4cd857ba-990a-5264-9b16-d26a06a3e6f4,accept,issued,accepted,2026-07-19T10:20:15.079956+05:00,,
82,4cd857ba-990a-5264-9b16-d26a06a3e6f4,start,accepted,in_progress,2026-07-19T10:33:00.273805+05:00,,
82,4cd857ba-990a-5264-9b16-d26a06a3e6f4,complete,in_progress,done,2026-07-19T13:12:49.432415+05:00,"Заменён подшипник, узел промыт и смазан, проверено на холостом ходу",
82,,ai_verdict,done,ai_review,2026-07-19T13:15:09.499019+05:00,,
82,c8297387-4c37-53d3-8120-a214ac80359e,approve,ai_review,closed,2026-07-19T14:14:21.192600+05:00,,
83,c8297387-4c37-53d3-8120-a214ac80359e,issue,,issued,2026-07-19T17:25:27.280226+05:00,"Вибрация, подшипник греется выше 80 °C",
83,79413058-e2c0-5b03-adfb-a2a01c58f0d5,accept,issued,accepted,2026-07-19T17:26:42.784081+05:00,,
83,79413058-e2c0-5b03-adfb-a2a01c58f0d5,start,accepted,in_progress,2026-07-19T17:38:11.095268+05:00,,
83,79413058-e2c0-5b03-adfb-a2a01c58f0d5,complete,in_progress,done,2026-07-19T19:56:24.977920+05:00,"Заменён подшипник, узел промыт и смазан, проверено на холостом ходу",
83,,ai_verdict,done,ai_review,2026-07-19T19:59:17.342724+05:00,,
83,c8297387-4c37-53d3-8120-a214ac80359e,approve,ai_review,closed,2026-07-19T20:10:54.070783+05:00,,
84,38634255-032f-5302-be4f-e3bb175128c8,issue,,issued,2026-07-19T20:32:59.053982+05:00,Выбивает автомат при пуске,
84,42ef7ac6-1e11-523f-b9a2-a713f308d193,accept,issued,accepted,2026-07-19T20:36:57.833244+05:00,,
84,42ef7ac6-1e11-523f-b9a2-a713f308d193,start,accepted,in_progress,2026-07-19T20:51:58.190104+05:00,,
84,42ef7ac6-1e11-523f-b9a2-a713f308d193,complete,in_progress,done,2026-07-19T22:02:38.347519+05:00,"Заменён автомат, проверена нагрузка, защита отрегулирована",
84,,ai_verdict,done,ai_review,2026-07-19T22:04:31.544672+05:00,,
84,38634255-032f-5302-be4f-e3bb175128c8,approve,ai_review,closed,2026-07-19T23:00:06.855307+05:00,,
85,c8297387-4c37-53d3-8120-a214ac80359e,issue,,issued,2026-07-20T08:44:24.927172+05:00,"Плановый ремонт (ППР): Насос ГрАТ-450 №1 — осмотр, смазка, подтяжка креплений, замена изношенных элементов",
85,2f23346e-8eed-5645-a1b2-d929d4517246,accept,issued,accepted,2026-07-20T08:50:32.673453+05:00,,
85,2f23346e-8eed-5645-a1b2-d929d4517246,start,accepted,in_progress,2026-07-20T08:53:01.445159+05:00,,
85,2f23346e-8eed-5645-a1b2-d929d4517246,complete,in_progress,done,2026-07-20T12:05:04.224493+05:00,"Выполнен ППР: Насос ГрАТ-450 №1 — осмотр, смазка узлов, подтяжка креплений",
85,,ai_verdict,done,ai_review,2026-07-20T12:06:52.909115+05:00,,
85,c8297387-4c37-53d3-8120-a214ac80359e,approve,ai_review,closed,2026-07-20T12:45:05.141153+05:00,,
86,c8297387-4c37-53d3-8120-a214ac80359e,issue,,issued,2026-07-20T08:49:50.146318+05:00,"Плановый ремонт (ППР): Гидропресс П-6326 — осмотр, смазка, подтяжка креплений, замена изношенных элементов",
86,4d9937c4-06fe-581d-bbee-b905cacaf2cc,accept,issued,accepted,2026-07-20T09:02:48.172316+05:00,,
86,4d9937c4-06fe-581d-bbee-b905cacaf2cc,start,accepted,in_progress,2026-07-20T09:07:23.418256+05:00,,
86,4d9937c4-06fe-581d-bbee-b905cacaf2cc,complete,in_progress,done,2026-07-20T11:21:24.420852+05:00,"Выполнен ППР: Гидропресс П-6326 — осмотр, смазка узлов, подтяжка креплений",
86,,ai_verdict,done,ai_review,2026-07-20T11:23:38.185423+05:00,,
86,c8297387-4c37-53d3-8120-a214ac80359e,approve,ai_review,closed,2026-07-20T11:40:58.282928+05:00,,
87,c8297387-4c37-53d3-8120-a214ac80359e,issue,,issued,2026-07-20T09:14:13.963412+05:00,"Плановый ремонт (ППР): Конвейер К-7 — осмотр, смазка, подтяжка креплений, замена изношенных элементов",
87,79413058-e2c0-5b03-adfb-a2a01c58f0d5,accept,issued,accepted,2026-07-20T09:19:23.460298+05:00,,
87,79413058-e2c0-5b03-adfb-a2a01c58f0d5,start,accepted,in_progress,2026-07-20T09:34:13.099680+05:00,,
87,79413058-e2c0-5b03-adfb-a2a01c58f0d5,complete,in_progress,done,2026-07-20T13:13:48.335325+05:00,"Выполнен ППР: Конвейер К-7 — осмотр, смазка узлов, подтяжка креплений",
87,,ai_verdict,done,ai_review,2026-07-20T13:15:06.922774+05:00,,
87,c8297387-4c37-53d3-8120-a214ac80359e,approve,ai_review,closed,2026-07-20T13:59:49.110794+05:00,,
88,c8297387-4c37-53d3-8120-a214ac80359e,issue,,issued,2026-07-20T09:17:39.826873+05:00,"Плановый ремонт (ППР): Дробилка КМД-1750 — осмотр, смазка, подтяжка креплений, замена изношенных элементов",
88,75808db3-d714-5bc1-8824-97b2c7c6f097,accept,issued,accepted,2026-07-20T09:30:22.268250+05:00,,
88,75808db3-d714-5bc1-8824-97b2c7c6f097,start,accepted,in_progress,2026-07-20T09:47:40.732951+05:00,,
88,75808db3-d714-5bc1-8824-97b2c7c6f097,complete,in_progress,done,2026-07-20T20:00:54.879437+05:00,"Выполнен ППР: Дробилка КМД-1750 — осмотр, смазка узлов, подтяжка креплений",
88,,ai_verdict,done,ai_review,2026-07-20T20:03:28.556419+05:00,,
88,c8297387-4c37-53d3-8120-a214ac80359e,approve,ai_review,closed,2026-07-20T20:27:57.198711+05:00,,
89,c8297387-4c37-53d3-8120-a214ac80359e,issue,,issued,2026-07-20T09:54:45.841616+05:00,"Плановый ремонт (ППР): Насос ГрАТ-450 №2 — осмотр, смазка, подтяжка креплений, замена изношенных элементов",
89,2f23346e-8eed-5645-a1b2-d929d4517246,accept,issued,accepted,2026-07-20T10:04:05.931638+05:00,,
89,2f23346e-8eed-5645-a1b2-d929d4517246,start,accepted,in_progress,2026-07-20T10:16:54.707064+05:00,,
89,2f23346e-8eed-5645-a1b2-d929d4517246,complete,in_progress,done,2026-07-20T12:46:50.903768+05:00,"Выполнен ППР: Насос ГрАТ-450 №2 — осмотр, смазка узлов, подтяжка креплений",
89,,ai_verdict,done,ai_review,2026-07-20T12:48:56.675613+05:00,,
89,c8297387-4c37-53d3-8120-a214ac80359e,approve,ai_review,closed,2026-07-20T13:22:04.181883+05:00,,
90,c8297387-4c37-53d3-8120-a214ac80359e,issue,,issued,2026-07-20T19:11:27.091472+05:00,Срабатывает тепловая защита,
90,42ef7ac6-1e11-523f-b9a2-a713f308d193,queue,issued,queued,2026-07-20T19:19:03.407915+05:00,,
90,42ef7ac6-1e11-523f-b9a2-a713f308d193,start,queued,in_progress,2026-07-20T20:21:21.081514+05:00,,
90,42ef7ac6-1e11-523f-b9a2-a713f308d193,complete,in_progress,done,2026-07-20T21:14:27.485792+05:00,"Заменён автомат, проверена нагрузка, защита отрегулирована",
90,,ai_verdict,done,ai_review,2026-07-20T21:16:32.801544+05:00,,
90,c8297387-4c37-53d3-8120-a214ac80359e,approve,ai_review,closed,2026-07-20T21:39:48.724008+05:00,,
91,38634255-032f-5302-be4f-e3bb175128c8,issue,,issued,2026-07-21T06:26:26.643929+05:00,"Масло в редукторе тёмное, с водой",
91,4cd857ba-990a-5264-9b16-d26a06a3e6f4,accept,issued,accepted,2026-07-21T06:38:12.765068+05:00,,
91,4cd857ba-990a-5264-9b16-d26a06a3e6f4,start,accepted,in_progress,2026-07-21T06:55:22.557402+05:00,,
91,4cd857ba-990a-5264-9b16-d26a06a3e6f4,complete,in_progress,done,2026-07-21T09:15:30.833156+05:00,"Масло заменено, редуктор промыт",
91,,ai_verdict,done,ai_review,2026-07-21T09:17:44.465457+05:00,,
91,38634255-032f-5302-be4f-e3bb175128c8,approve,ai_review,closed,2026-07-21T09:48:00.345698+05:00,,
92,38634255-032f-5302-be4f-e3bb175128c8,issue,,issued,2026-07-21T06:31:10.188094+05:00,"Перегрев электродвигателя, гул",
92,524bebbe-f703-5521-8e9d-5a3e54fbbf10,accept,issued,accepted,2026-07-21T06:35:36.550347+05:00,,
92,524bebbe-f703-5521-8e9d-5a3e54fbbf10,start,accepted,in_progress,2026-07-21T06:40:17.495787+05:00,,
92,524bebbe-f703-5521-8e9d-5a3e54fbbf10,complete,in_progress,done,2026-07-21T11:01:03.563194+05:00,"Заменены подшипники двигателя, проверены обмотки, пуск в норме",
92,,ai_verdict,done,ai_review,2026-07-21T11:02:55.674598+05:00,,
92,38634255-032f-5302-be4f-e3bb175128c8,approve,ai_review,closed,2026-07-21T11:56:09.247635+05:00,,
93,38634255-032f-5302-be4f-e3bb175128c8,issue,,issued,2026-07-21T06:52:44.860827+05:00,Срабатывает тепловая защита,
93,ee96e203-5cd8-5eb3-be58-94fd2ac2392a,accept,issued,accepted,2026-07-21T07:01:02.540488+05:00,,
93,ee96e203-5cd8-5eb3-be58-94fd2ac2392a,start,accepted,in_progress,2026-07-21T07:04:09.064707+05:00,,
93,ee96e203-5cd8-5eb3-be58-94fd2ac2392a,complete,in_progress,done,2026-07-21T08:08:30.473992+05:00,"Заменён автомат, проверена нагрузка, защита отрегулирована",
93,,ai_verdict,done,ai_review,2026-07-21T08:10:07.411746+05:00,,
93,38634255-032f-5302-be4f-e3bb175128c8,approve,ai_review,closed,2026-07-21T09:01:45.744291+05:00,,
94,c8297387-4c37-53d3-8120-a214ac80359e,issue,,issued,2026-07-21T08:32:44.209687+05:00,"Плановый ремонт (ППР): Сушильный барабан СБ-1 — осмотр, смазка, подтяжка креплений, замена изношенных элементов",
94,4cd857ba-990a-5264-9b16-d26a06a3e6f4,accept,issued,accepted,2026-07-21T08:42:12.471728+05:00,,
94,4cd857ba-990a-5264-9b16-d26a06a3e6f4,start,accepted,in_progress,2026-07-21T08:50:45.945999+05:00,,
94,4cd857ba-990a-5264-9b16-d26a06a3e6f4,pause,in_progress,paused,2026-07-21T10:53:41.608647+05:00,,ждёт запчасти со склада
94,4cd857ba-990a-5264-9b16-d26a06a3e6f4,start,paused,in_progress,2026-07-21T11:37:50.501570+05:00,,
94,4cd857ba-990a-5264-9b16-d26a06a3e6f4,complete,in_progress,done,2026-07-21T14:42:13.995542+05:00,"Выполнен ППР: Сушильный барабан СБ-1 — осмотр, смазка узлов, подтяжка креплений",
94,,ai_verdict,done,ai_review,2026-07-21T14:45:08.265333+05:00,,
94,c8297387-4c37-53d3-8120-a214ac80359e,approve,ai_review,closed,2026-07-21T14:57:39.993541+05:00,,
95,c8297387-4c37-53d3-8120-a214ac80359e,issue,,issued,2026-07-21T09:11:46.582200+05:00,"Плановый ремонт (ППР): Насос ГрАТ-450 №3 — осмотр, смазка, подтяжка креплений, замена изношенных элементов",
95,79413058-e2c0-5b03-adfb-a2a01c58f0d5,accept,issued,accepted,2026-07-21T09:16:52.710471+05:00,,
95,79413058-e2c0-5b03-adfb-a2a01c58f0d5,start,accepted,in_progress,2026-07-21T09:24:52.901985+05:00,,
95,79413058-e2c0-5b03-adfb-a2a01c58f0d5,complete,in_progress,done,2026-07-21T11:48:15.245317+05:00,"Выполнен ППР: Насос ГрАТ-450 №3 — осмотр, смазка узлов, подтяжка креплений",
95,,ai_verdict,done,ai_review,2026-07-21T11:50:21.521799+05:00,,
95,c8297387-4c37-53d3-8120-a214ac80359e,approve,ai_review,closed,2026-07-21T12:22:42.245927+05:00,,
96,c8297387-4c37-53d3-8120-a214ac80359e,issue,,issued,2026-07-21T09:40:40.658179+05:00,"Плановый ремонт (ППР): Вентилятор ВМ-12 — осмотр, смазка, подтяжка креплений, замена изношенных элементов",
96,4d9937c4-06fe-581d-bbee-b905cacaf2cc,accept,issued,accepted,2026-07-21T09:52:56.661044+05:00,,
96,4d9937c4-06fe-581d-bbee-b905cacaf2cc,start,accepted,in_progress,2026-07-21T09:59:15.157373+05:00,,
96,4d9937c4-06fe-581d-bbee-b905cacaf2cc,complete,in_progress,done,2026-07-21T14:44:02.066972+05:00,"Выполнен ППР: Вентилятор ВМ-12 — осмотр, смазка узлов, подтяжка креплений",
96,,ai_verdict,done,ai_review,2026-07-21T14:45:55.722414+05:00,,
96,c8297387-4c37-53d3-8120-a214ac80359e,approve,ai_review,closed,2026-07-21T15:08:47.377956+05:00,,
97,c8297387-4c37-53d3-8120-a214ac80359e,issue,,issued,2026-07-21T11:55:37.571976+05:00,Течь масла из-под уплотнения,
97,48146e97-4033-5976-9433-13e5009595cb,accept,issued,accepted,2026-07-21T11:57:52.679282+05:00,,
97,48146e97-4033-5976-9433-13e5009595cb,start,accepted,in_progress,2026-07-21T12:11:37.357019+05:00,,
97,48146e97-4033-5976-9433-13e5009595cb,pause,in_progress,paused,2026-07-21T12:53:26.610983+05:00,,ждёт запчасти со склада
97,48146e97-4033-5976-9433-13e5009595cb,start,paused,in_progress,2026-07-21T14:00:57.825978+05:00,,
97,48146e97-4033-5976-9433-13e5009595cb,complete,in_progress,done,2026-07-21T15:03:41.706924+05:00,"Заменены уплотнения, долито масло, течь устранена",
97,,ai_verdict,done,ai_review,2026-07-21T15:04:52.465283+05:00,,
97,c8297387-4c37-53d3-8120-a214ac80359e,approve,ai_review,closed,2026-07-21T15:52:57.168609+05:00,,
98,c8297387-4c37-53d3-8120-a214ac80359e,issue,,issued,2026-07-22T08:30:44.093374+05:00,"Плановый ремонт (ППР): Дымосос ДН-15 — осмотр, смазка, подтяжка креплений, замена изношенных элементов",
98,1c4d0efe-d6e1-5774-af33-096424b68a1d,accept,issued,accepted,2026-07-22T08:43:24.883927+05:00,,
98,1c4d0efe-d6e1-5774-af33-096424b68a1d,start,accepted,in_progress,2026-07-22T08:50:38.293098+05:00,,
98,1c4d0efe-d6e1-5774-af33-096424b68a1d,complete,in_progress,done,2026-07-22T12:55:29.183023+05:00,"Выполнен ППР: Дымосос ДН-15 — осмотр, смазка узлов, подтяжка креплений",
98,,ai_verdict,done,ai_review,2026-07-22T12:57:37.758128+05:00,,
98,c8297387-4c37-53d3-8120-a214ac80359e,approve,ai_review,closed,2026-07-22T13:10:48.033433+05:00,,
99,c8297387-4c37-53d3-8120-a214ac80359e,issue,,issued,2026-07-22T09:29:10.263440+05:00,"Плановый ремонт (ППР): Сварочный пост СП-2 — осмотр, смазка, подтяжка креплений, замена изношенных элементов",
99,4d9937c4-06fe-581d-bbee-b905cacaf2cc,accept,issued,accepted,2026-07-22T09:44:03.189929+05:00,,
99,4d9937c4-06fe-581d-bbee-b905cacaf2cc,start,accepted,in_progress,2026-07-22T09:58:27.993963+05:00,,
99,4d9937c4-06fe-581d-bbee-b905cacaf2cc,complete,in_progress,done,2026-07-22T15:43:11.371490+05:00,"Выполнен ППР: Сварочный пост СП-2 — осмотр, смазка узлов, подтяжка креплений",
99,,ai_verdict,done,ai_review,2026-07-22T15:45:33.627997+05:00,,
99,c8297387-4c37-53d3-8120-a214ac80359e,approve,ai_review,closed,2026-07-22T15:59:49.945158+05:00,,
100,c8297387-4c37-53d3-8120-a214ac80359e,issue,,issued,2026-07-22T10:37:52.254076+05:00,Сход и износ кромки ленты,
100,75808db3-d714-5bc1-8824-97b2c7c6f097,accept,issued,accepted,2026-07-22T10:40:21.209091+05:00,,
100,75808db3-d714-5bc1-8824-97b2c7c6f097,start,accepted,in_progress,2026-07-22T10:44:44.570162+05:00,,
100,75808db3-d714-5bc1-8824-97b2c7c6f097,complete,in_progress,done,2026-07-22T15:11:06.084059+05:00,"Выполнена стыковка ленты, отрегулирован ход",
100,,ai_verdict,done,ai_review,2026-07-22T15:13:17.759696+05:00,,
100,c8297387-4c37-53d3-8120-a214ac80359e,approve,ai_review,closed,2026-07-22T15:42:56.243754+05:00,,
101,38634255-032f-5302-be4f-e3bb175128c8,issue,,issued,2026-07-23T01:38:19.015318+05:00,"Масло в редукторе тёмное, с водой",
101,75808db3-d714-5bc1-8824-97b2c7c6f097,accept,issued,accepted,2026-07-23T01:51:55.621110+05:00,,
101,75808db3-d714-5bc1-8824-97b2c7c6f097,start,accepted,in_progress,2026-07-23T01:54:44.012426+05:00,,
101,75808db3-d714-5bc1-8824-97b2c7c6f097,complete,in_progress,done,2026-07-23T03:32:39.107289+05:00,"Масло заменено, редуктор промыт",
101,,ai_verdict,done,ai_review,2026-07-23T03:34:04.892440+05:00,,
101,38634255-032f-5302-be4f-e3bb175128c8,approve,ai_review,closed,2026-07-23T04:23:49.915563+05:00,,
102,c8297387-4c37-53d3-8120-a214ac80359e,issue,,issued,2026-07-23T08:13:17.303114+05:00,"Плановый ремонт (ППР): Дробилка ККД-1500 — осмотр, смазка, подтяжка креплений, замена изношенных элементов",
102,2f23346e-8eed-5645-a1b2-d929d4517246,accept,issued,accepted,2026-07-23T08:27:38.711298+05:00,,
102,2f23346e-8eed-5645-a1b2-d929d4517246,start,accepted,in_progress,2026-07-23T08:44:52.289929+05:00,,
102,2f23346e-8eed-5645-a1b2-d929d4517246,complete,in_progress,done,2026-07-23T15:11:25.621691+05:00,"Выполнен ППР: Дробилка ККД-1500 — осмотр, смазка узлов, подтяжка креплений",
102,,ai_verdict,done,ai_review,2026-07-23T15:13:14.883550+05:00,,
102,c8297387-4c37-53d3-8120-a214ac80359e,approve,ai_review,closed,2026-07-23T15:28:20.918634+05:00,,
103,c8297387-4c37-53d3-8120-a214ac80359e,issue,,issued,2026-07-23T09:05:03.529230+05:00,"Плановый ремонт (ППР): Кран мостовой 10 т — осмотр, смазка, подтяжка креплений, замена изношенных элементов",
103,2f23346e-8eed-5645-a1b2-d929d4517246,accept,issued,accepted,2026-07-23T09:10:48.212799+05:00,,
103,2f23346e-8eed-5645-a1b2-d929d4517246,start,accepted,in_progress,2026-07-23T09:30:41.703780+05:00,,
103,2f23346e-8eed-5645-a1b2-d929d4517246,complete,in_progress,done,2026-07-23T11:30:06.888550+05:00,"Выполнен ППР: Кран мостовой 10 т — осмотр, смазка узлов, подтяжка креплений",
103,,ai_verdict,done,ai_review,2026-07-23T11:31:46.336357+05:00,,
103,c8297387-4c37-53d3-8120-a214ac80359e,approve,ai_review,closed,2026-07-23T12:04:28.348454+05:00,,
104,c8297387-4c37-53d3-8120-a214ac80359e,issue,,issued,2026-07-23T09:44:04.022036+05:00,"Плановый ремонт (ППР): Конвейер К-1 — осмотр, смазка, подтяжка креплений, замена изношенных элементов",
104,1c4d0efe-d6e1-5774-af33-096424b68a1d,accept,issued,accepted,2026-07-23T09:53:32.487386+05:00,,
104,1c4d0efe-d6e1-5774-af33-096424b68a1d,start,accepted,in_progress,2026-07-23T10:01:50.389943+05:00,,
104,1c4d0efe-d6e1-5774-af33-096424b68a1d,complete,in_progress,done,2026-07-23T12:12:14.840691+05:00,"Выполнен ППР: Конвейер К-1 — осмотр, смазка узлов, подтяжка креплений",
104,,ai_verdict,done,rework,2026-07-23T12:15:11.828807+05:00,,Работы не соответствуют проблеме / нет фото «после»
104,1c4d0efe-d6e1-5774-af33-096424b68a1d,start,rework,in_progress,2026-07-23T12:37:32.768003+05:00,,
104,1c4d0efe-d6e1-5774-af33-096424b68a1d,complete,in_progress,done,2026-07-23T13:49:32.768003+05:00,"Выполнен ППР: Конвейер К-1 — осмотр, смазка узлов, подтяжка креплений",
104,,ai_verdict,done,ai_review,2026-07-23T13:51:24.670591+05:00,,
104,c8297387-4c37-53d3-8120-a214ac80359e,approve,ai_review,closed,2026-07-23T14:46:20.196198+05:00,,
105,c8297387-4c37-53d3-8120-a214ac80359e,issue,,issued,2026-07-23T09:55:09.278744+05:00,"Плановый ремонт (ППР): Конвейер К-3 — осмотр, смазка, подтяжка креплений, замена изношенных элементов",
105,79413058-e2c0-5b03-adfb-a2a01c58f0d5,accept,issued,accepted,2026-07-23T10:08:30.930617+05:00,,
105,79413058-e2c0-5b03-adfb-a2a01c58f0d5,start,accepted,in_progress,2026-07-23T10:22:46.979118+05:00,,
105,79413058-e2c0-5b03-adfb-a2a01c58f0d5,complete,in_progress,done,2026-07-23T13:26:41.222050+05:00,"Выполнен ППР: Конвейер К-3 — осмотр, смазка узлов, подтяжка креплений",
105,,ai_verdict,done,ai_review,2026-07-23T13:29:07.891128+05:00,,
105,c8297387-4c37-53d3-8120-a214ac80359e,approve,ai_review,closed,2026-07-23T14:24:25.751152+05:00,,
106,38634255-032f-5302-be4f-e3bb175128c8,issue,,issued,2026-07-24T04:56:17.731209+05:00,"Масло в редукторе тёмное, с водой",
106,1c4d0efe-d6e1-5774-af33-096424b68a1d,accept,issued,accepted,2026-07-24T04:58:47.032952+05:00,,
106,1c4d0efe-d6e1-5774-af33-096424b68a1d,start,accepted,in_progress,2026-07-24T05:11:38.824442+05:00,,
106,1c4d0efe-d6e1-5774-af33-096424b68a1d,complete,in_progress,done,2026-07-24T07:42:47.009846+05:00,"Масло заменено, редуктор промыт",
106,,ai_verdict,done,ai_review,2026-07-24T07:45:24.715652+05:00,,
106,38634255-032f-5302-be4f-e3bb175128c8,approve,ai_review,closed,2026-07-24T08:11:51.431956+05:00,,
107,c8297387-4c37-53d3-8120-a214ac80359e,issue,,issued,2026-07-24T08:34:48.497936+05:00,"Плановый ремонт (ППР): Грохот ГИТ-51 №2 — осмотр, смазка, подтяжка креплений, замена изношенных элементов",
107,30c23f9b-3046-52c7-aa98-4ded8e8f73ec,accept,issued,accepted,2026-07-24T08:41:45.991645+05:00,,
107,30c23f9b-3046-52c7-aa98-4ded8e8f73ec,start,accepted,in_progress,2026-07-24T08:43:54.468793+05:00,,
107,30c23f9b-3046-52c7-aa98-4ded8e8f73ec,complete,in_progress,done,2026-07-24T12:12:20.797545+05:00,"Выполнен ППР: Грохот ГИТ-51 №2 — осмотр, смазка узлов, подтяжка креплений",
107,,ai_verdict,done,ai_review,2026-07-24T12:14:25.059789+05:00,,
107,c8297387-4c37-53d3-8120-a214ac80359e,approve,ai_review,closed,2026-07-24T12:55:11.778275+05:00,,
108,c8297387-4c37-53d3-8120-a214ac80359e,issue,,issued,2026-07-24T09:35:35.537778+05:00,"Плановый ремонт (ППР): Сушильный барабан СБ-2 — осмотр, смазка, подтяжка креплений, замена изношенных элементов",
108,79413058-e2c0-5b03-adfb-a2a01c58f0d5,accept,issued,accepted,2026-07-24T09:41:21.876179+05:00,,
108,79413058-e2c0-5b03-adfb-a2a01c58f0d5,start,accepted,in_progress,2026-07-24T09:58:26.806525+05:00,,
108,79413058-e2c0-5b03-adfb-a2a01c58f0d5,complete,in_progress,done,2026-07-24T15:10:01.746890+05:00,"Выполнен ППР: Сушильный барабан СБ-2 — осмотр, смазка узлов, подтяжка креплений",
108,,ai_verdict,done,ai_review,2026-07-24T15:11:08.901187+05:00,,
108,c8297387-4c37-53d3-8120-a214ac80359e,approve,ai_review,closed,2026-07-24T15:57:54.459999+05:00,,
109,c8297387-4c37-53d3-8120-a214ac80359e,issue,,issued,2026-07-24T14:12:47.942438+05:00,"Перегрев узла, сухое трение",
109,30c23f9b-3046-52c7-aa98-4ded8e8f73ec,accept,issued,accepted,2026-07-24T14:23:34.151332+05:00,,
109,30c23f9b-3046-52c7-aa98-4ded8e8f73ec,start,accepted,in_progress,2026-07-24T14:27:43.723417+05:00,,
109,30c23f9b-3046-52c7-aa98-4ded8e8f73ec,complete,in_progress,done,2026-07-24T16:05:02.069536+05:00,"Узлы смазаны, проверен нагрев",
109,,ai_verdict,done,ai_review,2026-07-24T16:07:32.631010+05:00,,
109,c8297387-4c37-53d3-8120-a214ac80359e,approve,ai_review,closed,2026-07-24T17:01:10.165305+05:00,,
110,38634255-032f-5302-be4f-e3bb175128c8,issue,,issued,2026-07-25T07:19:29.195460+05:00,Шум и нагрев подшипникового узла привода,
110,79413058-e2c0-5b03-adfb-a2a01c58f0d5,accept,issued,accepted,2026-07-25T07:31:06.295447+05:00,,
110,79413058-e2c0-5b03-adfb-a2a01c58f0d5,start,accepted,in_progress,2026-07-25T07:39:37.551166+05:00,,
110,79413058-e2c0-5b03-adfb-a2a01c58f0d5,complete,in_progress,done,2026-07-25T11:17:17.537200+05:00,"Заменён подшипник, узел промыт и смазан, проверено на холостом ходу",
110,,ai_verdict,done,ai_review,2026-07-25T11:19:52.420348+05:00,,
110,38634255-032f-5302-be4f-e3bb175128c8,approve,ai_review,closed,2026-07-25T11:51:38.080836+05:00,,
111,c8297387-4c37-53d3-8120-a214ac80359e,issue,,issued,2026-07-25T08:31:38.731583+05:00,"Плановый ремонт (ППР): Рукавный фильтр РФ-2 — осмотр, смазка, подтяжка креплений, замена изношенных элементов",
111,1c4d0efe-d6e1-5774-af33-096424b68a1d,accept,issued,accepted,2026-07-25T08:37:34.701717+05:00,,
111,1c4d0efe-d6e1-5774-af33-096424b68a1d,start,accepted,in_progress,2026-07-25T08:55:21.849573+05:00,,
111,1c4d0efe-d6e1-5774-af33-096424b68a1d,complete,in_progress,done,2026-07-25T16:39:21.826537+05:00,"Выполнен ППР: Рукавный фильтр РФ-2 — осмотр, смазка узлов, подтяжка креплений",
111,,ai_verdict,done,rework,2026-07-25T16:41:22.088025+05:00,,Работы не соответствуют проблеме / нет фото «после»
111,1c4d0efe-d6e1-5774-af33-096424b68a1d,start,rework,in_progress,2026-07-25T17:37:33.946571+05:00,,
111,1c4d0efe-d6e1-5774-af33-096424b68a1d,complete,in_progress,done,2026-07-25T18:31:33.946571+05:00,"Выполнен ППР: Рукавный фильтр РФ-2 — осмотр, смазка узлов, подтяжка креплений",
111,,ai_verdict,done,ai_review,2026-07-25T18:32:53.796281+05:00,,
111,c8297387-4c37-53d3-8120-a214ac80359e,approve,ai_review,closed,2026-07-25T18:48:09.820627+05:00,,
112,c8297387-4c37-53d3-8120-a214ac80359e,issue,,issued,2026-07-25T08:35:01.546005+05:00,"Плановый ремонт (ППР): Токарный станок 1М63 — осмотр, смазка, подтяжка креплений, замена изношенных элементов",
112,1c4d0efe-d6e1-5774-af33-096424b68a1d,accept,issued,accepted,2026-07-25T08:43:09.157307+05:00,,
112,1c4d0efe-d6e1-5774-af33-096424b68a1d,start,accepted,in_progress,2026-07-25T09:02:58.433142+05:00,,
112,1c4d0efe-d6e1-5774-af33-096424b68a1d,complete,in_progress,done,2026-07-25T13:21:19.348650+05:00,"Выполнен ППР: Токарный станок 1М63 — осмотр, смазка узлов, подтяжка креплений",
112,,ai_verdict,done,ai_review,2026-07-25T13:22:34.230113+05:00,,
112,c8297387-4c37-53d3-8120-a214ac80359e,approve,ai_review,closed,2026-07-25T13:46:19.305352+05:00,,
113,c8297387-4c37-53d3-8120-a214ac80359e,issue,,issued,2026-07-25T08:40:50.840919+05:00,"Плановый ремонт (ППР): Питатель пластинчатый ПП-1 — осмотр, смазка, подтяжка креплений, замена изношенных элементов",
113,75808db3-d714-5bc1-8824-97b2c7c6f097,accept,issued,accepted,2026-07-25T08:49:17.984630+05:00,,
113,75808db3-d714-5bc1-8824-97b2c7c6f097,start,accepted,in_progress,2026-07-25T09:07:04.846052+05:00,,
113,75808db3-d714-5bc1-8824-97b2c7c6f097,complete,in_progress,done,2026-07-25T11:03:24.918611+05:00,"Выполнен ППР: Питатель пластинчатый ПП-1 — осмотр, смазка узлов, подтяжка креплений",
113,,ai_verdict,done,ai_review,2026-07-25T11:04:49.277712+05:00,,
113,c8297387-4c37-53d3-8120-a214ac80359e,approve,ai_review,closed,2026-07-25T11:45:07.020641+05:00,,
114,c8297387-4c37-53d3-8120-a214ac80359e,issue,,issued,2026-07-25T09:14:10.393491+05:00,"Вибрация, подшипник греется выше 80 °C",
114,1c4d0efe-d6e1-5774-af33-096424b68a1d,accept,issued,accepted,2026-07-25T09:18:13.364671+05:00,,
114,1c4d0efe-d6e1-5774-af33-096424b68a1d,start,accepted,in_progress,2026-07-25T09:31:21.633079+05:00,,
114,1c4d0efe-d6e1-5774-af33-096424b68a1d,complete,in_progress,done,2026-07-25T15:02:09.549642+05:00,"Заменён подшипник, узел промыт и смазан, проверено на холостом ходу",
114,,ai_verdict,done,ai_review,2026-07-25T15:04:37.793739+05:00,,
114,c8297387-4c37-53d3-8120-a214ac80359e,approve,ai_review,closed,2026-07-25T15:18:43.635360+05:00,,
115,c8297387-4c37-53d3-8120-a214ac80359e,issue,,issued,2026-07-25T09:41:35.090076+05:00,"Плановый ремонт (ППР): Рукавный фильтр РФ-1 — осмотр, смазка, подтяжка креплений, замена изношенных элементов",
115,75808db3-d714-5bc1-8824-97b2c7c6f097,accept,issued,accepted,2026-07-25T09:51:50.816800+05:00,,
115,75808db3-d714-5bc1-8824-97b2c7c6f097,start,accepted,in_progress,2026-07-25T10:06:37.358799+05:00,,
115,75808db3-d714-5bc1-8824-97b2c7c6f097,complete,in_progress,done,2026-07-25T12:58:08.677786+05:00,"Выполнен ППР: Рукавный фильтр РФ-1 — осмотр, смазка узлов, подтяжка креплений",
115,,ai_verdict,done,ai_review,2026-07-25T13:00:53.292652+05:00,,
115,c8297387-4c37-53d3-8120-a214ac80359e,approve,ai_review,closed,2026-07-25T13:38:42.272267+05:00,,
116,c8297387-4c37-53d3-8120-a214ac80359e,issue,,issued,2026-07-25T15:22:08.661188+05:00,"Двигатель не запускается, запах гари",
116,524bebbe-f703-5521-8e9d-5a3e54fbbf10,accept,issued,accepted,2026-07-25T15:24:52.104753+05:00,,
116,524bebbe-f703-5521-8e9d-5a3e54fbbf10,start,accepted,in_progress,2026-07-25T15:40:51.754621+05:00,,
116,524bebbe-f703-5521-8e9d-5a3e54fbbf10,complete,in_progress,done,2026-07-25T21:42:52.643430+05:00,"Заменены подшипники двигателя, проверены обмотки, пуск в норме",
116,,ai_verdict,done,ai_review,2026-07-25T21:45:11.929501+05:00,,
116,c8297387-4c37-53d3-8120-a214ac80359e,approve,ai_review,closed,2026-07-25T22:43:47.562992+05:00,,
117,38634255-032f-5302-be4f-e3bb175128c8,issue,,issued,2026-07-26T04:00:37.638752+05:00,Нет сигнала с датчика положения,
117,afebbbfd-2a78-5649-81b2-ad4f458ca374,accept,issued,accepted,2026-07-26T04:05:01.351554+05:00,,
117,afebbbfd-2a78-5649-81b2-ad4f458ca374,start,accepted,in_progress,2026-07-26T04:24:55.853312+05:00,,
117,afebbbfd-2a78-5649-81b2-ad4f458ca374,complete,in_progress,done,2026-07-26T08:40:55.591657+05:00,"Заменён датчик, выполнена настройка и проверка сигнала",
117,,ai_verdict,done,ai_review,2026-07-26T08:42:52.416995+05:00,,
117,38634255-032f-5302-be4f-e3bb175128c8,approve,ai_review,closed,2026-07-26T09:01:37.758787+05:00,,
118,c8297387-4c37-53d3-8120-a214ac80359e,issue,,issued,2026-07-26T08:12:44.164373+05:00,"Плановый ремонт (ППР): Сепаратор пневматический СП-1 — осмотр, смазка, подтяжка креплений, замена изношенных элементов",
118,79413058-e2c0-5b03-adfb-a2a01c58f0d5,reject,issued,rejected,2026-07-26T08:14:47.188227+05:00,,занят аварийным нарядом
118,c8297387-4c37-53d3-8120-a214ac80359e,reassign,rejected,issued,2026-07-26T08:16:43.400039+05:00,,
118,75808db3-d714-5bc1-8824-97b2c7c6f097,accept,issued,accepted,2026-07-26T08:20:34.972260+05:00,,
118,75808db3-d714-5bc1-8824-97b2c7c6f097,start,accepted,in_progress,2026-07-26T08:36:11.460235+05:00,,
118,75808db3-d714-5bc1-8824-97b2c7c6f097,complete,in_progress,done,2026-07-26T12:55:55.066563+05:00,"Выполнен ППР: Сепаратор пневматический СП-1 — осмотр, смазка узлов, подтяжка креплений",
118,,ai_verdict,done,ai_review,2026-07-26T12:58:17.533248+05:00,,
118,c8297387-4c37-53d3-8120-a214ac80359e,approve,ai_review,closed,2026-07-26T13:21:18.798162+05:00,,
119,c8297387-4c37-53d3-8120-a214ac80359e,issue,,issued,2026-07-26T08:15:28.791734+05:00,"Плановый ремонт (ППР): Конвейер К-2 — осмотр, смазка, подтяжка креплений, замена изношенных элементов",
119,2f23346e-8eed-5645-a1b2-d929d4517246,accept,issued,accepted,2026-07-26T08:20:58.284541+05:00,,
119,2f23346e-8eed-5645-a1b2-d929d4517246,start,accepted,in_progress,2026-07-26T08:35:19.394086+05:00,,
119,2f23346e-8eed-5645-a1b2-d929d4517246,complete,in_progress,done,2026-07-26T13:37:56.527265+05:00,"Выполнен ППР: Конвейер К-2 — осмотр, смазка узлов, подтяжка креплений",
119,,ai_verdict,done,ai_review,2026-07-26T13:39:58.053807+05:00,,
119,c8297387-4c37-53d3-8120-a214ac80359e,approve,ai_review,closed,2026-07-26T14:18:30.004228+05:00,,
120,c8297387-4c37-53d3-8120-a214ac80359e,issue,,issued,2026-07-26T08:33:13.187260+05:00,"Плановый ремонт (ППР): Компрессор ВК-10 — осмотр, смазка, подтяжка креплений, замена изношенных элементов",
120,2f23346e-8eed-5645-a1b2-d929d4517246,accept,issued,accepted,2026-07-26T08:46:23.168363+05:00,,
120,2f23346e-8eed-5645-a1b2-d929d4517246,start,accepted,in_progress,2026-07-26T08:54:13.199810+05:00,,
120,2f23346e-8eed-5645-a1b2-d929d4517246,complete,in_progress,done,2026-07-26T10:05:13.438997+05:00,"Выполнен ППР: Компрессор ВК-10 — осмотр, смазка узлов, подтяжка креплений",
120,,ai_verdict,done,ai_review,2026-07-26T10:06:59.772900+05:00,,
120,c8297387-4c37-53d3-8120-a214ac80359e,approve,ai_review,closed,2026-07-26T10:56:15.740934+05:00,,
121,c8297387-4c37-53d3-8120-a214ac80359e,issue,,issued,2026-07-26T09:12:52.236440+05:00,"Плановый ремонт (ППР): Компрессор ВК-20 — осмотр, смазка, подтяжка креплений, замена изношенных элементов",
121,79413058-e2c0-5b03-adfb-a2a01c58f0d5,accept,issued,accepted,2026-07-26T09:23:52.063662+05:00,,
121,79413058-e2c0-5b03-adfb-a2a01c58f0d5,start,accepted,in_progress,2026-07-26T09:39:41.287384+05:00,,
121,79413058-e2c0-5b03-adfb-a2a01c58f0d5,complete,in_progress,done,2026-07-26T12:17:42.096688+05:00,"Выполнен ППР: Компрессор ВК-20 — осмотр, смазка узлов, подтяжка креплений",
121,,ai_verdict,done,ai_review,2026-07-26T12:19:31.335555+05:00,,
121,c8297387-4c37-53d3-8120-a214ac80359e,approve,ai_review,closed,2026-07-26T13:14:14.806639+05:00,,
122,c8297387-4c37-53d3-8120-a214ac80359e,issue,,issued,2026-07-26T09:18:40.627510+05:00,"Плановый ремонт (ППР): Грохот ГИТ-51 №1 — осмотр, смазка, подтяжка креплений, замена изношенных элементов",
122,30c23f9b-3046-52c7-aa98-4ded8e8f73ec,accept,issued,accepted,2026-07-26T09:32:36.717667+05:00,,
122,30c23f9b-3046-52c7-aa98-4ded8e8f73ec,start,accepted,in_progress,2026-07-26T09:48:27.513742+05:00,,
122,30c23f9b-3046-52c7-aa98-4ded8e8f73ec,complete,in_progress,done,2026-07-26T13:16:21.399854+05:00,"Выполнен ППР: Грохот ГИТ-51 №1 — осмотр, смазка узлов, подтяжка креплений",
122,,ai_verdict,done,ai_review,2026-07-26T13:17:41.844489+05:00,,
122,c8297387-4c37-53d3-8120-a214ac80359e,approve,ai_review,closed,2026-07-26T14:03:13.293407+05:00,,
123,38634255-032f-5302-be4f-e3bb175128c8,issue,,issued,2026-07-27T00:45:30.757821+05:00,"Двигатель не запускается, запах гари",
123,afebbbfd-2a78-5649-81b2-ad4f458ca374,accept,issued,accepted,2026-07-27T00:51:31.730413+05:00,,
123,afebbbfd-2a78-5649-81b2-ad4f458ca374,start,accepted,in_progress,2026-07-27T00:54:05.594480+05:00,,
123,afebbbfd-2a78-5649-81b2-ad4f458ca374,complete,in_progress,done,2026-07-27T04:27:25.631294+05:00,"Заменены подшипники двигателя, проверены обмотки, пуск в норме",
123,,ai_verdict,done,rework,2026-07-27T04:30:12.448683+05:00,,Работы не соответствуют проблеме / нет фото «после»
123,afebbbfd-2a78-5649-81b2-ad4f458ca374,start,rework,in_progress,2026-07-27T04:53:21.408846+05:00,,
123,afebbbfd-2a78-5649-81b2-ad4f458ca374,complete,in_progress,done,2026-07-27T06:05:21.408846+05:00,"Заменены подшипники двигателя, проверены обмотки, пуск в норме",
123,,ai_verdict,done,ai_review,2026-07-27T06:06:57.063707+05:00,,
123,38634255-032f-5302-be4f-e3bb175128c8,approve,ai_review,closed,2026-07-27T06:44:22.060729+05:00,,
124,c8297387-4c37-53d3-8120-a214ac80359e,issue,,issued,2026-07-27T08:20:29.281934+05:00,"Плановый ремонт (ППР): Конвейер К-7 — осмотр, смазка, подтяжка креплений, замена изношенных элементов",
124,4d9937c4-06fe-581d-bbee-b905cacaf2cc,accept,issued,accepted,2026-07-27T08:29:49.014007+05:00,,
124,4d9937c4-06fe-581d-bbee-b905cacaf2cc,start,accepted,in_progress,2026-07-27T08:47:50.134369+05:00,,
124,4d9937c4-06fe-581d-bbee-b905cacaf2cc,complete,in_progress,done,2026-07-27T13:02:30.475364+05:00,"Выполнен ППР: Конвейер К-7 — осмотр, смазка узлов, подтяжка креплений",
124,,ai_verdict,done,ai_review,2026-07-27T13:03:55.240450+05:00,,
124,c8297387-4c37-53d3-8120-a214ac80359e,approve,ai_review,closed,2026-07-27T13:31:42.399921+05:00,,
125,c8297387-4c37-53d3-8120-a214ac80359e,issue,,issued,2026-07-27T08:23:21.023595+05:00,"Плановый ремонт (ППР): Насос ГрАТ-450 №1 — осмотр, смазка, подтяжка креплений, замена изношенных элементов",
125,4cd857ba-990a-5264-9b16-d26a06a3e6f4,accept,issued,accepted,2026-07-27T08:25:32.144143+05:00,,
125,4cd857ba-990a-5264-9b16-d26a06a3e6f4,start,accepted,in_progress,2026-07-27T08:41:23.120606+05:00,,
125,4cd857ba-990a-5264-9b16-d26a06a3e6f4,complete,in_progress,done,2026-07-27T12:24:34.754784+05:00,"Выполнен ППР: Насос ГрАТ-450 №1 — осмотр, смазка узлов, подтяжка креплений",
125,,ai_verdict,done,ai_review,2026-07-27T12:27:30.266826+05:00,,
125,c8297387-4c37-53d3-8120-a214ac80359e,approve,ai_review,closed,2026-07-27T13:25:15.018412+05:00,,
126,c8297387-4c37-53d3-8120-a214ac80359e,issue,,issued,2026-07-27T08:45:15.711589+05:00,"Плановый ремонт (ППР): Гидропресс П-6326 — осмотр, смазка, подтяжка креплений, замена изношенных элементов",
126,4cd857ba-990a-5264-9b16-d26a06a3e6f4,reject,issued,rejected,2026-07-27T08:51:46.876757+05:00,,нет материалов
126,c8297387-4c37-53d3-8120-a214ac80359e,reassign,rejected,issued,2026-07-27T08:53:15.399308+05:00,,
126,1c4d0efe-d6e1-5774-af33-096424b68a1d,accept,issued,accepted,2026-07-27T09:04:01.889580+05:00,,
126,1c4d0efe-d6e1-5774-af33-096424b68a1d,start,accepted,in_progress,2026-07-27T09:15:01.190515+05:00,,
126,1c4d0efe-d6e1-5774-af33-096424b68a1d,pause,in_progress,paused,2026-07-27T10:43:11.268715+05:00,,ждёт допуска
126,1c4d0efe-d6e1-5774-af33-096424b68a1d,start,paused,in_progress,2026-07-27T12:08:34.793485+05:00,,
126,1c4d0efe-d6e1-5774-af33-096424b68a1d,complete,in_progress,done,2026-07-27T14:20:49.910785+05:00,"Выполнен ППР: Гидропресс П-6326 — осмотр, смазка узлов, подтяжка креплений",
126,,ai_verdict,done,ai_review,2026-07-27T14:22:54.493893+05:00,,
126,c8297387-4c37-53d3-8120-a214ac80359e,approve,ai_review,closed,2026-07-27T14:45:59.436504+05:00,,
127,c8297387-4c37-53d3-8120-a214ac80359e,issue,,issued,2026-07-27T09:20:13.035344+05:00,"Плановый ремонт (ППР): Насос ГрАТ-450 №2 — осмотр, смазка, подтяжка креплений, замена изношенных элементов",
127,1c4d0efe-d6e1-5774-af33-096424b68a1d,accept,issued,accepted,2026-07-27T09:34:16.636196+05:00,,
127,1c4d0efe-d6e1-5774-af33-096424b68a1d,start,accepted,in_progress,2026-07-27T09:53:14.132416+05:00,,
127,1c4d0efe-d6e1-5774-af33-096424b68a1d,complete,in_progress,done,2026-07-27T17:54:04.313346+05:00,"Выполнен ППР: Насос ГрАТ-450 №2 — осмотр, смазка узлов, подтяжка креплений",
127,,ai_verdict,done,ai_review,2026-07-27T17:55:24.476745+05:00,,
127,c8297387-4c37-53d3-8120-a214ac80359e,approve,ai_review,closed,2026-07-27T18:22:00.024650+05:00,,
128,c8297387-4c37-53d3-8120-a214ac80359e,issue,,issued,2026-07-27T09:54:21.244410+05:00,"Плановый ремонт (ППР): Дробилка КМД-1750 — осмотр, смазка, подтяжка креплений, замена изношенных элементов",
128,75808db3-d714-5bc1-8824-97b2c7c6f097,accept,issued,accepted,2026-07-27T09:59:39.262906+05:00,,
128,75808db3-d714-5bc1-8824-97b2c7c6f097,start,accepted,in_progress,2026-07-27T10:18:23.014026+05:00,,
128,75808db3-d714-5bc1-8824-97b2c7c6f097,complete,in_progress,done,2026-07-27T17:50:49.921395+05:00,"Выполнен ППР: Дробилка КМД-1750 — осмотр, смазка узлов, подтяжка креплений",
128,,ai_verdict,done,ai_review,2026-07-27T17:53:29.632780+05:00,,
128,c8297387-4c37-53d3-8120-a214ac80359e,approve,ai_review,closed,2026-07-27T18:42:14.077396+05:00,,
129,c8297387-4c37-53d3-8120-a214ac80359e,issue,,issued,2026-07-27T12:09:19.371329+05:00,"Течь гидрожидкости, лужа под агрегатом",
129,9d7fbeed-09f8-55cd-9cc1-8e28b1c8a47a,accept,issued,accepted,2026-07-27T12:12:22.595320+05:00,,
129,9d7fbeed-09f8-55cd-9cc1-8e28b1c8a47a,start,accepted,in_progress,2026-07-27T12:26:31.094476+05:00,,
129,9d7fbeed-09f8-55cd-9cc1-8e28b1c8a47a,complete,in_progress,done,2026-07-27T13:32:58.098798+05:00,"Заменены уплотнения, долито масло, течь устранена",
129,,ai_verdict,done,ai_review,2026-07-27T13:35:49.441029+05:00,,
129,c8297387-4c37-53d3-8120-a214ac80359e,approve,ai_review,closed,2026-07-27T14:34:51.901687+05:00,,
130,38634255-032f-5302-be4f-e3bb175128c8,issue,,issued,2026-07-27T21:38:13.359622+05:00,Течь масла из-под уплотнения,
130,9d7fbeed-09f8-55cd-9cc1-8e28b1c8a47a,accept,issued,accepted,2026-07-27T21:41:42.664007+05:00,,
130,9d7fbeed-09f8-55cd-9cc1-8e28b1c8a47a,start,accepted,in_progress,2026-07-27T21:53:27.384044+05:00,,
130,9d7fbeed-09f8-55cd-9cc1-8e28b1c8a47a,complete,in_progress,done,2026-07-27T23:22:52.204412+05:00,"Заменены уплотнения, долито масло, течь устранена",
130,,ai_verdict,done,ai_review,2026-07-27T23:25:51.485588+05:00,,
130,38634255-032f-5302-be4f-e3bb175128c8,approve,ai_review,closed,2026-07-28T00:18:44.994863+05:00,,
131,38634255-032f-5302-be4f-e3bb175128c8,issue,,issued,2026-07-28T01:46:42.129094+05:00,Нет сигнала с датчика положения,
131,afebbbfd-2a78-5649-81b2-ad4f458ca374,accept,issued,accepted,2026-07-28T01:53:31.422516+05:00,,
131,afebbbfd-2a78-5649-81b2-ad4f458ca374,start,accepted,in_progress,2026-07-28T02:13:29.070881+05:00,,
131,afebbbfd-2a78-5649-81b2-ad4f458ca374,complete,in_progress,done,2026-07-28T03:23:45.947051+05:00,"Заменён датчик, выполнена настройка и проверка сигнала",
131,,ai_verdict,done,ai_review,2026-07-28T03:25:17.835473+05:00,,
131,38634255-032f-5302-be4f-e3bb175128c8,approve,ai_review,closed,2026-07-28T04:00:08.261509+05:00,,
132,c8297387-4c37-53d3-8120-a214ac80359e,issue,,issued,2026-07-28T08:54:13.110169+05:00,"Плановый ремонт (ППР): Вентилятор ВМ-12 — осмотр, смазка, подтяжка креплений, замена изношенных элементов",
132,79413058-e2c0-5b03-adfb-a2a01c58f0d5,accept,issued,accepted,2026-07-28T08:58:02.362043+05:00,,
132,79413058-e2c0-5b03-adfb-a2a01c58f0d5,start,accepted,in_progress,2026-07-28T09:10:14.512741+05:00,,
132,79413058-e2c0-5b03-adfb-a2a01c58f0d5,complete,in_progress,done,2026-07-28T12:38:02.432591+05:00,"Выполнен ППР: Вентилятор ВМ-12 — осмотр, смазка узлов, подтяжка креплений",
132,,ai_verdict,done,ai_review,2026-07-28T12:39:47.991923+05:00,,
132,c8297387-4c37-53d3-8120-a214ac80359e,approve,ai_review,closed,2026-07-28T13:22:56.272921+05:00,,
133,c8297387-4c37-53d3-8120-a214ac80359e,issue,,issued,2026-07-28T09:03:57.678556+05:00,"Плановый ремонт (ППР): Сушильный барабан СБ-1 — осмотр, смазка, подтяжка креплений, замена изношенных элементов",
133,2f23346e-8eed-5645-a1b2-d929d4517246,accept,issued,accepted,2026-07-28T09:17:25.749474+05:00,,
133,2f23346e-8eed-5645-a1b2-d929d4517246,start,accepted,in_progress,2026-07-28T09:19:43.557258+05:00,,
133,2f23346e-8eed-5645-a1b2-d929d4517246,complete,in_progress,done,2026-07-28T14:57:21.126008+05:00,"Выполнен ППР: Сушильный барабан СБ-1 — осмотр, смазка узлов, подтяжка креплений",
133,,ai_verdict,done,ai_review,2026-07-28T14:58:53.955888+05:00,,
133,c8297387-4c37-53d3-8120-a214ac80359e,approve,ai_review,closed,2026-07-28T15:43:48.825899+05:00,,
134,c8297387-4c37-53d3-8120-a214ac80359e,issue,,issued,2026-07-28T09:23:06.334250+05:00,"Плановый ремонт (ППР): Насос ГрАТ-450 №3 — осмотр, смазка, подтяжка креплений, замена изношенных элементов",
134,30c23f9b-3046-52c7-aa98-4ded8e8f73ec,accept,issued,accepted,2026-07-28T09:32:25.608487+05:00,,
134,30c23f9b-3046-52c7-aa98-4ded8e8f73ec,start,accepted,in_progress,2026-07-28T09:37:14.592137+05:00,,
134,30c23f9b-3046-52c7-aa98-4ded8e8f73ec,complete,in_progress,done,2026-07-28T12:50:06.465657+05:00,"Выполнен ППР: Насос ГрАТ-450 №3 — осмотр, смазка узлов, подтяжка креплений",
134,,ai_verdict,done,ai_review,2026-07-28T12:52:23.986106+05:00,,
134,c8297387-4c37-53d3-8120-a214ac80359e,approve,ai_review,closed,2026-07-28T13:03:18.454874+05:00,,
135,c8297387-4c37-53d3-8120-a214ac80359e,issue,,issued,2026-07-28T17:09:53.506414+05:00,"Перегрев электродвигателя, гул",
135,ee96e203-5cd8-5eb3-be58-94fd2ac2392a,accept,issued,accepted,2026-07-28T17:16:52.216241+05:00,,
135,ee96e203-5cd8-5eb3-be58-94fd2ac2392a,start,accepted,in_progress,2026-07-28T17:31:29.056443+05:00,,
135,ee96e203-5cd8-5eb3-be58-94fd2ac2392a,complete,in_progress,done,2026-07-28T21:42:54.222277+05:00,"Заменены подшипники двигателя, проверены обмотки, пуск в норме",
135,,ai_verdict,done,ai_review,2026-07-28T21:44:08.273058+05:00,,
135,c8297387-4c37-53d3-8120-a214ac80359e,approve,ai_review,closed,2026-07-28T22:24:32.877168+05:00,,
136,38634255-032f-5302-be4f-e3bb175128c8,issue,,issued,2026-07-29T00:46:09.357461+05:00,"Двигатель не запускается, запах гари",
136,524bebbe-f703-5521-8e9d-5a3e54fbbf10,accept,issued,accepted,2026-07-29T00:48:26.747361+05:00,,
136,524bebbe-f703-5521-8e9d-5a3e54fbbf10,start,accepted,in_progress,2026-07-29T01:06:16.882862+05:00,,
136,524bebbe-f703-5521-8e9d-5a3e54fbbf10,complete,in_progress,done,2026-07-29T04:13:58.767829+05:00,"Заменены подшипники двигателя, проверены обмотки, пуск в норме",
136,,ai_verdict,done,ai_review,2026-07-29T04:16:30.790930+05:00,,
136,38634255-032f-5302-be4f-e3bb175128c8,approve,ai_review,closed,2026-07-29T04:46:41.012377+05:00,,
137,38634255-032f-5302-be4f-e3bb175128c8,issue,,issued,2026-07-29T01:56:10.088895+05:00,Шум и нагрев подшипникового узла привода,
137,4d9937c4-06fe-581d-bbee-b905cacaf2cc,accept,issued,accepted,2026-07-29T02:00:44.539754+05:00,,
137,4d9937c4-06fe-581d-bbee-b905cacaf2cc,start,accepted,in_progress,2026-07-29T02:16:27.720075+05:00,,
137,4d9937c4-06fe-581d-bbee-b905cacaf2cc,complete,in_progress,done,2026-07-29T04:07:54.517171+05:00,"Заменён подшипник, узел промыт и смазан, проверено на холостом ходу",
137,,ai_verdict,done,ai_review,2026-07-29T04:10:33.782727+05:00,,
137,38634255-032f-5302-be4f-e3bb175128c8,approve,ai_review,closed,2026-07-29T04:29:22.987359+05:00,,
138,c8297387-4c37-53d3-8120-a214ac80359e,issue,,issued,2026-07-29T08:01:39.867837+05:00,"Плановый ремонт (ППР): Дымосос ДН-15 — осмотр, смазка, подтяжка креплений, замена изношенных элементов",
138,79413058-e2c0-5b03-adfb-a2a01c58f0d5,accept,issued,accepted,2026-07-29T08:12:28.078431+05:00,,
138,79413058-e2c0-5b03-adfb-a2a01c58f0d5,start,accepted,in_progress,2026-07-29T08:26:10.478609+05:00,,
138,79413058-e2c0-5b03-adfb-a2a01c58f0d5,complete,in_progress,done,2026-07-29T11:51:25.649981+05:00,"Выполнен ППР: Дымосос ДН-15 — осмотр, смазка узлов, подтяжка креплений",
138,,ai_verdict,done,rework,2026-07-29T11:53:06.081092+05:00,,Работы не соответствуют проблеме / нет фото «после»
138,79413058-e2c0-5b03-adfb-a2a01c58f0d5,start,rework,in_progress,2026-07-29T12:40:39.995485+05:00,,
138,79413058-e2c0-5b03-adfb-a2a01c58f0d5,complete,in_progress,done,2026-07-29T13:34:39.995485+05:00,"Выполнен ППР: Дымосос ДН-15 — осмотр, смазка узлов, подтяжка креплений",
138,,ai_verdict,done,ai_review,2026-07-29T13:36:43.501779+05:00,,
138,c8297387-4c37-53d3-8120-a214ac80359e,approve,ai_review,closed,2026-07-29T13:58:50.157839+05:00,,
139,c8297387-4c37-53d3-8120-a214ac80359e,issue,,issued,2026-07-29T08:06:45.041331+05:00,"Плановый ремонт (ППР): Сварочный пост СП-2 — осмотр, смазка, подтяжка креплений, замена изношенных элементов",
139,4d9937c4-06fe-581d-bbee-b905cacaf2cc,accept,issued,accepted,2026-07-29T08:11:42.459986+05:00,,
139,4d9937c4-06fe-581d-bbee-b905cacaf2cc,start,accepted,in_progress,2026-07-29T08:20:59.853135+05:00,,
139,4d9937c4-06fe-581d-bbee-b905cacaf2cc,complete,in_progress,done,2026-07-29T11:47:02.343608+05:00,"Выполнен ППР: Сварочный пост СП-2 — осмотр, смазка узлов, подтяжка креплений",
139,,ai_verdict,done,ai_review,2026-07-29T11:49:50.461576+05:00,,
139,c8297387-4c37-53d3-8120-a214ac80359e,approve,ai_review,closed,2026-07-29T12:13:18.755093+05:00,,
140,c8297387-4c37-53d3-8120-a214ac80359e,issue,,issued,2026-07-29T14:41:24.420933+05:00,Шум и нагрев подшипникового узла привода,
140,75808db3-d714-5bc1-8824-97b2c7c6f097,accept,issued,accepted,2026-07-29T14:45:56.440308+05:00,,
140,75808db3-d714-5bc1-8824-97b2c7c6f097,start,accepted,in_progress,2026-07-29T14:49:42.628383+05:00,,
140,75808db3-d714-5bc1-8824-97b2c7c6f097,complete,in_progress,done,2026-07-29T17:32:23.459362+05:00,"Заменён подшипник, узел промыт и смазан, проверено на холостом ходу",
140,,ai_verdict,done,ai_review,2026-07-29T17:34:21.154796+05:00,,
140,c8297387-4c37-53d3-8120-a214ac80359e,approve,ai_review,closed,2026-07-29T18:09:46.326035+05:00,,
141,38634255-032f-5302-be4f-e3bb175128c8,issue,,issued,2026-07-30T02:56:59.502760+05:00,Срабатывает тепловая защита,
141,ee96e203-5cd8-5eb3-be58-94fd2ac2392a,accept,issued,accepted,2026-07-30T03:07:42.301934+05:00,,
141,ee96e203-5cd8-5eb3-be58-94fd2ac2392a,start,accepted,in_progress,2026-07-30T03:17:55.010773+05:00,,
141,ee96e203-5cd8-5eb3-be58-94fd2ac2392a,complete,in_progress,done,2026-07-30T04:06:56.609400+05:00,"Заменён автомат, проверена нагрузка, защита отрегулирована",
141,,ai_verdict,done,ai_review,2026-07-30T04:08:51.622139+05:00,,
141,38634255-032f-5302-be4f-e3bb175128c8,approve,ai_review,closed,2026-07-30T04:29:25.322957+05:00,,
142,38634255-032f-5302-be4f-e3bb175128c8,issue,,issued,2026-07-30T07:53:28.815712+05:00,"Падение напора, шум в улитке насоса",
142,75808db3-d714-5bc1-8824-97b2c7c6f097,queue,issued,queued,2026-07-30T08:01:35.141324+05:00,,
142,75808db3-d714-5bc1-8824-97b2c7c6f097,start,queued,in_progress,2026-07-30T08:35:51.732892+05:00,,
142,75808db3-d714-5bc1-8824-97b2c7c6f097,complete,in_progress,done,2026-07-30T14:10:39.217887+05:00,"Заменено рабочее колесо, уплотнения, насос опробован",
142,,ai_verdict,done,ai_review,2026-07-30T14:12:45.406560+05:00,,
142,38634255-032f-5302-be4f-e3bb175128c8,approve,ai_review,closed,2026-07-30T14:41:39.779418+05:00,,
143,c8297387-4c37-53d3-8120-a214ac80359e,issue,,issued,2026-07-30T08:41:05.883665+05:00,"Плановый ремонт (ППР): Кран мостовой 10 т — осмотр, смазка, подтяжка креплений, замена изношенных элементов",
143,75808db3-d714-5bc1-8824-97b2c7c6f097,accept,issued,accepted,2026-07-30T08:52:05.334927+05:00,,
143,75808db3-d714-5bc1-8824-97b2c7c6f097,start,accepted,in_progress,2026-07-30T08:56:56.826866+05:00,,
143,75808db3-d714-5bc1-8824-97b2c7c6f097,complete,in_progress,done,2026-07-30T12:38:48.126150+05:00,"Выполнен ППР: Кран мостовой 10 т — осмотр, смазка узлов, подтяжка креплений",
143,,ai_verdict,done,ai_review,2026-07-30T12:41:18.976484+05:00,,
143,c8297387-4c37-53d3-8120-a214ac80359e,approve,ai_review,closed,2026-07-30T13:11:40.986896+05:00,,
144,c8297387-4c37-53d3-8120-a214ac80359e,issue,,issued,2026-07-30T08:51:03.191888+05:00,"Плановый ремонт (ППР): Конвейер К-1 — осмотр, смазка, подтяжка креплений, замена изношенных элементов",
144,30c23f9b-3046-52c7-aa98-4ded8e8f73ec,accept,issued,accepted,2026-07-30T09:03:40.185186+05:00,,
144,30c23f9b-3046-52c7-aa98-4ded8e8f73ec,start,accepted,in_progress,2026-07-30T09:09:13.010064+05:00,,
144,30c23f9b-3046-52c7-aa98-4ded8e8f73ec,complete,in_progress,done,2026-07-30T11:15:45.039333+05:00,"Выполнен ППР: Конвейер К-1 — осмотр, смазка узлов, подтяжка креплений",
144,,ai_verdict,done,ai_review,2026-07-30T11:17:57.853428+05:00,,
144,c8297387-4c37-53d3-8120-a214ac80359e,approve,ai_review,closed,2026-07-30T11:43:36.591723+05:00,,
145,c8297387-4c37-53d3-8120-a214ac80359e,issue,,issued,2026-07-30T09:38:00.681741+05:00,"Плановый ремонт (ППР): Дробилка ККД-1500 — осмотр, смазка, подтяжка креплений, замена изношенных элементов",
145,4d9937c4-06fe-581d-bbee-b905cacaf2cc,accept,issued,accepted,2026-07-30T09:44:01.557620+05:00,,
145,4d9937c4-06fe-581d-bbee-b905cacaf2cc,start,accepted,in_progress,2026-07-30T09:53:45.076998+05:00,,
145,4d9937c4-06fe-581d-bbee-b905cacaf2cc,complete,in_progress,done,2026-07-30T21:50:16.673415+05:00,"Выполнен ППР: Дробилка ККД-1500 — осмотр, смазка узлов, подтяжка креплений",
145,,ai_verdict,done,rework,2026-07-30T21:51:22.750792+05:00,,Работы не соответствуют проблеме / нет фото «после»
145,4d9937c4-06fe-581d-bbee-b905cacaf2cc,start,rework,in_progress,2026-07-30T22:50:09.828759+05:00,,
145,4d9937c4-06fe-581d-bbee-b905cacaf2cc,complete,in_progress,done,2026-07-31T01:14:09.828759+05:00,"Выполнен ППР: Дробилка ККД-1500 — осмотр, смазка узлов, подтяжка креплений",
145,,ai_verdict,done,ai_review,2026-07-31T01:16:37.557495+05:00,,
145,c8297387-4c37-53d3-8120-a214ac80359e,approve,ai_review,closed,2026-07-31T01:32:27.716765+05:00,,
146,c8297387-4c37-53d3-8120-a214ac80359e,issue,,issued,2026-07-30T09:57:27.839438+05:00,"Плановый ремонт (ППР): Конвейер К-3 — осмотр, смазка, подтяжка креплений, замена изношенных элементов",
146,4d9937c4-06fe-581d-bbee-b905cacaf2cc,accept,issued,accepted,2026-07-30T10:10:58.666772+05:00,,
146,4d9937c4-06fe-581d-bbee-b905cacaf2cc,start,accepted,in_progress,2026-07-30T10:20:44.739373+05:00,,
146,4d9937c4-06fe-581d-bbee-b905cacaf2cc,complete,in_progress,done,2026-07-30T13:34:16.679079+05:00,"Выполнен ППР: Конвейер К-3 — осмотр, смазка узлов, подтяжка креплений",
146,,ai_verdict,done,ai_review,2026-07-30T13:36:49.998558+05:00,,
146,c8297387-4c37-53d3-8120-a214ac80359e,approve,ai_review,closed,2026-07-30T13:57:08.666037+05:00,,
147,c8297387-4c37-53d3-8120-a214ac80359e,issue,,issued,2026-07-30T17:54:22.548563+05:00,"Перегрев компрессора, выбивает защиту",
147,4d9937c4-06fe-581d-bbee-b905cacaf2cc,accept,issued,accepted,2026-07-30T17:57:16.263598+05:00,,
147,4d9937c4-06fe-581d-bbee-b905cacaf2cc,start,accepted,in_progress,2026-07-30T18:04:17.732043+05:00,,
147,4d9937c4-06fe-581d-bbee-b905cacaf2cc,complete,in_progress,done,2026-07-30T21:47:01.797748+05:00,"Заменены ремни, масло, уплотнения, компрессор опробован",
147,,ai_verdict,done,ai_review,2026-07-30T21:49:55.903578+05:00,,
147,c8297387-4c37-53d3-8120-a214ac80359e,approve,ai_review,closed,2026-07-30T22:05:48.913319+05:00,,
148,c8297387-4c37-53d3-8120-a214ac80359e,issue,,issued,2026-07-31T08:54:55.120163+05:00,"Плановый ремонт (ППР): Грохот ГИТ-51 №2 — осмотр, смазка, подтяжка креплений, замена изношенных элементов",
148,2f23346e-8eed-5645-a1b2-d929d4517246,accept,issued,accepted,2026-07-31T09:00:00.292372+05:00,,
148,2f23346e-8eed-5645-a1b2-d929d4517246,start,accepted,in_progress,2026-07-31T09:05:16.348015+05:00,,
148,2f23346e-8eed-5645-a1b2-d929d4517246,complete,in_progress,done,2026-07-31T10:43:12.654228+05:00,"Выполнен ППР: Грохот ГИТ-51 №2 — осмотр, смазка узлов, подтяжка креплений",
148,,ai_verdict,done,ai_review,2026-07-31T10:45:45.044215+05:00,,
148,c8297387-4c37-53d3-8120-a214ac80359e,approve,ai_review,closed,2026-07-31T10:57:31.939908+05:00,,
149,c8297387-4c37-53d3-8120-a214ac80359e,issue,,issued,2026-07-31T09:35:36.326387+05:00,"Плановый ремонт (ППР): Сушильный барабан СБ-2 — осмотр, смазка, подтяжка креплений, замена изношенных элементов",
149,4cd857ba-990a-5264-9b16-d26a06a3e6f4,accept,issued,accepted,2026-07-31T09:41:51.406823+05:00,,
149,4cd857ba-990a-5264-9b16-d26a06a3e6f4,start,accepted,in_progress,2026-07-31T09:47:29.374150+05:00,,
149,4cd857ba-990a-5264-9b16-d26a06a3e6f4,complete,in_progress,done,2026-07-31T15:18:01.483290+05:00,"Выполнен ППР: Сушильный барабан СБ-2 — осмотр, смазка узлов, подтяжка креплений",
149,,ai_verdict,done,ai_review,2026-07-31T15:19:51.926739+05:00,,
149,c8297387-4c37-53d3-8120-a214ac80359e,approve,ai_review,closed,2026-07-31T16:10:57.524522+05:00,,
150,38634255-032f-5302-be4f-e3bb175128c8,issue,,issued,2026-08-01T01:10:17.861861+05:00,"Двигатель не запускается, запах гари",
150,ee96e203-5cd8-5eb3-be58-94fd2ac2392a,accept,issued,accepted,2026-08-01T01:13:16.985114+05:00,,
150,ee96e203-5cd8-5eb3-be58-94fd2ac2392a,start,accepted,in_progress,2026-08-01T01:15:39.844899+05:00,,
150,ee96e203-5cd8-5eb3-be58-94fd2ac2392a,complete,in_progress,done,2026-08-01T06:46:28.356714+05:00,"Заменены подшипники двигателя, проверены обмотки, пуск в норме",
150,,ai_verdict,done,ai_review,2026-08-01T06:49:03.224515+05:00,,
150,38634255-032f-5302-be4f-e3bb175128c8,approve,ai_review,closed,2026-08-01T07:04:46.015696+05:00,,
151,38634255-032f-5302-be4f-e3bb175128c8,issue,,issued,2026-08-01T01:50:08.235300+05:00,"Вибрация, ослабли крепления рамы",
151,1c4d0efe-d6e1-5774-af33-096424b68a1d,accept,issued,accepted,2026-08-01T02:00:49.752566+05:00,,
151,1c4d0efe-d6e1-5774-af33-096424b68a1d,start,accepted,in_progress,2026-08-01T02:09:59.293312+05:00,,
151,1c4d0efe-d6e1-5774-af33-096424b68a1d,complete,in_progress,done,2026-08-01T03:10:28.222672+05:00,"Подтянуты и заменены крепления, проверена вибрация",
151,,ai_verdict,done,ai_review,2026-08-01T03:12:58.453787+05:00,,
151,38634255-032f-5302-be4f-e3bb175128c8,approve,ai_review,closed,2026-08-01T04:06:30.330312+05:00,,
152,38634255-032f-5302-be4f-e3bb175128c8,issue,,issued,2026-08-01T07:39:02.148433+05:00,Выбивает автомат при пуске,
152,42ef7ac6-1e11-523f-b9a2-a713f308d193,accept,issued,accepted,2026-08-01T07:50:11.771131+05:00,,
152,42ef7ac6-1e11-523f-b9a2-a713f308d193,start,accepted,in_progress,2026-08-01T08:02:04.505558+05:00,,
152,42ef7ac6-1e11-523f-b9a2-a713f308d193,complete,in_progress,done,2026-08-01T08:37:51.085427+05:00,"Заменён автомат, проверена нагрузка, защита отрегулирована",
152,,ai_verdict,done,rework,2026-08-01T08:40:23.451692+05:00,,Работы не соответствуют проблеме / нет фото «после»
152,42ef7ac6-1e11-523f-b9a2-a713f308d193,start,rework,in_progress,2026-08-01T09:40:22.831024+05:00,,
152,42ef7ac6-1e11-523f-b9a2-a713f308d193,complete,in_progress,done,2026-08-01T09:58:22.831024+05:00,"Заменён автомат, проверена нагрузка, защита отрегулирована",
152,,ai_verdict,done,ai_review,2026-08-01T10:00:49.573361+05:00,,
152,38634255-032f-5302-be4f-e3bb175128c8,approve,ai_review,closed,2026-08-01T10:57:35.773926+05:00,,
153,c8297387-4c37-53d3-8120-a214ac80359e,issue,,issued,2026-08-01T08:42:12.252425+05:00,"Плановый ремонт (ППР): Рукавный фильтр РФ-1 — осмотр, смазка, подтяжка креплений, замена изношенных элементов",
153,30c23f9b-3046-52c7-aa98-4ded8e8f73ec,accept,issued,accepted,2026-08-01T08:51:29.138704+05:00,,
153,30c23f9b-3046-52c7-aa98-4ded8e8f73ec,start,accepted,in_progress,2026-08-01T09:02:12.204988+05:00,,
153,30c23f9b-3046-52c7-aa98-4ded8e8f73ec,pause,in_progress,paused,2026-08-01T10:30:07.200421+05:00,,ждёт допуска
153,30c23f9b-3046-52c7-aa98-4ded8e8f73ec,start,paused,in_progress,2026-08-01T11:42:31.089213+05:00,,
153,30c23f9b-3046-52c7-aa98-4ded8e8f73ec,complete,in_progress,done,2026-08-01T13:54:23.582363+05:00,"Выполнен ППР: Рукавный фильтр РФ-1 — осмотр, смазка узлов, подтяжка креплений",
153,,ai_verdict,done,ai_review,2026-08-01T13:55:41.246189+05:00,,
153,c8297387-4c37-53d3-8120-a214ac80359e,approve,ai_review,closed,2026-08-01T14:36:43.240558+05:00,,
154,c8297387-4c37-53d3-8120-a214ac80359e,issue,,issued,2026-08-01T09:06:53.643866+05:00,"Плановый ремонт (ППР): Питатель пластинчатый ПП-1 — осмотр, смазка, подтяжка креплений, замена изношенных элементов",
154,1c4d0efe-d6e1-5774-af33-096424b68a1d,accept,issued,accepted,2026-08-01T09:15:42.521967+05:00,,
154,1c4d0efe-d6e1-5774-af33-096424b68a1d,start,accepted,in_progress,2026-08-01T09:20:23.907571+05:00,,
154,1c4d0efe-d6e1-5774-af33-096424b68a1d,complete,in_progress,done,2026-08-01T12:53:59.060401+05:00,"Выполнен ППР: Питатель пластинчатый ПП-1 — осмотр, смазка узлов, подтяжка креплений",
154,,ai_verdict,done,rework,2026-08-01T12:56:54.139905+05:00,,Работы не соответствуют проблеме / нет фото «после»
154,1c4d0efe-d6e1-5774-af33-096424b68a1d,start,rework,in_progress,2026-08-01T13:36:54.757710+05:00,,
154,1c4d0efe-d6e1-5774-af33-096424b68a1d,complete,in_progress,done,2026-08-01T14:30:54.757710+05:00,"Выполнен ППР: Питатель пластинчатый ПП-1 — осмотр, смазка узлов, подтяжка креплений",
154,,ai_verdict,done,ai_review,2026-08-01T14:32:05.227840+05:00,,
154,c8297387-4c37-53d3-8120-a214ac80359e,approve,ai_review,closed,2026-08-01T14:46:55.966113+05:00,,
155,c8297387-4c37-53d3-8120-a214ac80359e,issue,,issued,2026-08-01T09:38:01.072660+05:00,"Плановый ремонт (ППР): Токарный станок 1М63 — осмотр, смазка, подтяжка креплений, замена изношенных элементов",
155,30c23f9b-3046-52c7-aa98-4ded8e8f73ec,reject,issued,rejected,2026-08-01T09:43:18.128325+05:00,,нет допуска
155,c8297387-4c37-53d3-8120-a214ac80359e,reassign,rejected,issued,2026-08-01T09:46:34.566561+05:00,,
155,79413058-e2c0-5b03-adfb-a2a01c58f0d5,accept,issued,accepted,2026-08-01T09:57:43.888507+05:00,,
155,79413058-e2c0-5b03-adfb-a2a01c58f0d5,start,accepted,in_progress,2026-08-01T10:06:40.983506+05:00,,
155,79413058-e2c0-5b03-adfb-a2a01c58f0d5,complete,in_progress,done,2026-08-01T13:13:35.358509+05:00,"Выполнен ППР: Токарный станок 1М63 — осмотр, смазка узлов, подтяжка креплений",
155,,ai_verdict,done,ai_review,2026-08-01T13:14:48.829871+05:00,,
155,c8297387-4c37-53d3-8120-a214ac80359e,approve,ai_review,closed,2026-08-01T14:12:13.002534+05:00,,
156,c8297387-4c37-53d3-8120-a214ac80359e,issue,,issued,2026-08-01T09:54:35.104850+05:00,"Плановый ремонт (ППР): Рукавный фильтр РФ-2 — осмотр, смазка, подтяжка креплений, замена изношенных элементов",
156,30c23f9b-3046-52c7-aa98-4ded8e8f73ec,accept,issued,accepted,2026-08-01T10:05:03.717871+05:00,,
156,30c23f9b-3046-52c7-aa98-4ded8e8f73ec,start,accepted,in_progress,2026-08-01T10:16:38.414800+05:00,,
156,30c23f9b-3046-52c7-aa98-4ded8e8f73ec,complete,in_progress,done,2026-08-01T12:38:37.358296+05:00,"Выполнен ППР: Рукавный фильтр РФ-2 — осмотр, смазка узлов, подтяжка креплений",
156,,ai_verdict,done,ai_review,2026-08-01T12:40:21.191592+05:00,,
156,c8297387-4c37-53d3-8120-a214ac80359e,approve,ai_review,closed,2026-08-01T12:51:47.534154+05:00,,
157,c8297387-4c37-53d3-8120-a214ac80359e,issue,,issued,2026-08-01T11:09:09.599802+05:00,"Вибрация, подшипник греется выше 80 °C",
157,2f23346e-8eed-5645-a1b2-d929d4517246,accept,issued,accepted,2026-08-01T11:10:30.417033+05:00,,
157,2f23346e-8eed-5645-a1b2-d929d4517246,start,accepted,in_progress,2026-08-01T11:14:31.870604+05:00,,
157,2f23346e-8eed-5645-a1b2-d929d4517246,complete,in_progress,done,2026-08-01T14:06:52.658272+05:00,"Заменён подшипник, узел промыт и смазан, проверено на холостом ходу",
157,,ai_verdict,done,ai_review,2026-08-01T14:09:28.762876+05:00,,
157,c8297387-4c37-53d3-8120-a214ac80359e,approve,ai_review,closed,2026-08-01T14:34:22.440639+05:00,,
158,c8297387-4c37-53d3-8120-a214ac80359e,issue,,issued,2026-08-01T11:43:53.401022+05:00,"Стук, откручиваются болты опоры",
158,1c4d0efe-d6e1-5774-af33-096424b68a1d,queue,issued,queued,2026-08-01T11:57:13.849277+05:00,,
158,1c4d0efe-d6e1-5774-af33-096424b68a1d,start,queued,in_progress,2026-08-01T12:31:39.805281+05:00,,
158,1c4d0efe-d6e1-5774-af33-096424b68a1d,pause,in_progress,paused,2026-08-01T13:32:58.120568+05:00,,ждёт остановки оборудования
158,1c4d0efe-d6e1-5774-af33-096424b68a1d,start,paused,in_progress,2026-08-01T14:33:42.294040+05:00,,
158,1c4d0efe-d6e1-5774-af33-096424b68a1d,complete,in_progress,done,2026-08-01T16:05:39.766970+05:00,"Подтянуты и заменены крепления, проверена вибрация",
158,,ai_verdict,done,rework,2026-08-01T16:08:26.302672+05:00,,Работы не соответствуют проблеме / нет фото «после»
158,1c4d0efe-d6e1-5774-af33-096424b68a1d,start,rework,in_progress,2026-08-01T16:29:11.398724+05:00,,
158,1c4d0efe-d6e1-5774-af33-096424b68a1d,complete,in_progress,done,2026-08-01T16:56:11.398724+05:00,"Подтянуты и заменены крепления, проверена вибрация",
158,,ai_verdict,done,ai_review,2026-08-01T16:57:34.479136+05:00,,
158,c8297387-4c37-53d3-8120-a214ac80359e,approve,ai_review,closed,2026-08-01T17:17:52.516487+05:00,,
159,c8297387-4c37-53d3-8120-a214ac80359e,issue,,issued,2026-08-02T08:05:51.991491+05:00,"Плановый ремонт (ППР): Конвейер К-2 — осмотр, смазка, подтяжка креплений, замена изношенных элементов",
159,1c4d0efe-d6e1-5774-af33-096424b68a1d,accept,issued,accepted,2026-08-02T08:20:49.337290+05:00,,
159,1c4d0efe-d6e1-5774-af33-096424b68a1d,start,accepted,in_progress,2026-08-02T08:28:58.480174+05:00,,
159,1c4d0efe-d6e1-5774-af33-096424b68a1d,complete,in_progress,done,2026-08-02T11:07:36.678876+05:00,"Выполнен ППР: Конвейер К-2 — осмотр, смазка узлов, подтяжка креплений",
159,,ai_verdict,done,ai_review,2026-08-02T11:09:01.401696+05:00,,
159,c8297387-4c37-53d3-8120-a214ac80359e,approve,ai_review,closed,2026-08-02T11:39:04.075982+05:00,,
160,c8297387-4c37-53d3-8120-a214ac80359e,issue,,issued,2026-08-02T08:57:27.671740+05:00,"Плановый ремонт (ППР): Компрессор ВК-10 — осмотр, смазка, подтяжка креплений, замена изношенных элементов",
160,30c23f9b-3046-52c7-aa98-4ded8e8f73ec,accept,issued,accepted,2026-08-02T09:02:19.758190+05:00,,
160,30c23f9b-3046-52c7-aa98-4ded8e8f73ec,start,accepted,in_progress,2026-08-02T09:18:09.678264+05:00,,
160,30c23f9b-3046-52c7-aa98-4ded8e8f73ec,complete,in_progress,done,2026-08-02T11:18:48.775174+05:00,"Выполнен ППР: Компрессор ВК-10 — осмотр, смазка узлов, подтяжка креплений",
160,,ai_verdict,done,ai_review,2026-08-02T11:20:33.335904+05:00,,
160,c8297387-4c37-53d3-8120-a214ac80359e,approve,ai_review,closed,2026-08-02T12:06:36.399521+05:00,,
161,c8297387-4c37-53d3-8120-a214ac80359e,issue,,issued,2026-08-02T09:11:40.367151+05:00,"Плановый ремонт (ППР): Грохот ГИТ-51 №1 — осмотр, смазка, подтяжка креплений, замена изношенных элементов",
161,30c23f9b-3046-52c7-aa98-4ded8e8f73ec,accept,issued,accepted,2026-08-02T09:16:02.080896+05:00,,
161,30c23f9b-3046-52c7-aa98-4ded8e8f73ec,start,accepted,in_progress,2026-08-02T09:27:34.551926+05:00,,
161,30c23f9b-3046-52c7-aa98-4ded8e8f73ec,complete,in_progress,done,2026-08-02T11:46:52.415422+05:00,"Выполнен ППР: Грохот ГИТ-51 №1 — осмотр, смазка узлов, подтяжка креплений",
161,,ai_verdict,done,ai_review,2026-08-02T11:49:31.894198+05:00,,
161,c8297387-4c37-53d3-8120-a214ac80359e,approve,ai_review,closed,2026-08-02T12:27:31.985858+05:00,,
162,c8297387-4c37-53d3-8120-a214ac80359e,issue,,issued,2026-08-02T09:18:33.963124+05:00,"Плановый ремонт (ППР): Компрессор ВК-20 — осмотр, смазка, подтяжка креплений, замена изношенных элементов",
162,4d9937c4-06fe-581d-bbee-b905cacaf2cc,accept,issued,accepted,2026-08-02T09:21:40.207866+05:00,,
162,4d9937c4-06fe-581d-bbee-b905cacaf2cc,start,accepted,in_progress,2026-08-02T09:39:21.430806+05:00,,
162,4d9937c4-06fe-581d-bbee-b905cacaf2cc,complete,in_progress,done,2026-08-02T11:38:38.423145+05:00,"Выполнен ППР: Компрессор ВК-20 — осмотр, смазка узлов, подтяжка креплений",
162,,ai_verdict,done,ai_review,2026-08-02T11:40:28.015926+05:00,,
162,c8297387-4c37-53d3-8120-a214ac80359e,approve,ai_review,closed,2026-08-02T12:12:16.108507+05:00,,
163,c8297387-4c37-53d3-8120-a214ac80359e,issue,,issued,2026-08-02T09:46:31.949455+05:00,"Плановый ремонт (ППР): Сепаратор пневматический СП-1 — осмотр, смазка, подтяжка креплений, замена изношенных элементов",
163,4d9937c4-06fe-581d-bbee-b905cacaf2cc,accept,issued,accepted,2026-08-02T09:51:57.502614+05:00,,
163,4d9937c4-06fe-581d-bbee-b905cacaf2cc,start,accepted,in_progress,2026-08-02T10:03:44.511912+05:00,,
163,4d9937c4-06fe-581d-bbee-b905cacaf2cc,complete,in_progress,done,2026-08-02T12:59:02.541830+05:00,"Выполнен ППР: Сепаратор пневматический СП-1 — осмотр, смазка узлов, подтяжка креплений",
163,,ai_verdict,done,ai_review,2026-08-02T13:00:46.111049+05:00,,
163,c8297387-4c37-53d3-8120-a214ac80359e,approve,ai_review,closed,2026-08-02T13:31:09.584221+05:00,,
164,38634255-032f-5302-be4f-e3bb175128c8,issue,,issued,2026-08-03T02:06:01.977395+05:00,"Вибрация, ослабли крепления рамы",
164,4cd857ba-990a-5264-9b16-d26a06a3e6f4,accept,issued,accepted,2026-08-03T02:16:10.397269+05:00,,
164,4cd857ba-990a-5264-9b16-d26a06a3e6f4,start,accepted,in_progress,2026-08-03T02:22:26.228797+05:00,,
164,4cd857ba-990a-5264-9b16-d26a06a3e6f4,complete,in_progress,done,2026-08-03T04:52:52.492268+05:00,"Подтянуты и заменены крепления, проверена вибрация",
164,,ai_verdict,done,ai_review,2026-08-03T04:54:48.631790+05:00,,
164,38634255-032f-5302-be4f-e3bb175128c8,approve,ai_review,closed,2026-08-03T05:34:23.775269+05:00,,
165,38634255-032f-5302-be4f-e3bb175128c8,issue,,issued,2026-08-03T05:29:05.828360+05:00,"Стук, откручиваются болты опоры",
165,79413058-e2c0-5b03-adfb-a2a01c58f0d5,accept,issued,accepted,2026-08-03T05:30:18.941854+05:00,,
165,79413058-e2c0-5b03-adfb-a2a01c58f0d5,start,accepted,in_progress,2026-08-03T05:37:15.131218+05:00,,
165,79413058-e2c0-5b03-adfb-a2a01c58f0d5,complete,in_progress,done,2026-08-03T07:48:53.643331+05:00,"Подтянуты и заменены крепления, проверена вибрация",
165,,ai_verdict,done,ai_review,2026-08-03T07:50:25.712576+05:00,,
165,38634255-032f-5302-be4f-e3bb175128c8,approve,ai_review,closed,2026-08-03T08:35:53.398640+05:00,,
166,c8297387-4c37-53d3-8120-a214ac80359e,issue,,issued,2026-08-03T09:10:57.085178+05:00,"Плановый ремонт (ППР): Конвейер К-7 — осмотр, смазка, подтяжка креплений, замена изношенных элементов",
166,1c4d0efe-d6e1-5774-af33-096424b68a1d,accept,issued,accepted,2026-08-03T09:19:29.848734+05:00,,
166,1c4d0efe-d6e1-5774-af33-096424b68a1d,start,accepted,in_progress,2026-08-03T09:24:25.751149+05:00,,
166,1c4d0efe-d6e1-5774-af33-096424b68a1d,complete,in_progress,done,2026-08-03T14:08:21.548171+05:00,"Выполнен ППР: Конвейер К-7 — осмотр, смазка узлов, подтяжка креплений",
166,,ai_verdict,done,rework,2026-08-03T14:10:11.303999+05:00,,Работы не соответствуют проблеме / нет фото «после»
166,1c4d0efe-d6e1-5774-af33-096424b68a1d,start,rework,in_progress,2026-08-03T14:41:29.850643+05:00,,
166,1c4d0efe-d6e1-5774-af33-096424b68a1d,complete,in_progress,done,2026-08-03T15:53:29.850643+05:00,"Выполнен ППР: Конвейер К-7 — осмотр, смазка узлов, подтяжка креплений",
166,,ai_verdict,done,ai_review,2026-08-03T15:56:05.498152+05:00,,
166,c8297387-4c37-53d3-8120-a214ac80359e,approve,ai_review,closed,2026-08-03T16:41:15.648556+05:00,,
167,c8297387-4c37-53d3-8120-a214ac80359e,issue,,issued,2026-08-03T09:16:14.941100+05:00,"Плановый ремонт (ППР): Насос ГрАТ-450 №2 — осмотр, смазка, подтяжка креплений, замена изношенных элементов",
167,2f23346e-8eed-5645-a1b2-d929d4517246,accept,issued,accepted,2026-08-03T09:28:46.038012+05:00,,
167,2f23346e-8eed-5645-a1b2-d929d4517246,start,accepted,in_progress,2026-08-03T09:37:12.043553+05:00,,
167,2f23346e-8eed-5645-a1b2-d929d4517246,complete,in_progress,done,2026-08-03T16:48:52.623020+05:00,"Выполнен ППР: Насос ГрАТ-450 №2 — осмотр, смазка узлов, подтяжка креплений",
167,,ai_verdict,done,ai_review,2026-08-03T16:50:27.923132+05:00,,
167,c8297387-4c37-53d3-8120-a214ac80359e,approve,ai_review,closed,2026-08-03T17:27:08.996834+05:00,,
168,c8297387-4c37-53d3-8120-a214ac80359e,issue,,issued,2026-08-03T09:33:11.515754+05:00,"Плановый ремонт (ППР): Гидропресс П-6326 — осмотр, смазка, подтяжка креплений, замена изношенных элементов",
168,1c4d0efe-d6e1-5774-af33-096424b68a1d,accept,issued,accepted,2026-08-03T09:40:37.072542+05:00,,
168,1c4d0efe-d6e1-5774-af33-096424b68a1d,start,accepted,in_progress,2026-08-03T09:44:02.720262+05:00,,
168,1c4d0efe-d6e1-5774-af33-096424b68a1d,complete,in_progress,done,2026-08-03T12:45:49.730909+05:00,"Выполнен ППР: Гидропресс П-6326 — осмотр, смазка узлов, подтяжка креплений",
168,,ai_verdict,done,rework,2026-08-03T12:48:09.368317+05:00,,Работы не соответствуют проблеме / нет фото «после»
168,1c4d0efe-d6e1-5774-af33-096424b68a1d,start,rework,in_progress,2026-08-03T13:41:48.690574+05:00,,
168,1c4d0efe-d6e1-5774-af33-096424b68a1d,complete,in_progress,done,2026-08-03T14:35:48.690574+05:00,"Выполнен ППР: Гидропресс П-6326 — осмотр, смазка узлов, подтяжка креплений",
168,,ai_verdict,done,ai_review,2026-08-03T14:37:56.508749+05:00,,
168,c8297387-4c37-53d3-8120-a214ac80359e,approve,ai_review,closed,2026-08-03T15:35:52.939855+05:00,,
169,c8297387-4c37-53d3-8120-a214ac80359e,issue,,issued,2026-08-03T09:42:47.788361+05:00,"Плановый ремонт (ППР): Насос ГрАТ-450 №1 — осмотр, смазка, подтяжка креплений, замена изношенных элементов",
169,30c23f9b-3046-52c7-aa98-4ded8e8f73ec,accept,issued,accepted,2026-08-03T09:50:24.819943+05:00,,
169,30c23f9b-3046-52c7-aa98-4ded8e8f73ec,start,accepted,in_progress,2026-08-03T09:53:49.122253+05:00,,
169,30c23f9b-3046-52c7-aa98-4ded8e8f73ec,complete,in_progress,done,2026-08-03T13:01:46.810898+05:00,"Выполнен ППР: Насос ГрАТ-450 №1 — осмотр, смазка узлов, подтяжка креплений",
169,,ai_verdict,done,ai_review,2026-08-03T13:03:27.348246+05:00,,
169,c8297387-4c37-53d3-8120-a214ac80359e,approve,ai_review,closed,2026-08-03T13:13:30.091890+05:00,,
170,c8297387-4c37-53d3-8120-a214ac80359e,issue,,issued,2026-08-03T09:46:05.662527+05:00,"Плановый ремонт (ППР): Дробилка КМД-1750 — осмотр, смазка, подтяжка креплений, замена изношенных элементов",
170,30c23f9b-3046-52c7-aa98-4ded8e8f73ec,accept,issued,accepted,2026-08-03T09:50:08.050857+05:00,,
170,30c23f9b-3046-52c7-aa98-4ded8e8f73ec,start,accepted,in_progress,2026-08-03T10:10:01.927215+05:00,,
170,30c23f9b-3046-52c7-aa98-4ded8e8f73ec,complete,in_progress,done,2026-08-03T22:08:33.175876+05:00,"Выполнен ППР: Дробилка КМД-1750 — осмотр, смазка узлов, подтяжка креплений",
170,,ai_verdict,done,ai_review,2026-08-03T22:10:29.401333+05:00,,
170,c8297387-4c37-53d3-8120-a214ac80359e,approve,ai_review,closed,2026-08-03T23:04:48.253358+05:00,,
171,38634255-032f-5302-be4f-e3bb175128c8,issue,,issued,2026-08-04T07:51:35.232520+05:00,"Утечка воздуха, падение давления в сети",
171,1c4d0efe-d6e1-5774-af33-096424b68a1d,accept,issued,accepted,2026-08-04T07:52:43.241871+05:00,,
171,1c4d0efe-d6e1-5774-af33-096424b68a1d,start,accepted,in_progress,2026-08-04T08:12:03.359895+05:00,,
171,1c4d0efe-d6e1-5774-af33-096424b68a1d,complete,in_progress,done,2026-08-04T09:29:51.536550+05:00,"Устранена утечка, заменены фитинги и уплотнения",
171,,ai_verdict,done,rework,2026-08-04T09:31:05.924442+05:00,,Работы не соответствуют проблеме / нет фото «после»
171,1c4d0efe-d6e1-5774-af33-096424b68a1d,start,rework,in_progress,2026-08-04T10:06:32.152662+05:00,,
171,1c4d0efe-d6e1-5774-af33-096424b68a1d,complete,in_progress,done,2026-08-04T10:24:32.152662+05:00,"Устранена утечка, заменены фитинги и уплотнения",
171,,ai_verdict,done,ai_review,2026-08-04T10:26:43.807772+05:00,,
171,38634255-032f-5302-be4f-e3bb175128c8,approve,ai_review,closed,2026-08-04T11:22:33.745993+05:00,,
172,c8297387-4c37-53d3-8120-a214ac80359e,issue,,issued,2026-08-04T08:34:52.897068+05:00,"Плановый ремонт (ППР): Насос ГрАТ-450 №3 — осмотр, смазка, подтяжка креплений, замена изношенных элементов",
172,2f23346e-8eed-5645-a1b2-d929d4517246,accept,issued,accepted,2026-08-04T08:47:53.235730+05:00,,
172,2f23346e-8eed-5645-a1b2-d929d4517246,start,accepted,in_progress,2026-08-04T08:55:20.276993+05:00,,
172,2f23346e-8eed-5645-a1b2-d929d4517246,complete,in_progress,done,2026-08-04T14:30:18.363368+05:00,"Выполнен ППР: Насос ГрАТ-450 №3 — осмотр, смазка узлов, подтяжка креплений",
172,,ai_verdict,done,ai_review,2026-08-04T14:33:08.580753+05:00,,
172,c8297387-4c37-53d3-8120-a214ac80359e,approve,ai_review,closed,2026-08-04T14:52:09.968011+05:00,,
173,c8297387-4c37-53d3-8120-a214ac80359e,issue,,issued,2026-08-04T09:30:33.909808+05:00,"Плановый ремонт (ППР): Вентилятор ВМ-12 — осмотр, смазка, подтяжка креплений, замена изношенных элементов",
173,75808db3-d714-5bc1-8824-97b2c7c6f097,accept,issued,accepted,2026-08-04T09:37:40.948469+05:00,,
173,75808db3-d714-5bc1-8824-97b2c7c6f097,start,accepted,in_progress,2026-08-04T09:50:56.372972+05:00,,
173,75808db3-d714-5bc1-8824-97b2c7c6f097,complete,in_progress,done,2026-08-04T12:32:09.338221+05:00,"Выполнен ППР: Вентилятор ВМ-12 — осмотр, смазка узлов, подтяжка креплений",
173,,ai_verdict,done,ai_review,2026-08-04T12:34:28.669750+05:00,,
173,c8297387-4c37-53d3-8120-a214ac80359e,approve,ai_review,closed,2026-08-04T13:28:53.668158+05:00,,
174,c8297387-4c37-53d3-8120-a214ac80359e,issue,,issued,2026-08-04T09:44:09.930833+05:00,"Плановый ремонт (ППР): Сушильный барабан СБ-1 — осмотр, смазка, подтяжка креплений, замена изношенных элементов",
174,4cd857ba-990a-5264-9b16-d26a06a3e6f4,accept,issued,accepted,2026-08-04T09:46:48.084386+05:00,,
174,4cd857ba-990a-5264-9b16-d26a06a3e6f4,start,accepted,in_progress,2026-08-04T09:53:03.543414+05:00,,
174,4cd857ba-990a-5264-9b16-d26a06a3e6f4,complete,in_progress,done,2026-08-04T14:22:45.054375+05:00,"Выполнен ППР: Сушильный барабан СБ-1 — осмотр, смазка узлов, подтяжка креплений",
174,,ai_verdict,done,ai_review,2026-08-04T14:24:24.445158+05:00,,
174,c8297387-4c37-53d3-8120-a214ac80359e,approve,ai_review,closed,2026-08-04T14:46:59.317507+05:00,,
175,38634255-032f-5302-be4f-e3bb175128c8,issue,,issued,2026-08-05T04:31:54.564753+05:00,"Стук, откручиваются болты опоры",
175,2f23346e-8eed-5645-a1b2-d929d4517246,accept,issued,accepted,2026-08-05T04:36:07.067509+05:00,,
175,2f23346e-8eed-5645-a1b2-d929d4517246,start,accepted,in_progress,2026-08-05T04:48:17.008496+05:00,,
175,2f23346e-8eed-5645-a1b2-d929d4517246,complete,in_progress,done,2026-08-05T05:51:48.923489+05:00,"Подтянуты и заменены крепления, проверена вибрация",
175,,ai_verdict,done,ai_review,2026-08-05T05:53:38.166665+05:00,,
175,38634255-032f-5302-be4f-e3bb175128c8,approve,ai_review,closed,2026-08-05T06:04:34.151462+05:00,,
176,c8297387-4c37-53d3-8120-a214ac80359e,issue,,issued,2026-08-05T09:40:52.696145+05:00,"Плановый ремонт (ППР): Сварочный пост СП-2 — осмотр, смазка, подтяжка креплений, замена изношенных элементов",
176,30c23f9b-3046-52c7-aa98-4ded8e8f73ec,accept,issued,accepted,2026-08-05T09:54:20.347509+05:00,,
176,30c23f9b-3046-52c7-aa98-4ded8e8f73ec,start,accepted,in_progress,2026-08-05T10:11:03.835675+05:00,,
176,30c23f9b-3046-52c7-aa98-4ded8e8f73ec,complete,in_progress,done,2026-08-05T13:09:32.460065+05:00,"Выполнен ППР: Сварочный пост СП-2 — осмотр, смазка узлов, подтяжка креплений",
176,,ai_verdict,done,ai_review,2026-08-05T13:12:03.206231+05:00,,
176,c8297387-4c37-53d3-8120-a214ac80359e,approve,ai_review,closed,2026-08-05T13:52:40.236122+05:00,,
177,c8297387-4c37-53d3-8120-a214ac80359e,issue,,issued,2026-08-05T09:43:58.753361+05:00,"Плановый ремонт (ППР): Дымосос ДН-15 — осмотр, смазка, подтяжка креплений, замена изношенных элементов",
177,79413058-e2c0-5b03-adfb-a2a01c58f0d5,accept,issued,accepted,2026-08-05T09:47:39.098179+05:00,,
177,79413058-e2c0-5b03-adfb-a2a01c58f0d5,start,accepted,in_progress,2026-08-05T10:04:04.671173+05:00,,
177,79413058-e2c0-5b03-adfb-a2a01c58f0d5,complete,in_progress,done,2026-08-05T12:14:56.944166+05:00,"Выполнен ППР: Дымосос ДН-15 — осмотр, смазка узлов, подтяжка креплений",
177,,ai_verdict,done,ai_review,2026-08-05T12:17:09.622960+05:00,,
177,c8297387-4c37-53d3-8120-a214ac80359e,approve,ai_review,closed,2026-08-05T13:05:18.588117+05:00,,
178,c8297387-4c37-53d3-8120-a214ac80359e,issue,,issued,2026-08-05T13:34:21.508134+05:00,Шум и нагрев подшипникового узла привода,
178,4cd857ba-990a-5264-9b16-d26a06a3e6f4,accept,issued,accepted,2026-08-05T13:36:53.335403+05:00,,
178,4cd857ba-990a-5264-9b16-d26a06a3e6f4,start,accepted,in_progress,2026-08-05T13:40:06.815746+05:00,,
178,4cd857ba-990a-5264-9b16-d26a06a3e6f4,complete,in_progress,done,2026-08-05T15:44:53.444152+05:00,"Заменён подшипник, узел промыт и смазан, проверено на холостом ходу",
178,,ai_verdict,done,ai_review,2026-08-05T15:47:08.658797+05:00,,
178,c8297387-4c37-53d3-8120-a214ac80359e,approve,ai_review,closed,2026-08-05T16:27:09.976129+05:00,,
179,c8297387-4c37-53d3-8120-a214ac80359e,issue,,issued,2026-08-05T19:45:37.023842+05:00,Шум и нагрев подшипникового узла привода,
179,2f23346e-8eed-5645-a1b2-d929d4517246,accept,issued,accepted,2026-08-05T19:48:31.239159+05:00,,
179,2f23346e-8eed-5645-a1b2-d929d4517246,start,accepted,in_progress,2026-08-05T20:08:23.691395+05:00,,
179,2f23346e-8eed-5645-a1b2-d929d4517246,complete,in_progress,done,2026-08-06T02:14:32.663291+05:00,"Заменён подшипник, узел промыт и смазан, проверено на холостом ходу",
179,,ai_verdict,done,ai_review,2026-08-06T02:15:32.945837+05:00,,
179,c8297387-4c37-53d3-8120-a214ac80359e,approve,ai_review,closed,2026-08-06T02:33:54.713998+05:00,,
180,38634255-032f-5302-be4f-e3bb175128c8,issue,,issued,2026-08-06T03:02:49.902270+05:00,"Падение напора, шум в улитке насоса",
180,79413058-e2c0-5b03-adfb-a2a01c58f0d5,accept,issued,accepted,2026-08-06T03:16:38.052223+05:00,,
180,79413058-e2c0-5b03-adfb-a2a01c58f0d5,start,accepted,in_progress,2026-08-06T03:24:35.895849+05:00,,
180,79413058-e2c0-5b03-adfb-a2a01c58f0d5,complete,in_progress,done,2026-08-06T06:44:19.188241+05:00,"Заменено рабочее колесо, уплотнения, насос опробован",
180,,ai_verdict,done,ai_review,2026-08-06T06:46:12.893497+05:00,,
180,38634255-032f-5302-be4f-e3bb175128c8,approve,ai_review,closed,2026-08-06T07:24:50.137311+05:00,,
181,38634255-032f-5302-be4f-e3bb175128c8,issue,,issued,2026-08-06T04:06:09.302832+05:00,"Снижение производительности насоса, вибрация",
181,4cd857ba-990a-5264-9b16-d26a06a3e6f4,queue,issued,queued,2026-08-06T04:09:16.404832+05:00,,
181,4cd857ba-990a-5264-9b16-d26a06a3e6f4,start,queued,in_progress,2026-08-06T05:58:16.288575+05:00,,
181,4cd857ba-990a-5264-9b16-d26a06a3e6f4,complete,in_progress,done,2026-08-06T10:12:29.242550+05:00,"Заменено рабочее колесо, уплотнения, насос опробован",
181,,ai_verdict,done,ai_review,2026-08-06T10:13:59.268975+05:00,,
181,38634255-032f-5302-be4f-e3bb175128c8,approve,ai_review,closed,2026-08-06T10:53:17.170392+05:00,,
182,38634255-032f-5302-be4f-e3bb175128c8,issue,,issued,2026-08-06T04:49:22.275909+05:00,"Стук, откручиваются болты опоры",
182,4cd857ba-990a-5264-9b16-d26a06a3e6f4,accept,issued,accepted,2026-08-06T05:02:23.787321+05:00,,
182,4cd857ba-990a-5264-9b16-d26a06a3e6f4,start,accepted,in_progress,2026-08-06T05:15:36.281831+05:00,,
182,4cd857ba-990a-5264-9b16-d26a06a3e6f4,complete,in_progress,done,2026-08-06T07:07:44.332913+05:00,"Подтянуты и заменены крепления, проверена вибрация",
182,,ai_verdict,done,ai_review,2026-08-06T07:08:58.287670+05:00,,
182,38634255-032f-5302-be4f-e3bb175128c8,approve,ai_review,closed,2026-08-06T07:36:35.168753+05:00,,
183,c8297387-4c37-53d3-8120-a214ac80359e,issue,,issued,2026-08-06T08:30:07.246661+05:00,"Плановый ремонт (ППР): Конвейер К-3 — осмотр, смазка, подтяжка креплений, замена изношенных элементов",
183,4d9937c4-06fe-581d-bbee-b905cacaf2cc,accept,issued,accepted,2026-08-06T08:44:38.298158+05:00,,
183,4d9937c4-06fe-581d-bbee-b905cacaf2cc,start,accepted,in_progress,2026-08-06T08:54:18.429093+05:00,,
183,4d9937c4-06fe-581d-bbee-b905cacaf2cc,complete,in_progress,done,2026-08-06T14:45:06.215917+05:00,"Выполнен ППР: Конвейер К-3 — осмотр, смазка узлов, подтяжка креплений",
183,,ai_verdict,done,ai_review,2026-08-06T14:46:52.077584+05:00,,
183,c8297387-4c37-53d3-8120-a214ac80359e,approve,ai_review,closed,2026-08-06T15:36:00.923186+05:00,,
184,c8297387-4c37-53d3-8120-a214ac80359e,issue,,issued,2026-08-06T08:53:57.514794+05:00,"Плановый ремонт (ППР): Дробилка ККД-1500 — осмотр, смазка, подтяжка креплений, замена изношенных элементов",
184,1c4d0efe-d6e1-5774-af33-096424b68a1d,accept,issued,accepted,2026-08-06T08:55:57.876539+05:00,,
184,1c4d0efe-d6e1-5774-af33-096424b68a1d,start,accepted,in_progress,2026-08-06T09:09:10.463097+05:00,,
184,1c4d0efe-d6e1-5774-af33-096424b68a1d,complete,in_progress,done,2026-08-06T17:32:29.527686+05:00,"Выполнен ППР: Дробилка ККД-1500 — осмотр, смазка узлов, подтяжка креплений",
184,,ai_verdict,done,ai_review,2026-08-06T17:34:06.693676+05:00,,
184,c8297387-4c37-53d3-8120-a214ac80359e,approve,ai_review,closed,2026-08-06T18:08:24.828176+05:00,,
185,c8297387-4c37-53d3-8120-a214ac80359e,issue,,issued,2026-08-06T09:07:18.212445+05:00,"Плановый ремонт (ППР): Кран мостовой 10 т — осмотр, смазка, подтяжка креплений, замена изношенных элементов",
185,75808db3-d714-5bc1-8824-97b2c7c6f097,reject,issued,rejected,2026-08-06T09:12:10.812805+05:00,,нет допуска
185,c8297387-4c37-53d3-8120-a214ac80359e,reassign,rejected,issued,2026-08-06T09:15:08.873188+05:00,,
185,2f23346e-8eed-5645-a1b2-d929d4517246,accept,issued,accepted,2026-08-06T09:21:21.021236+05:00,,
185,2f23346e-8eed-5645-a1b2-d929d4517246,start,accepted,in_progress,2026-08-06T09:39:25.295912+05:00,,
185,2f23346e-8eed-5645-a1b2-d929d4517246,complete,in_progress,done,2026-08-06T14:52:51.133761+05:00,"Выполнен ППР: Кран мостовой 10 т — осмотр, смазка узлов, подтяжка креплений",
185,,ai_verdict,done,ai_review,2026-08-06T14:54:07.961863+05:00,,
185,c8297387-4c37-53d3-8120-a214ac80359e,approve,ai_review,closed,2026-08-06T15:13:43.387920+05:00,,
186,c8297387-4c37-53d3-8120-a214ac80359e,issue,,issued,2026-08-06T09:36:18.354590+05:00,"Плановый ремонт (ППР): Конвейер К-1 — осмотр, смазка, подтяжка креплений, замена изношенных элементов",
186,30c23f9b-3046-52c7-aa98-4ded8e8f73ec,accept,issued,accepted,2026-08-06T09:49:57.855428+05:00,,
186,30c23f9b-3046-52c7-aa98-4ded8e8f73ec,start,accepted,in_progress,2026-08-06T09:59:36.632877+05:00,,
186,30c23f9b-3046-52c7-aa98-4ded8e8f73ec,complete,in_progress,done,2026-08-06T14:10:27.749263+05:00,"Выполнен ППР: Конвейер К-1 — осмотр, смазка узлов, подтяжка креплений",
186,,ai_verdict,done,ai_review,2026-08-06T14:11:38.085381+05:00,,
186,c8297387-4c37-53d3-8120-a214ac80359e,approve,ai_review,closed,2026-08-06T14:22:35.122983+05:00,,
187,c8297387-4c37-53d3-8120-a214ac80359e,issue,,issued,2026-08-06T13:08:55.342040+05:00,Шипение на пневмолинии,
187,2f23346e-8eed-5645-a1b2-d929d4517246,accept,issued,accepted,2026-08-06T13:19:17.046579+05:00,,
187,2f23346e-8eed-5645-a1b2-d929d4517246,start,accepted,in_progress,2026-08-06T13:30:44.475337+05:00,,
187,2f23346e-8eed-5645-a1b2-d929d4517246,complete,in_progress,done,2026-08-06T15:02:35.716375+05:00,"Устранена утечка, заменены фитинги и уплотнения",
187,,ai_verdict,done,ai_review,2026-08-06T15:04:11.295385+05:00,,
187,c8297387-4c37-53d3-8120-a214ac80359e,approve,ai_review,closed,2026-08-06T15:59:00.981626+05:00,,
188,c8297387-4c37-53d3-8120-a214ac80359e,issue,,issued,2026-08-06T15:38:16.852379+05:00,"Вибрация, ослабли крепления рамы",
188,1c4d0efe-d6e1-5774-af33-096424b68a1d,reject,issued,rejected,2026-08-06T15:43:11.641777+05:00,,нет материалов
188,c8297387-4c37-53d3-8120-a214ac80359e,reassign,rejected,issued,2026-08-06T15:44:20.705086+05:00,,
188,79413058-e2c0-5b03-adfb-a2a01c58f0d5,accept,issued,accepted,2026-08-06T15:47:16.814140+05:00,,
188,79413058-e2c0-5b03-adfb-a2a01c58f0d5,start,accepted,in_progress,2026-08-06T16:01:00.285093+05:00,,
188,79413058-e2c0-5b03-adfb-a2a01c58f0d5,complete,in_progress,done,2026-08-06T17:39:13.638324+05:00,"Подтянуты и заменены крепления, проверена вибрация",
188,,ai_verdict,done,ai_review,2026-08-06T17:41:28.346510+05:00,,
188,c8297387-4c37-53d3-8120-a214ac80359e,approve,ai_review,closed,2026-08-06T18:00:28.972699+05:00,,
189,c8297387-4c37-53d3-8120-a214ac80359e,issue,,issued,2026-08-06T18:10:22.233300+05:00,"Вибрация, подшипник греется выше 80 °C",
189,2f23346e-8eed-5645-a1b2-d929d4517246,accept,issued,accepted,2026-08-06T18:24:26.183018+05:00,,
189,2f23346e-8eed-5645-a1b2-d929d4517246,start,accepted,in_progress,2026-08-06T18:28:29.399602+05:00,,
189,2f23346e-8eed-5645-a1b2-d929d4517246,complete,in_progress,done,2026-08-06T21:06:35.536336+05:00,"Заменён подшипник, узел промыт и смазан, проверено на холостом ходу",
189,,ai_verdict,done,ai_review,2026-08-06T21:09:19.050665+05:00,,
189,c8297387-4c37-53d3-8120-a214ac80359e,approve,ai_review,closed,2026-08-06T21:26:13.658086+05:00,,
190,c8297387-4c37-53d3-8120-a214ac80359e,issue,,issued,2026-08-06T18:38:21.633571+05:00,"Стук, откручиваются болты опоры",
190,1c4d0efe-d6e1-5774-af33-096424b68a1d,accept,issued,accepted,2026-08-06T18:40:37.512681+05:00,,
190,1c4d0efe-d6e1-5774-af33-096424b68a1d,start,accepted,in_progress,2026-08-06T18:54:26.377067+05:00,,
190,1c4d0efe-d6e1-5774-af33-096424b68a1d,complete,in_progress,done,2026-08-06T20:27:25.407958+05:00,"Подтянуты и заменены крепления, проверена вибрация",
190,,ai_verdict,done,rework,2026-08-06T20:29:56.519135+05:00,,Работы не соответствуют проблеме / нет фото «после»
190,1c4d0efe-d6e1-5774-af33-096424b68a1d,start,rework,in_progress,2026-08-06T20:50:15.493070+05:00,,
190,1c4d0efe-d6e1-5774-af33-096424b68a1d,complete,in_progress,done,2026-08-06T21:17:15.493070+05:00,"Подтянуты и заменены крепления, проверена вибрация",
190,,ai_verdict,done,ai_review,2026-08-06T21:19:41.877543+05:00,,
190,c8297387-4c37-53d3-8120-a214ac80359e,approve,ai_review,closed,2026-08-06T21:47:51.907526+05:00,,
191,38634255-032f-5302-be4f-e3bb175128c8,issue,,issued,2026-08-07T00:49:22.112784+05:00,"Вибрация, ослабли крепления рамы",
191,30c23f9b-3046-52c7-aa98-4ded8e8f73ec,accept,issued,accepted,2026-08-07T00:53:03.322716+05:00,,
191,30c23f9b-3046-52c7-aa98-4ded8e8f73ec,start,accepted,in_progress,2026-08-07T01:02:06.098995+05:00,,
191,30c23f9b-3046-52c7-aa98-4ded8e8f73ec,complete,in_progress,done,2026-08-07T02:13:22.166294+05:00,"Подтянуты и заменены крепления, проверена вибрация",
191,,ai_verdict,done,ai_review,2026-08-07T02:16:06.781817+05:00,,
191,38634255-032f-5302-be4f-e3bb175128c8,approve,ai_review,closed,2026-08-07T03:08:40.596161+05:00,,
192,38634255-032f-5302-be4f-e3bb175128c8,issue,,issued,2026-08-07T04:54:11.616570+05:00,"Вибрация, подшипник греется выше 80 °C",
192,1c4d0efe-d6e1-5774-af33-096424b68a1d,accept,issued,accepted,2026-08-07T04:56:56.095805+05:00,,
192,1c4d0efe-d6e1-5774-af33-096424b68a1d,start,accepted,in_progress,2026-08-07T05:01:42.902802+05:00,,
192,1c4d0efe-d6e1-5774-af33-096424b68a1d,complete,in_progress,done,2026-08-07T08:02:56.454401+05:00,"Заменён подшипник, узел промыт и смазан, проверено на холостом ходу",
192,,ai_verdict,done,ai_review,2026-08-07T08:05:20.811971+05:00,,
192,38634255-032f-5302-be4f-e3bb175128c8,approve,ai_review,closed,2026-08-07T08:30:08.837362+05:00,,
193,c8297387-4c37-53d3-8120-a214ac80359e,issue,,issued,2026-08-07T09:37:25.689320+05:00,"Плановый ремонт (ППР): Грохот ГИТ-51 №2 — осмотр, смазка, подтяжка креплений, замена изношенных элементов",
193,4d9937c4-06fe-581d-bbee-b905cacaf2cc,accept,issued,accepted,2026-08-07T09:41:21.404315+05:00,,
193,4d9937c4-06fe-581d-bbee-b905cacaf2cc,start,accepted,in_progress,2026-08-07T09:53:39.794729+05:00,,
193,4d9937c4-06fe-581d-bbee-b905cacaf2cc,complete,in_progress,done,2026-08-07T12:37:43.543782+05:00,"Выполнен ППР: Грохот ГИТ-51 №2 — осмотр, смазка узлов, подтяжка креплений",
193,,ai_verdict,done,ai_review,2026-08-07T12:40:17.293410+05:00,,
193,c8297387-4c37-53d3-8120-a214ac80359e,approve,ai_review,closed,2026-08-07T13:29:34.431733+05:00,,
194,c8297387-4c37-53d3-8120-a214ac80359e,issue,,issued,2026-08-07T09:37:56.296865+05:00,"Плановый ремонт (ППР): Сушильный барабан СБ-2 — осмотр, смазка, подтяжка креплений, замена изношенных элементов",
194,30c23f9b-3046-52c7-aa98-4ded8e8f73ec,accept,issued,accepted,2026-08-07T09:45:43.267732+05:00,,
194,30c23f9b-3046-52c7-aa98-4ded8e8f73ec,start,accepted,in_progress,2026-08-07T10:02:52.535658+05:00,,
194,30c23f9b-3046-52c7-aa98-4ded8e8f73ec,complete,in_progress,done,2026-08-07T17:30:22.163365+05:00,"Выполнен ППР: Сушильный барабан СБ-2 — осмотр, смазка узлов, подтяжка креплений",
194,,ai_verdict,done,ai_review,2026-08-07T17:33:01.245158+05:00,,
194,c8297387-4c37-53d3-8120-a214ac80359e,approve,ai_review,closed,2026-08-07T18:25:09.242650+05:00,,
195,c8297387-4c37-53d3-8120-a214ac80359e,issue,,issued,2026-08-07T09:50:18.493267+05:00,Выбивает автомат при пуске,
195,42ef7ac6-1e11-523f-b9a2-a713f308d193,reject,issued,rejected,2026-08-07T09:55:46.937013+05:00,,нет допуска
195,c8297387-4c37-53d3-8120-a214ac80359e,reassign,rejected,issued,2026-08-07T10:00:17.537039+05:00,,
195,524bebbe-f703-5521-8e9d-5a3e54fbbf10,queue,issued,queued,2026-08-07T10:13:08.498198+05:00,,
195,524bebbe-f703-5521-8e9d-5a3e54fbbf10,start,queued,in_progress,2026-08-07T11:29:11.454001+05:00,,
195,524bebbe-f703-5521-8e9d-5a3e54fbbf10,complete,in_progress,done,2026-08-07T12:05:02.675773+05:00,"Заменён автомат, проверена нагрузка, защита отрегулирована",
195,,ai_verdict,done,ai_review,2026-08-07T12:07:56.905915+05:00,,
195,c8297387-4c37-53d3-8120-a214ac80359e,approve,ai_review,closed,2026-08-07T12:50:52.672948+05:00,,
196,c8297387-4c37-53d3-8120-a214ac80359e,issue,,issued,2026-08-08T08:06:54.941154+05:00,"Плановый ремонт (ППР): Токарный станок 1М63 — осмотр, смазка, подтяжка креплений, замена изношенных элементов",
196,75808db3-d714-5bc1-8824-97b2c7c6f097,accept,issued,accepted,2026-08-08T08:11:31.243684+05:00,,
196,75808db3-d714-5bc1-8824-97b2c7c6f097,start,accepted,in_progress,2026-08-08T08:26:45.256095+05:00,,
196,75808db3-d714-5bc1-8824-97b2c7c6f097,complete,in_progress,done,2026-08-08T10:16:57.309596+05:00,"Выполнен ППР: Токарный станок 1М63 — осмотр, смазка узлов, подтяжка креплений",
196,,ai_verdict,done,ai_review,2026-08-08T10:19:55.939908+05:00,,
196,c8297387-4c37-53d3-8120-a214ac80359e,approve,ai_review,closed,2026-08-08T10:59:43.132462+05:00,,
197,c8297387-4c37-53d3-8120-a214ac80359e,issue,,issued,2026-08-08T08:20:33.180630+05:00,"Плановый ремонт (ППР): Рукавный фильтр РФ-2 — осмотр, смазка, подтяжка креплений, замена изношенных элементов",
197,1c4d0efe-d6e1-5774-af33-096424b68a1d,accept,issued,accepted,2026-08-08T08:33:29.015491+05:00,,
197,1c4d0efe-d6e1-5774-af33-096424b68a1d,start,accepted,in_progress,2026-08-08T08:50:36.352423+05:00,,
197,1c4d0efe-d6e1-5774-af33-096424b68a1d,complete,in_progress,done,2026-08-08T12:38:53.143996+05:00,"Выполнен ППР: Рукавный фильтр РФ-2 — осмотр, смазка узлов, подтяжка креплений",
197,,ai_verdict,done,ai_review,2026-08-08T12:39:57.024405+05:00,,
197,c8297387-4c37-53d3-8120-a214ac80359e,approve,ai_review,closed,2026-08-08T13:26:32.734089+05:00,,
198,c8297387-4c37-53d3-8120-a214ac80359e,issue,,issued,2026-08-08T08:35:03.277496+05:00,"Плановый ремонт (ППР): Питатель пластинчатый ПП-1 — осмотр, смазка, подтяжка креплений, замена изношенных элементов",
198,2f23346e-8eed-5645-a1b2-d929d4517246,accept,issued,accepted,2026-08-08T08:39:56.605722+05:00,,
198,2f23346e-8eed-5645-a1b2-d929d4517246,start,accepted,in_progress,2026-08-08T08:52:18.156163+05:00,,
198,2f23346e-8eed-5645-a1b2-d929d4517246,complete,in_progress,done,2026-08-08T11:03:09.417848+05:00,"Выполнен ППР: Питатель пластинчатый ПП-1 — осмотр, смазка узлов, подтяжка креплений",
198,,ai_verdict,done,ai_review,2026-08-08T11:05:53.766100+05:00,,
198,c8297387-4c37-53d3-8120-a214ac80359e,approve,ai_review,closed,2026-08-08T11:15:57.669339+05:00,,
199,c8297387-4c37-53d3-8120-a214ac80359e,issue,,issued,2026-08-08T09:22:27.531433+05:00,"Плановый ремонт (ППР): Рукавный фильтр РФ-1 — осмотр, смазка, подтяжка креплений, замена изношенных элементов",
199,4d9937c4-06fe-581d-bbee-b905cacaf2cc,accept,issued,accepted,2026-08-08T09:35:55.250291+05:00,,
199,4d9937c4-06fe-581d-bbee-b905cacaf2cc,start,accepted,in_progress,2026-08-08T09:52:44.941843+05:00,,
199,4d9937c4-06fe-581d-bbee-b905cacaf2cc,complete,in_progress,done,2026-08-08T12:27:18.300131+05:00,"Выполнен ППР: Рукавный фильтр РФ-1 — осмотр, смазка узлов, подтяжка креплений",
199,,ai_verdict,done,ai_review,2026-08-08T12:28:26.354765+05:00,,
199,c8297387-4c37-53d3-8120-a214ac80359e,approve,ai_review,closed,2026-08-08T12:44:24.495224+05:00,,
200,c8297387-4c37-53d3-8120-a214ac80359e,issue,,issued,2026-08-08T11:50:02.529763+05:00,"Сколы брони, повышенная вибрация",
200,18e8c17f-5fea-50db-8d65-9e19d6a3866b,reject,issued,rejected,2026-08-08T11:54:49.807678+05:00,,нет допуска
200,c8297387-4c37-53d3-8120-a214ac80359e,reassign,rejected,issued,2026-08-08T11:59:07.519850+05:00,,
200,7ed3853e-5bbf-5f42-bca7-c6a0317ed299,accept,issued,accepted,2026-08-08T12:03:28.773976+05:00,,
200,7ed3853e-5bbf-5f42-bca7-c6a0317ed299,start,accepted,in_progress,2026-08-08T12:21:11.478488+05:00,,
200,7ed3853e-5bbf-5f42-bca7-c6a0317ed299,complete,in_progress,done,2026-08-08T17:19:27.239101+05:00,"Заменены футеровочные плиты, выполнена наплавка, проверено крепление",
200,,ai_verdict,done,ai_review,2026-08-08T17:22:00.715106+05:00,,
200,c8297387-4c37-53d3-8120-a214ac80359e,approve,ai_review,closed,2026-08-08T18:11:18.179806+05:00,,
201,c8297387-4c37-53d3-8120-a214ac80359e,issue,,issued,2026-08-08T17:45:47.152217+05:00,"Течь гидрожидкости, лужа под агрегатом",
201,48146e97-4033-5976-9433-13e5009595cb,accept,issued,accepted,2026-08-08T17:57:59.929951+05:00,,
201,48146e97-4033-5976-9433-13e5009595cb,start,accepted,in_progress,2026-08-08T18:04:43.077514+05:00,,
201,48146e97-4033-5976-9433-13e5009595cb,complete,in_progress,done,2026-08-08T19:23:52.060383+05:00,"Заменены уплотнения, долито масло, течь устранена",
201,,ai_verdict,done,ai_review,2026-08-08T19:25:40.510325+05:00,,
201,c8297387-4c37-53d3-8120-a214ac80359e,approve,ai_review,closed,2026-08-08T19:49:14.925737+05:00,,
202,38634255-032f-5302-be4f-e3bb175128c8,issue,,issued,2026-08-08T20:17:48.541175+05:00,"Вибрация, ослабли крепления рамы",
202,1c4d0efe-d6e1-5774-af33-096424b68a1d,accept,issued,accepted,2026-08-08T20:21:35.960340+05:00,,
202,1c4d0efe-d6e1-5774-af33-096424b68a1d,start,accepted,in_progress,2026-08-08T20:24:13.826879+05:00,,
202,1c4d0efe-d6e1-5774-af33-096424b68a1d,complete,in_progress,done,2026-08-08T21:26:26.086547+05:00,"Подтянуты и заменены крепления, проверена вибрация",
202,,ai_verdict,done,rework,2026-08-08T21:27:48.617580+05:00,,Работы не соответствуют проблеме / нет фото «после»
202,1c4d0efe-d6e1-5774-af33-096424b68a1d,start,rework,in_progress,2026-08-08T21:53:47.954625+05:00,,
202,1c4d0efe-d6e1-5774-af33-096424b68a1d,complete,in_progress,done,2026-08-08T22:20:47.954625+05:00,"Подтянуты и заменены крепления, проверена вибрация",
202,,ai_verdict,done,ai_review,2026-08-08T22:23:46.334170+05:00,,
202,38634255-032f-5302-be4f-e3bb175128c8,approve,ai_review,closed,2026-08-08T23:23:38.185487+05:00,,
203,c8297387-4c37-53d3-8120-a214ac80359e,issue,,issued,2026-08-09T08:06:09.902685+05:00,"Плановый ремонт (ППР): Сепаратор пневматический СП-1 — осмотр, смазка, подтяжка креплений, замена изношенных элементов",
203,75808db3-d714-5bc1-8824-97b2c7c6f097,accept,issued,accepted,2026-08-09T08:10:37.937516+05:00,,
203,75808db3-d714-5bc1-8824-97b2c7c6f097,start,accepted,in_progress,2026-08-09T08:19:18.631492+05:00,,
203,75808db3-d714-5bc1-8824-97b2c7c6f097,complete,in_progress,done,2026-08-09T10:39:20.056187+05:00,"Выполнен ППР: Сепаратор пневматический СП-1 — осмотр, смазка узлов, подтяжка креплений",
203,,ai_verdict,done,ai_review,2026-08-09T10:40:48.619391+05:00,,
203,c8297387-4c37-53d3-8120-a214ac80359e,approve,ai_review,closed,2026-08-09T11:13:13.713192+05:00,,
204,c8297387-4c37-53d3-8120-a214ac80359e,issue,,issued,2026-08-09T08:31:39.476049+05:00,"Плановый ремонт (ППР): Компрессор ВК-10 — осмотр, смазка, подтяжка креплений, замена изношенных элементов",
204,4cd857ba-990a-5264-9b16-d26a06a3e6f4,accept,issued,accepted,2026-08-09T08:34:16.431864+05:00,,
204,4cd857ba-990a-5264-9b16-d26a06a3e6f4,start,accepted,in_progress,2026-08-09T08:40:28.138322+05:00,,
204,4cd857ba-990a-5264-9b16-d26a06a3e6f4,pause,in_progress,paused,2026-08-09T09:23:54.120564+05:00,,ждёт запчасти со склада
204,4cd857ba-990a-5264-9b16-d26a06a3e6f4,start,paused,in_progress,2026-08-09T10:24:42.452098+05:00,,
204,4cd857ba-990a-5264-9b16-d26a06a3e6f4,complete,in_progress,done,2026-08-09T11:29:51.425461+05:00,"Выполнен ППР: Компрессор ВК-10 — осмотр, смазка узлов, подтяжка креплений",
204,,ai_verdict,done,ai_review,2026-08-09T11:32:13.661492+05:00,,
204,c8297387-4c37-53d3-8120-a214ac80359e,approve,ai_review,closed,2026-08-09T12:06:11.317802+05:00,,
205,c8297387-4c37-53d3-8120-a214ac80359e,issue,,issued,2026-08-09T08:54:59.237670+05:00,"Плановый ремонт (ППР): Грохот ГИТ-51 №1 — осмотр, смазка, подтяжка креплений, замена изношенных элементов",
205,4cd857ba-990a-5264-9b16-d26a06a3e6f4,accept,issued,accepted,2026-08-09T09:07:55.929750+05:00,,
205,4cd857ba-990a-5264-9b16-d26a06a3e6f4,start,accepted,in_progress,2026-08-09T09:26:54.114850+05:00,,
205,4cd857ba-990a-5264-9b16-d26a06a3e6f4,complete,in_progress,done,2026-08-09T13:12:16.349177+05:00,"Выполнен ППР: Грохот ГИТ-51 №1 — осмотр, смазка узлов, подтяжка креплений",
205,,ai_verdict,done,ai_review,2026-08-09T13:14:52.599761+05:00,,
205,c8297387-4c37-53d3-8120-a214ac80359e,approve,ai_review,closed,2026-08-09T13:57:12.873381+05:00,,
206,c8297387-4c37-53d3-8120-a214ac80359e,issue,,issued,2026-08-09T09:13:49.042806+05:00,"Плановый ремонт (ППР): Компрессор ВК-20 — осмотр, смазка, подтяжка креплений, замена изношенных элементов",
206,30c23f9b-3046-52c7-aa98-4ded8e8f73ec,accept,issued,accepted,2026-08-09T09:23:22.517980+05:00,,
206,30c23f9b-3046-52c7-aa98-4ded8e8f73ec,start,accepted,in_progress,2026-08-09T09:30:07.530152+05:00,,
206,30c23f9b-3046-52c7-aa98-4ded8e8f73ec,complete,in_progress,done,2026-08-09T10:57:36.482080+05:00,"Выполнен ППР: Компрессор ВК-20 — осмотр, смазка узлов, подтяжка креплений",
206,,ai_verdict,done,ai_review,2026-08-09T11:00:34.781011+05:00,,
206,c8297387-4c37-53d3-8120-a214ac80359e,approve,ai_review,closed,2026-08-09T11:37:43.064562+05:00,,
207,c8297387-4c37-53d3-8120-a214ac80359e,issue,,issued,2026-08-09T09:24:33.571007+05:00,"Плановый ремонт (ППР): Конвейер К-2 — осмотр, смазка, подтяжка креплений, замена изношенных элементов",
207,30c23f9b-3046-52c7-aa98-4ded8e8f73ec,accept,issued,accepted,2026-08-09T09:29:15.365150+05:00,,
207,30c23f9b-3046-52c7-aa98-4ded8e8f73ec,start,accepted,in_progress,2026-08-09T09:42:11.082793+05:00,,
207,30c23f9b-3046-52c7-aa98-4ded8e8f73ec,complete,in_progress,done,2026-08-09T14:34:32.666576+05:00,"Выполнен ППР: Конвейер К-2 — осмотр, смазка узлов, подтяжка креплений",
207,,ai_verdict,done,ai_review,2026-08-09T14:36:22.526667+05:00,,
207,c8297387-4c37-53d3-8120-a214ac80359e,approve,ai_review,closed,2026-08-09T15:15:39.926877+05:00,,
208,c8297387-4c37-53d3-8120-a214ac80359e,issue,,issued,2026-08-09T11:37:09.362119+05:00,"Утечка воздуха, падение давления в сети",
208,4d9937c4-06fe-581d-bbee-b905cacaf2cc,accept,issued,accepted,2026-08-09T11:44:05.455288+05:00,,
208,4d9937c4-06fe-581d-bbee-b905cacaf2cc,start,accepted,in_progress,2026-08-09T12:01:39.434163+05:00,,
208,4d9937c4-06fe-581d-bbee-b905cacaf2cc,complete,in_progress,done,2026-08-09T12:51:03.032900+05:00,"Устранена утечка, заменены фитинги и уплотнения",
208,,ai_verdict,done,rework,2026-08-09T12:52:15.237862+05:00,,Работы не соответствуют проблеме / нет фото «после»
208,4d9937c4-06fe-581d-bbee-b905cacaf2cc,start,rework,in_progress,2026-08-09T13:37:27.475470+05:00,,
208,4d9937c4-06fe-581d-bbee-b905cacaf2cc,complete,in_progress,done,2026-08-09T13:55:27.475470+05:00,"Устранена утечка, заменены фитинги и уплотнения",
208,,ai_verdict,done,ai_review,2026-08-09T13:58:05.845414+05:00,,
208,c8297387-4c37-53d3-8120-a214ac80359e,approve,ai_review,closed,2026-08-09T14:44:28.353733+05:00,,
209,38634255-032f-5302-be4f-e3bb175128c8,issue,,issued,2026-08-10T04:39:21.735852+05:00,"Вибрация, ослабли крепления рамы",
209,30c23f9b-3046-52c7-aa98-4ded8e8f73ec,accept,issued,accepted,2026-08-10T04:42:34.053324+05:00,,
209,30c23f9b-3046-52c7-aa98-4ded8e8f73ec,start,accepted,in_progress,2026-08-10T04:47:25.551182+05:00,,
209,30c23f9b-3046-52c7-aa98-4ded8e8f73ec,complete,in_progress,done,2026-08-10T06:28:19.824049+05:00,"Подтянуты и заменены крепления, проверена вибрация",
209,,ai_verdict,done,ai_review,2026-08-10T06:30:39.590525+05:00,,
209,38634255-032f-5302-be4f-e3bb175128c8,approve,ai_review,closed,2026-08-10T07:19:19.011358+05:00,,
210,c8297387-4c37-53d3-8120-a214ac80359e,issue,,issued,2026-08-10T08:17:33.782493+05:00,"Плановый ремонт (ППР): Насос ГрАТ-450 №1 — осмотр, смазка, подтяжка креплений, замена изношенных элементов",
210,30c23f9b-3046-52c7-aa98-4ded8e8f73ec,accept,issued,accepted,2026-08-10T08:23:52.981526+05:00,,
210,30c23f9b-3046-52c7-aa98-4ded8e8f73ec,start,accepted,in_progress,2026-08-10T08:26:23.393591+05:00,,
210,30c23f9b-3046-52c7-aa98-4ded8e8f73ec,complete,in_progress,done,2026-08-10T11:29:36.307132+05:00,"Выполнен ППР: Насос ГрАТ-450 №1 — осмотр, смазка узлов, подтяжка креплений",
210,,ai_verdict,done,ai_review,2026-08-10T11:30:53.003764+05:00,,
210,c8297387-4c37-53d3-8120-a214ac80359e,approve,ai_review,closed,2026-08-10T12:01:26.425110+05:00,,
211,c8297387-4c37-53d3-8120-a214ac80359e,issue,,issued,2026-08-10T08:18:34.278513+05:00,"Плановый ремонт (ППР): Насос ГрАТ-450 №2 — осмотр, смазка, подтяжка креплений, замена изношенных элементов",
211,2f23346e-8eed-5645-a1b2-d929d4517246,accept,issued,accepted,2026-08-10T08:31:50.478840+05:00,,
211,2f23346e-8eed-5645-a1b2-d929d4517246,start,accepted,in_progress,2026-08-10T08:48:17.183744+05:00,,
211,2f23346e-8eed-5645-a1b2-d929d4517246,complete,in_progress,done,2026-08-10T13:00:43.062888+05:00,"Выполнен ППР: Насос ГрАТ-450 №2 — осмотр, смазка узлов, подтяжка креплений",
211,,ai_verdict,done,ai_review,2026-08-10T13:03:26.071012+05:00,,
211,c8297387-4c37-53d3-8120-a214ac80359e,approve,ai_review,closed,2026-08-10T13:20:04.808431+05:00,,
212,c8297387-4c37-53d3-8120-a214ac80359e,issue,,issued,2026-08-10T08:24:50.296667+05:00,"Плановый ремонт (ППР): Конвейер К-7 — осмотр, смазка, подтяжка креплений, замена изношенных элементов",
212,2f23346e-8eed-5645-a1b2-d929d4517246,accept,issued,accepted,2026-08-10T08:39:45.209674+05:00,,
212,2f23346e-8eed-5645-a1b2-d929d4517246,start,accepted,in_progress,2026-08-10T08:43:44.819492+05:00,,
212,2f23346e-8eed-5645-a1b2-d929d4517246,pause,in_progress,paused,2026-08-10T10:10:48.276000+05:00,,ждёт запчасти со склада
212,2f23346e-8eed-5645-a1b2-d929d4517246,start,paused,in_progress,2026-08-10T10:44:48.181219+05:00,,
212,2f23346e-8eed-5645-a1b2-d929d4517246,complete,in_progress,done,2026-08-10T12:55:23.365981+05:00,"Выполнен ППР: Конвейер К-7 — осмотр, смазка узлов, подтяжка креплений",
212,,ai_verdict,done,ai_review,2026-08-10T12:58:04.058148+05:00,,
212,c8297387-4c37-53d3-8120-a214ac80359e,approve,ai_review,closed,2026-08-10T13:12:59.398475+05:00,,
213,c8297387-4c37-53d3-8120-a214ac80359e,issue,,issued,2026-08-10T09:19:30.669824+05:00,"Плановый ремонт (ППР): Гидропресс П-6326 — осмотр, смазка, подтяжка креплений, замена изношенных элементов",
213,75808db3-d714-5bc1-8824-97b2c7c6f097,accept,issued,accepted,2026-08-10T09:32:08.924139+05:00,,
213,75808db3-d714-5bc1-8824-97b2c7c6f097,start,accepted,in_progress,2026-08-10T09:45:18.201710+05:00,,
213,75808db3-d714-5bc1-8824-97b2c7c6f097,complete,in_progress,done,2026-08-10T13:11:03.204885+05:00,"Выполнен ППР: Гидропресс П-6326 — осмотр, смазка узлов, подтяжка креплений",
213,,ai_verdict,done,ai_review,2026-08-10T13:13:01.456169+05:00,,
213,c8297387-4c37-53d3-8120-a214ac80359e,approve,ai_review,closed,2026-08-10T13:25:58.382814+05:00,,
214,c8297387-4c37-53d3-8120-a214ac80359e,issue,,issued,2026-08-10T09:47:22.611369+05:00,"Плановый ремонт (ППР): Дробилка КМД-1750 — осмотр, смазка, подтяжка креплений, замена изношенных элементов",
214,4d9937c4-06fe-581d-bbee-b905cacaf2cc,accept,issued,accepted,2026-08-10T09:55:11.400417+05:00,,
214,4d9937c4-06fe-581d-bbee-b905cacaf2cc,start,accepted,in_progress,2026-08-10T09:57:36.744466+05:00,,
214,4d9937c4-06fe-581d-bbee-b905cacaf2cc,complete,in_progress,done,2026-08-10T16:43:24.743541+05:00,"Выполнен ППР: Дробилка КМД-1750 — осмотр, смазка узлов, подтяжка креплений",
214,,ai_verdict,done,ai_review,2026-08-10T16:44:56.975332+05:00,,
214,c8297387-4c37-53d3-8120-a214ac80359e,approve,ai_review,closed,2026-08-10T17:08:03.504601+05:00,,
215,c8297387-4c37-53d3-8120-a214ac80359e,issue,,issued,2026-08-10T10:22:48.938016+05:00,"Нет питания, повреждён кабель",
215,ee96e203-5cd8-5eb3-be58-94fd2ac2392a,accept,issued,accepted,2026-08-10T10:29:20.844154+05:00,,
215,ee96e203-5cd8-5eb3-be58-94fd2ac2392a,start,accepted,in_progress,2026-08-10T10:36:42.166295+05:00,,
215,ee96e203-5cd8-5eb3-be58-94fd2ac2392a,complete,in_progress,done,2026-08-10T13:37:22.976854+05:00,"Заменён участок кабеля, выполнено оконцевание, проверена изоляция",
215,,ai_verdict,done,ai_review,2026-08-10T13:38:46.575069+05:00,,
215,c8297387-4c37-53d3-8120-a214ac80359e,approve,ai_review,closed,2026-08-10T14:35:45.211368+05:00,,
216,c8297387-4c37-53d3-8120-a214ac80359e,issue,,issued,2026-08-10T17:05:44.931414+05:00,"Вибрация, ослабли крепления рамы",
216,1c4d0efe-d6e1-5774-af33-096424b68a1d,accept,issued,accepted,2026-08-10T17:07:47.307821+05:00,,
216,1c4d0efe-d6e1-5774-af33-096424b68a1d,start,accepted,in_progress,2026-08-10T17:14:35.297280+05:00,,
216,1c4d0efe-d6e1-5774-af33-096424b68a1d,complete,in_progress,done,2026-08-10T18:14:26.996286+05:00,"Подтянуты и заменены крепления, проверена вибрация",
216,,ai_verdict,done,rework,2026-08-10T18:16:46.250741+05:00,,Работы не соответствуют проблеме / нет фото «после»
216,1c4d0efe-d6e1-5774-af33-096424b68a1d,start,rework,in_progress,2026-08-10T19:01:56.370678+05:00,,
216,1c4d0efe-d6e1-5774-af33-096424b68a1d,complete,in_progress,done,2026-08-10T19:28:56.370678+05:00,"Подтянуты и заменены крепления, проверена вибрация",
216,,ai_verdict,done,ai_review,2026-08-10T19:30:04.864257+05:00,,
216,c8297387-4c37-53d3-8120-a214ac80359e,approve,ai_review,closed,2026-08-10T20:18:20.568891+05:00,,
217,38634255-032f-5302-be4f-e3bb175128c8,issue,,issued,2026-08-11T07:55:53.937443+05:00,"Падение напора, шум в улитке насоса",
217,30c23f9b-3046-52c7-aa98-4ded8e8f73ec,accept,issued,accepted,2026-08-11T07:59:07.011437+05:00,,
217,30c23f9b-3046-52c7-aa98-4ded8e8f73ec,start,accepted,in_progress,2026-08-11T08:17:47.170075+05:00,,
217,30c23f9b-3046-52c7-aa98-4ded8e8f73ec,complete,in_progress,done,2026-08-11T11:56:27.435482+05:00,"Заменено рабочее колесо, уплотнения, насос опробован",
217,,ai_verdict,done,ai_review,2026-08-11T11:58:54.426408+05:00,,
217,38634255-032f-5302-be4f-e3bb175128c8,approve,ai_review,closed,2026-08-11T12:53:50.703157+05:00,,
218,c8297387-4c37-53d3-8120-a214ac80359e,issue,,issued,2026-08-11T08:22:37.410916+05:00,"Плановый ремонт (ППР): Вентилятор ВМ-12 — осмотр, смазка, подтяжка креплений, замена изношенных элементов",
218,79413058-e2c0-5b03-adfb-a2a01c58f0d5,accept,issued,accepted,2026-08-11T08:28:49.005126+05:00,,
218,79413058-e2c0-5b03-adfb-a2a01c58f0d5,start,accepted,in_progress,2026-08-11T08:48:35.033757+05:00,,
218,79413058-e2c0-5b03-adfb-a2a01c58f0d5,pause,in_progress,paused,2026-08-11T09:41:57.438971+05:00,,ждёт запчасти со склада
218,79413058-e2c0-5b03-adfb-a2a01c58f0d5,start,paused,in_progress,2026-08-11T10:46:10.683770+05:00,,
218,79413058-e2c0-5b03-adfb-a2a01c58f0d5,complete,in_progress,done,2026-08-11T12:06:14.291591+05:00,"Выполнен ППР: Вентилятор ВМ-12 — осмотр, смазка узлов, подтяжка креплений",
218,,ai_verdict,done,ai_review,2026-08-11T12:07:17.848771+05:00,,
218,c8297387-4c37-53d3-8120-a214ac80359e,approve,ai_review,closed,2026-08-11T13:06:10.242276+05:00,,
219,c8297387-4c37-53d3-8120-a214ac80359e,issue,,issued,2026-08-11T08:45:58.934478+05:00,"Плановый ремонт (ППР): Сушильный барабан СБ-1 — осмотр, смазка, подтяжка креплений, замена изношенных элементов",
219,79413058-e2c0-5b03-adfb-a2a01c58f0d5,accept,issued,accepted,2026-08-11T09:00:45.804776+05:00,,
219,79413058-e2c0-5b03-adfb-a2a01c58f0d5,start,accepted,in_progress,2026-08-11T09:05:45.657126+05:00,,
219,79413058-e2c0-5b03-adfb-a2a01c58f0d5,complete,in_progress,done,2026-08-11T19:43:48.677319+05:00,"Выполнен ППР: Сушильный барабан СБ-1 — осмотр, смазка узлов, подтяжка креплений",
219,,ai_verdict,done,ai_review,2026-08-11T19:45:41.628127+05:00,,
219,c8297387-4c37-53d3-8120-a214ac80359e,approve,ai_review,closed,2026-08-11T20:18:40.194916+05:00,,
220,c8297387-4c37-53d3-8120-a214ac80359e,issue,,issued,2026-08-11T08:50:08.008343+05:00,"Плановый ремонт (ППР): Насос ГрАТ-450 №3 — осмотр, смазка, подтяжка креплений, замена изношенных элементов",
220,75808db3-d714-5bc1-8824-97b2c7c6f097,accept,issued,accepted,2026-08-11T08:59:01.524015+05:00,,
220,75808db3-d714-5bc1-8824-97b2c7c6f097,start,accepted,in_progress,2026-08-11T09:08:39.158590+05:00,,
220,75808db3-d714-5bc1-8824-97b2c7c6f097,pause,in_progress,paused,2026-08-11T10:04:43.625334+05:00,,ждёт запчасти со склада
220,75808db3-d714-5bc1-8824-97b2c7c6f097,start,paused,in_progress,2026-08-11T12:09:42.364761+05:00,,
220,75808db3-d714-5bc1-8824-97b2c7c6f097,complete,in_progress,done,2026-08-11T13:33:49.064877+05:00,"Выполнен ППР: Насос ГрАТ-450 №3 — осмотр, смазка узлов, подтяжка креплений",
220,,ai_verdict,done,ai_review,2026-08-11T13:36:22.275932+05:00,,
220,c8297387-4c37-53d3-8120-a214ac80359e,approve,ai_review,closed,2026-08-11T13:51:06.775445+05:00,,
221,c8297387-4c37-53d3-8120-a214ac80359e,issue,,issued,2026-08-11T12:03:07.287103+05:00,"Утечка воздуха, падение давления в сети",
221,4cd857ba-990a-5264-9b16-d26a06a3e6f4,queue,issued,queued,2026-08-11T12:05:45.924683+05:00,,
221,4cd857ba-990a-5264-9b16-d26a06a3e6f4,start,queued,in_progress,2026-08-11T14:01:26.740136+05:00,,
221,4cd857ba-990a-5264-9b16-d26a06a3e6f4,complete,in_progress,done,2026-08-11T14:49:14.591157+05:00,"Устранена утечка, заменены фитинги и уплотнения",
221,,ai_verdict,done,ai_review,2026-08-11T14:51:44.430025+05:00,,
221,c8297387-4c37-53d3-8120-a214ac80359e,approve,ai_review,closed,2026-08-11T15:02:30.500342+05:00,,
222,c8297387-4c37-53d3-8120-a214ac80359e,issue,,issued,2026-08-11T15:50:11.013692+05:00,Течь масла из-под уплотнения,
222,9d7fbeed-09f8-55cd-9cc1-8e28b1c8a47a,accept,issued,accepted,2026-08-11T16:04:47.248513+05:00,,
222,9d7fbeed-09f8-55cd-9cc1-8e28b1c8a47a,start,accepted,in_progress,2026-08-11T16:15:44.716018+05:00,,
222,9d7fbeed-09f8-55cd-9cc1-8e28b1c8a47a,complete,in_progress,done,2026-08-11T17:53:27.481353+05:00,"Заменены уплотнения, долито масло, течь устранена",
222,,ai_verdict,done,ai_review,2026-08-11T17:54:51.211127+05:00,,
222,c8297387-4c37-53d3-8120-a214ac80359e,approve,ai_review,closed,2026-08-11T18:52:51.907701+05:00,,
223,c8297387-4c37-53d3-8120-a214ac80359e,issue,,issued,2026-08-11T16:04:56.393785+05:00,Отказ станции централизованной смазки,
223,79413058-e2c0-5b03-adfb-a2a01c58f0d5,accept,issued,accepted,2026-08-11T16:13:38.205409+05:00,,
223,79413058-e2c0-5b03-adfb-a2a01c58f0d5,start,accepted,in_progress,2026-08-11T16:18:33.151677+05:00,,
223,79413058-e2c0-5b03-adfb-a2a01c58f0d5,complete,in_progress,done,2026-08-11T18:46:18.254363+05:00,"Восстановлена подача смазки, заменены РВД и фитинги",
223,,ai_verdict,done,ai_review,2026-08-11T18:48:17.806559+05:00,,
223,c8297387-4c37-53d3-8120-a214ac80359e,approve,ai_review,closed,2026-08-11T19:31:07.606855+05:00,,
224,38634255-032f-5302-be4f-e3bb175128c8,issue,,issued,2026-08-12T01:05:43.790127+05:00,Отказ станции централизованной смазки,
224,2f23346e-8eed-5645-a1b2-d929d4517246,accept,issued,accepted,2026-08-12T01:09:58.414537+05:00,,
224,2f23346e-8eed-5645-a1b2-d929d4517246,start,accepted,in_progress,2026-08-12T01:27:07.260111+05:00,,
224,2f23346e-8eed-5645-a1b2-d929d4517246,complete,in_progress,done,2026-08-12T03:29:55.002590+05:00,"Восстановлена подача смазки, заменены РВД и фитинги",
224,,ai_verdict,done,ai_review,2026-08-12T03:31:45.592169+05:00,,
224,38634255-032f-5302-be4f-e3bb175128c8,approve,ai_review,closed,2026-08-12T04:02:45.112460+05:00,,
225,c8297387-4c37-53d3-8120-a214ac80359e,issue,,issued,2026-08-12T09:15:20.578711+05:00,"Плановый ремонт (ППР): Сварочный пост СП-2 — осмотр, смазка, подтяжка креплений, замена изношенных элементов",
225,2f23346e-8eed-5645-a1b2-d929d4517246,accept,issued,accepted,2026-08-12T09:29:05.103750+05:00,,
225,2f23346e-8eed-5645-a1b2-d929d4517246,start,accepted,in_progress,2026-08-12T09:39:48.027641+05:00,,
225,2f23346e-8eed-5645-a1b2-d929d4517246,complete,in_progress,done,2026-08-12T12:29:56.457229+05:00,"Выполнен ППР: Сварочный пост СП-2 — осмотр, смазка узлов, подтяжка креплений",
225,,ai_verdict,done,ai_review,2026-08-12T12:31:13.478719+05:00,,
225,c8297387-4c37-53d3-8120-a214ac80359e,approve,ai_review,closed,2026-08-12T13:07:24.081215+05:00,,
226,c8297387-4c37-53d3-8120-a214ac80359e,issue,,issued,2026-08-12T09:48:35.351009+05:00,"Плановый ремонт (ППР): Дымосос ДН-15 — осмотр, смазка, подтяжка креплений, замена изношенных элементов",
226,30c23f9b-3046-52c7-aa98-4ded8e8f73ec,accept,issued,accepted,2026-08-12T09:54:12.732833+05:00,,
226,30c23f9b-3046-52c7-aa98-4ded8e8f73ec,start,accepted,in_progress,2026-08-12T10:09:14.526106+05:00,,
226,30c23f9b-3046-52c7-aa98-4ded8e8f73ec,complete,in_progress,done,2026-08-12T14:00:06.333793+05:00,"Выполнен ППР: Дымосос ДН-15 — осмотр, смазка узлов, подтяжка креплений",
226,,ai_verdict,done,ai_review,2026-08-12T14:01:43.187479+05:00,,
226,c8297387-4c37-53d3-8120-a214ac80359e,approve,ai_review,closed,2026-08-12T14:57:28.671952+05:00,,
227,38634255-032f-5302-be4f-e3bb175128c8,issue,,issued,2026-08-12T23:49:57.092478+05:00,"Нет питания, повреждён кабель",
227,afebbbfd-2a78-5649-81b2-ad4f458ca374,accept,issued,accepted,2026-08-12T23:59:04.259920+05:00,,
227,afebbbfd-2a78-5649-81b2-ad4f458ca374,start,accepted,in_progress,2026-08-13T00:10:09.702912+05:00,,
227,afebbbfd-2a78-5649-81b2-ad4f458ca374,complete,in_progress,done,2026-08-13T01:59:40.157495+05:00,"Заменён участок кабеля, выполнено оконцевание, проверена изоляция",
227,,ai_verdict,done,ai_review,2026-08-13T02:00:54.254611+05:00,,
227,38634255-032f-5302-be4f-e3bb175128c8,approve,ai_review,closed,2026-08-13T02:39:05.944446+05:00,,
228,38634255-032f-5302-be4f-e3bb175128c8,issue,,issued,2026-08-13T01:23:02.598757+05:00,Течь масла из-под уплотнения,
228,48146e97-4033-5976-9433-13e5009595cb,accept,issued,accepted,2026-08-13T01:25:11.129120+05:00,,
228,48146e97-4033-5976-9433-13e5009595cb,start,accepted,in_progress,2026-08-13T01:30:26.020721+05:00,,
228,48146e97-4033-5976-9433-13e5009595cb,complete,in_progress,done,2026-08-13T02:41:59.247719+05:00,"Заменены уплотнения, долито масло, течь устранена",
228,,ai_verdict,done,ai_review,2026-08-13T02:43:10.753552+05:00,,
228,38634255-032f-5302-be4f-e3bb175128c8,approve,ai_review,closed,2026-08-13T03:02:43.218466+05:00,,
229,38634255-032f-5302-be4f-e3bb175128c8,issue,,issued,2026-08-13T02:09:51.012103+05:00,Шум и нагрев подшипникового узла привода,
229,4cd857ba-990a-5264-9b16-d26a06a3e6f4,accept,issued,accepted,2026-08-13T02:13:16.201631+05:00,,
229,4cd857ba-990a-5264-9b16-d26a06a3e6f4,start,accepted,in_progress,2026-08-13T02:23:29.845051+05:00,,
229,4cd857ba-990a-5264-9b16-d26a06a3e6f4,complete,in_progress,done,2026-08-13T04:26:01.183513+05:00,"Заменён подшипник, узел промыт и смазан, проверено на холостом ходу",
229,,ai_verdict,done,ai_review,2026-08-13T04:27:18.448243+05:00,,
229,38634255-032f-5302-be4f-e3bb175128c8,approve,ai_review,closed,2026-08-13T05:21:17.440721+05:00,,
230,38634255-032f-5302-be4f-e3bb175128c8,issue,,issued,2026-08-13T07:45:56.882636+05:00,"Вибрация, ослабли крепления рамы",
230,1c4d0efe-d6e1-5774-af33-096424b68a1d,accept,issued,accepted,2026-08-13T07:58:02.479145+05:00,,
230,1c4d0efe-d6e1-5774-af33-096424b68a1d,start,accepted,in_progress,2026-08-13T08:05:24.680097+05:00,,
230,1c4d0efe-d6e1-5774-af33-096424b68a1d,complete,in_progress,done,2026-08-13T09:41:13.803797+05:00,"Подтянуты и заменены крепления, проверена вибрация",
230,,ai_verdict,done,ai_review,2026-08-13T09:42:23.528746+05:00,,
230,38634255-032f-5302-be4f-e3bb175128c8,approve,ai_review,closed,2026-08-13T10:30:43.772215+05:00,,
231,c8297387-4c37-53d3-8120-a214ac80359e,issue,,issued,2026-08-13T08:48:14.978285+05:00,"Плановый ремонт (ППР): Конвейер К-3 — осмотр, смазка, подтяжка креплений, замена изношенных элементов",
231,4d9937c4-06fe-581d-bbee-b905cacaf2cc,accept,issued,accepted,2026-08-13T08:59:48.001866+05:00,,
231,4d9937c4-06fe-581d-bbee-b905cacaf2cc,start,accepted,in_progress,2026-08-13T09:12:52.410446+05:00,,
231,4d9937c4-06fe-581d-bbee-b905cacaf2cc,complete,in_progress,done,2026-08-13T12:52:05.351592+05:00,"Выполнен ППР: Конвейер К-3 — осмотр, смазка узлов, подтяжка креплений",
231,,ai_verdict,done,ai_review,2026-08-13T12:54:50.465731+05:00,,
231,c8297387-4c37-53d3-8120-a214ac80359e,approve,ai_review,closed,2026-08-13T13:54:46.812428+05:00,,
232,c8297387-4c37-53d3-8120-a214ac80359e,issue,,issued,2026-08-13T09:26:36.083236+05:00,"Плановый ремонт (ППР): Кран мостовой 10 т — осмотр, смазка, подтяжка креплений, замена изношенных элементов",
232,4cd857ba-990a-5264-9b16-d26a06a3e6f4,accept,issued,accepted,2026-08-13T09:33:33.138010+05:00,,
232,4cd857ba-990a-5264-9b16-d26a06a3e6f4,start,accepted,in_progress,2026-08-13T09:37:38.847932+05:00,,
232,4cd857ba-990a-5264-9b16-d26a06a3e6f4,complete,in_progress,done,2026-08-13T13:08:31.253993+05:00,"Выполнен ППР: Кран мостовой 10 т — осмотр, смазка узлов, подтяжка креплений",
232,,ai_verdict,done,ai_review,2026-08-13T13:11:24.188132+05:00,,
232,c8297387-4c37-53d3-8120-a214ac80359e,approve,ai_review,closed,2026-08-13T13:45:11.338751+05:00,,
233,c8297387-4c37-53d3-8120-a214ac80359e,issue,,issued,2026-08-13T09:37:46.291356+05:00,"Плановый ремонт (ППР): Дробилка ККД-1500 — осмотр, смазка, подтяжка креплений, замена изношенных элементов",
233,2f23346e-8eed-5645-a1b2-d929d4517246,accept,issued,accepted,2026-08-13T09:43:23.935822+05:00,,
233,2f23346e-8eed-5645-a1b2-d929d4517246,start,accepted,in_progress,2026-08-13T10:01:42.415132+05:00,,
233,2f23346e-8eed-5645-a1b2-d929d4517246,pause,in_progress,paused,2026-08-13T12:10:53.872836+05:00,,ждёт допуска
233,2f23346e-8eed-5645-a1b2-d929d4517246,start,paused,in_progress,2026-08-13T13:48:36.806347+05:00,,
233,2f23346e-8eed-5645-a1b2-d929d4517246,complete,in_progress,done,2026-08-13T17:02:23.992902+05:00,"Выполнен ППР: Дробилка ККД-1500 — осмотр, смазка узлов, подтяжка креплений",
233,,ai_verdict,done,ai_review,2026-08-13T17:03:46.731164+05:00,,
233,c8297387-4c37-53d3-8120-a214ac80359e,approve,ai_review,closed,2026-08-13T18:02:58.442632+05:00,,
234,c8297387-4c37-53d3-8120-a214ac80359e,issue,,issued,2026-08-13T09:44:00.634110+05:00,"Плановый ремонт (ППР): Конвейер К-1 — осмотр, смазка, подтяжка креплений, замена изношенных элементов",
234,4d9937c4-06fe-581d-bbee-b905cacaf2cc,accept,issued,accepted,2026-08-13T09:55:23.444761+05:00,,
234,4d9937c4-06fe-581d-bbee-b905cacaf2cc,start,accepted,in_progress,2026-08-13T09:58:12.037589+05:00,,
234,4d9937c4-06fe-581d-bbee-b905cacaf2cc,complete,in_progress,done,2026-08-13T13:14:00.357838+05:00,"Выполнен ППР: Конвейер К-1 — осмотр, смазка узлов, подтяжка креплений",
234,,ai_verdict,done,ai_review,2026-08-13T13:16:42.517471+05:00,,
234,c8297387-4c37-53d3-8120-a214ac80359e,approve,ai_review,closed,2026-08-13T13:36:04.456061+05:00,,
235,c8297387-4c37-53d3-8120-a214ac80359e,issue,,issued,2026-08-13T15:25:28.980201+05:00,"Падение напора, шум в улитке насоса",
235,79413058-e2c0-5b03-adfb-a2a01c58f0d5,accept,issued,accepted,2026-08-13T15:26:46.392112+05:00,,
235,79413058-e2c0-5b03-adfb-a2a01c58f0d5,start,accepted,in_progress,2026-08-13T15:31:56.711666+05:00,,
235,79413058-e2c0-5b03-adfb-a2a01c58f0d5,complete,in_progress,done,2026-08-13T19:27:12.779540+05:00,"Заменено рабочее колесо, уплотнения, насос опробован",
235,,ai_verdict,done,ai_review,2026-08-13T19:28:37.621083+05:00,,
235,c8297387-4c37-53d3-8120-a214ac80359e,approve,ai_review,closed,2026-08-13T20:21:52.766276+05:00,,
236,c8297387-4c37-53d3-8120-a214ac80359e,issue,,issued,2026-08-13T16:01:08.548929+05:00,"Течь гидрожидкости, лужа под агрегатом",
236,9d7fbeed-09f8-55cd-9cc1-8e28b1c8a47a,accept,issued,accepted,2026-08-13T16:08:05.811559+05:00,,
236,9d7fbeed-09f8-55cd-9cc1-8e28b1c8a47a,start,accepted,in_progress,2026-08-13T16:13:16.781781+05:00,,
236,9d7fbeed-09f8-55cd-9cc1-8e28b1c8a47a,complete,in_progress,done,2026-08-13T18:03:05.762830+05:00,"Заменены уплотнения, долито масло, течь устранена",
236,,ai_verdict,done,ai_review,2026-08-13T18:05:16.163004+05:00,,
236,c8297387-4c37-53d3-8120-a214ac80359e,approve,ai_review,closed,2026-08-13T18:16:04.184362+05:00,,
237,c8297387-4c37-53d3-8120-a214ac80359e,issue,,issued,2026-08-13T19:31:01.020952+05:00,"Вибрация, подшипник греется выше 80 °C",
237,75808db3-d714-5bc1-8824-97b2c7c6f097,accept,issued,accepted,2026-08-13T19:44:47.217060+05:00,,
237,75808db3-d714-5bc1-8824-97b2c7c6f097,start,accepted,in_progress,2026-08-13T19:56:27.117168+05:00,,
237,75808db3-d714-5bc1-8824-97b2c7c6f097,complete,in_progress,done,2026-08-13T22:12:23.395384+05:00,"Заменён подшипник, узел промыт и смазан, проверено на холостом ходу",
237,,ai_verdict,done,ai_review,2026-08-13T22:14:57.647092+05:00,,
237,c8297387-4c37-53d3-8120-a214ac80359e,approve,ai_review,closed,2026-08-13T22:35:57.968299+05:00,,
238,c8297387-4c37-53d3-8120-a214ac80359e,issue,,issued,2026-08-14T08:52:36.847502+05:00,"Плановый ремонт (ППР): Грохот ГИТ-51 №2 — осмотр, смазка, подтяжка креплений, замена изношенных элементов",
238,79413058-e2c0-5b03-adfb-a2a01c58f0d5,accept,issued,accepted,2026-08-14T09:07:14.543358+05:00,,
238,79413058-e2c0-5b03-adfb-a2a01c58f0d5,start,accepted,in_progress,2026-08-14T09:14:59.406304+05:00,,
238,79413058-e2c0-5b03-adfb-a2a01c58f0d5,complete,in_progress,done,2026-08-14T11:34:06.545520+05:00,"Выполнен ППР: Грохот ГИТ-51 №2 — осмотр, смазка узлов, подтяжка креплений",
238,,ai_verdict,done,ai_review,2026-08-14T11:35:41.711245+05:00,,
238,c8297387-4c37-53d3-8120-a214ac80359e,approve,ai_review,closed,2026-08-14T12:07:29.716889+05:00,,
239,c8297387-4c37-53d3-8120-a214ac80359e,issue,,issued,2026-08-14T09:41:44.663580+05:00,"Плановый ремонт (ППР): Сушильный барабан СБ-2 — осмотр, смазка, подтяжка креплений, замена изношенных элементов",
239,4cd857ba-990a-5264-9b16-d26a06a3e6f4,accept,issued,accepted,2026-08-14T09:56:05.742949+05:00,,
239,4cd857ba-990a-5264-9b16-d26a06a3e6f4,start,accepted,in_progress,2026-08-14T09:58:54.206010+05:00,,
239,4cd857ba-990a-5264-9b16-d26a06a3e6f4,complete,in_progress,done,2026-08-14T12:57:54.547616+05:00,"Выполнен ППР: Сушильный барабан СБ-2 — осмотр, смазка узлов, подтяжка креплений",
239,,ai_verdict,done,ai_review,2026-08-14T13:00:45.791014+05:00,,
239,c8297387-4c37-53d3-8120-a214ac80359e,approve,ai_review,closed,2026-08-14T13:19:18.302789+05:00,,
240,c8297387-4c37-53d3-8120-a214ac80359e,issue,,issued,2026-08-14T14:54:14.322502+05:00,Шипение на пневмолинии,
240,2f23346e-8eed-5645-a1b2-d929d4517246,accept,issued,accepted,2026-08-14T15:03:22.217345+05:00,,
240,2f23346e-8eed-5645-a1b2-d929d4517246,start,accepted,in_progress,2026-08-14T15:05:35.532421+05:00,,
240,2f23346e-8eed-5645-a1b2-d929d4517246,complete,in_progress,done,2026-08-14T16:00:03.293308+05:00,"Устранена утечка, заменены фитинги и уплотнения",
240,,ai_verdict,done,ai_review,2026-08-14T16:02:51.390876+05:00,,
240,c8297387-4c37-53d3-8120-a214ac80359e,approve,ai_review,closed,2026-08-14T16:21:29.282771+05:00,,
241,38634255-032f-5302-be4f-e3bb175128c8,issue,,issued,2026-08-15T05:53:34.234593+05:00,Срабатывает тепловая защита,
241,ee96e203-5cd8-5eb3-be58-94fd2ac2392a,accept,issued,accepted,2026-08-15T05:54:55.352293+05:00,,
241,ee96e203-5cd8-5eb3-be58-94fd2ac2392a,start,accepted,in_progress,2026-08-15T06:04:53.318693+05:00,,
241,ee96e203-5cd8-5eb3-be58-94fd2ac2392a,complete,in_progress,done,2026-08-15T07:22:02.856117+05:00,"Заменён автомат, проверена нагрузка, защита отрегулирована",
241,,ai_verdict,done,ai_review,2026-08-15T07:23:41.084986+05:00,,
241,38634255-032f-5302-be4f-e3bb175128c8,approve,ai_review,closed,2026-08-15T07:56:58.842921+05:00,,
242,c8297387-4c37-53d3-8120-a214ac80359e,issue,,issued,2026-08-15T08:08:09.483970+05:00,Порыв ленты на стыке,
242,2f23346e-8eed-5645-a1b2-d929d4517246,accept,issued,accepted,2026-08-15T08:22:41.026121+05:00,,
242,2f23346e-8eed-5645-a1b2-d929d4517246,start,accepted,in_progress,2026-08-15T08:37:28.560562+05:00,,
242,2f23346e-8eed-5645-a1b2-d929d4517246,complete,in_progress,done,2026-08-15T13:52:17.889871+05:00,"Выполнена стыковка ленты, отрегулирован ход",
242,,ai_verdict,done,ai_review,2026-08-15T13:55:16.917245+05:00,,
242,c8297387-4c37-53d3-8120-a214ac80359e,approve,ai_review,closed,2026-08-15T14:52:22.102593+05:00,,
243,c8297387-4c37-53d3-8120-a214ac80359e,issue,,issued,2026-08-15T08:54:53.624146+05:00,"Плановый ремонт (ППР): Питатель пластинчатый ПП-1 — осмотр, смазка, подтяжка креплений, замена изношенных элементов",
243,79413058-e2c0-5b03-adfb-a2a01c58f0d5,accept,issued,accepted,2026-08-15T09:04:09.049600+05:00,,
243,79413058-e2c0-5b03-adfb-a2a01c58f0d5,start,accepted,in_progress,2026-08-15T09:11:17.910757+05:00,,
243,79413058-e2c0-5b03-adfb-a2a01c58f0d5,complete,in_progress,done,2026-08-15T11:33:03.631332+05:00,"Выполнен ППР: Питатель пластинчатый ПП-1 — осмотр, смазка узлов, подтяжка креплений",
243,,ai_verdict,done,rework,2026-08-15T11:34:54.918018+05:00,,Работы не соответствуют проблеме / нет фото «после»
243,79413058-e2c0-5b03-adfb-a2a01c58f0d5,start,rework,in_progress,2026-08-15T12:20:05.479566+05:00,,
243,79413058-e2c0-5b03-adfb-a2a01c58f0d5,complete,in_progress,done,2026-08-15T13:14:05.479566+05:00,"Выполнен ППР: Питатель пластинчатый ПП-1 — осмотр, смазка узлов, подтяжка креплений",
243,,ai_verdict,done,ai_review,2026-08-15T13:16:33.713820+05:00,,
243,c8297387-4c37-53d3-8120-a214ac80359e,approve,ai_review,closed,2026-08-15T13:37:00.937589+05:00,,
244,c8297387-4c37-53d3-8120-a214ac80359e,issue,,issued,2026-08-15T09:22:08.740493+05:00,"Плановый ремонт (ППР): Рукавный фильтр РФ-2 — осмотр, смазка, подтяжка креплений, замена изношенных элементов",
244,4cd857ba-990a-5264-9b16-d26a06a3e6f4,reject,issued,rejected,2026-08-15T09:26:23.535601+05:00,,нет допуска
244,c8297387-4c37-53d3-8120-a214ac80359e,reassign,rejected,issued,2026-08-15T09:28:06.300667+05:00,,
244,75808db3-d714-5bc1-8824-97b2c7c6f097,accept,issued,accepted,2026-08-15T09:42:54.458581+05:00,,
244,75808db3-d714-5bc1-8824-97b2c7c6f097,start,accepted,in_progress,2026-08-15T10:02:50.419413+05:00,,
244,75808db3-d714-5bc1-8824-97b2c7c6f097,complete,in_progress,done,2026-08-15T13:27:08.816939+05:00,"Выполнен ППР: Рукавный фильтр РФ-2 — осмотр, смазка узлов, подтяжка креплений",
244,,ai_verdict,done,ai_review,2026-08-15T13:29:45.916428+05:00,,
244,c8297387-4c37-53d3-8120-a214ac80359e,approve,ai_review,closed,2026-08-15T14:16:29.359145+05:00,,
245,c8297387-4c37-53d3-8120-a214ac80359e,issue,,issued,2026-08-15T09:25:49.243307+05:00,"Плановый ремонт (ППР): Токарный станок 1М63 — осмотр, смазка, подтяжка креплений, замена изношенных элементов",
245,4cd857ba-990a-5264-9b16-d26a06a3e6f4,accept,issued,accepted,2026-08-15T09:29:51.381643+05:00,,
245,4cd857ba-990a-5264-9b16-d26a06a3e6f4,start,accepted,in_progress,2026-08-15T09:49:25.065190+05:00,,
245,4cd857ba-990a-5264-9b16-d26a06a3e6f4,complete,in_progress,done,2026-08-15T12:27:31.872180+05:00,"Выполнен ППР: Токарный станок 1М63 — осмотр, смазка узлов, подтяжка креплений",
245,,ai_verdict,done,ai_review,2026-08-15T12:29:34.908154+05:00,,
245,c8297387-4c37-53d3-8120-a214ac80359e,approve,ai_review,closed,2026-08-15T13:27:09.184414+05:00,,
246,c8297387-4c37-53d3-8120-a214ac80359e,issue,,issued,2026-08-15T09:35:00.981646+05:00,"Плановый ремонт (ППР): Рукавный фильтр РФ-1 — осмотр, смазка, подтяжка креплений, замена изношенных элементов",
246,2f23346e-8eed-5645-a1b2-d929d4517246,accept,issued,accepted,2026-08-15T09:37:29.120466+05:00,,
246,2f23346e-8eed-5645-a1b2-d929d4517246,start,accepted,in_progress,2026-08-15T09:55:40.217876+05:00,,
246,2f23346e-8eed-5645-a1b2-d929d4517246,complete,in_progress,done,2026-08-15T12:32:09.263507+05:00,"Выполнен ППР: Рукавный фильтр РФ-1 — осмотр, смазка узлов, подтяжка креплений",
246,,ai_verdict,done,ai_review,2026-08-15T12:34:20.313451+05:00,,
246,c8297387-4c37-53d3-8120-a214ac80359e,approve,ai_review,closed,2026-08-15T13:00:37.882144+05:00,,
247,c8297387-4c37-53d3-8120-a214ac80359e,issue,,issued,2026-08-15T19:31:39.050335+05:00,"Стук, откручиваются болты опоры",
247,2f23346e-8eed-5645-a1b2-d929d4517246,queue,issued,queued,2026-08-15T19:37:59.878893+05:00,,
247,2f23346e-8eed-5645-a1b2-d929d4517246,start,queued,in_progress,2026-08-15T20:53:46.372890+05:00,,
247,2f23346e-8eed-5645-a1b2-d929d4517246,complete,in_progress,done,2026-08-15T22:31:05.985768+05:00,"Подтянуты и заменены крепления, проверена вибрация",
247,,ai_verdict,done,ai_review,2026-08-15T22:33:59.857097+05:00,,
247,c8297387-4c37-53d3-8120-a214ac80359e,approve,ai_review,closed,2026-08-15T23:21:40.438156+05:00,,
248,38634255-032f-5302-be4f-e3bb175128c8,issue,,issued,2026-08-16T03:25:43.114732+05:00,Неверные показания температуры,
248,ee96e203-5cd8-5eb3-be58-94fd2ac2392a,accept,issued,accepted,2026-08-16T03:27:29.066878+05:00,,
248,ee96e203-5cd8-5eb3-be58-94fd2ac2392a,start,accepted,in_progress,2026-08-16T03:30:07.128629+05:00,,
248,ee96e203-5cd8-5eb3-be58-94fd2ac2392a,complete,in_progress,done,2026-08-16T04:43:35.846421+05:00,"Заменён датчик, выполнена настройка и проверка сигнала",
248,,ai_verdict,done,ai_review,2026-08-16T04:45:13.324845+05:00,,
248,38634255-032f-5302-be4f-e3bb175128c8,approve,ai_review,closed,2026-08-16T05:07:19.320070+05:00,,
249,38634255-032f-5302-be4f-e3bb175128c8,issue,,issued,2026-08-16T07:38:23.340592+05:00,Шум и нагрев подшипникового узла привода,
249,75808db3-d714-5bc1-8824-97b2c7c6f097,accept,issued,accepted,2026-08-16T07:42:17.790450+05:00,,
249,75808db3-d714-5bc1-8824-97b2c7c6f097,start,accepted,in_progress,2026-08-16T07:48:10.076567+05:00,,
249,75808db3-d714-5bc1-8824-97b2c7c6f097,pause,in_progress,paused,2026-08-16T09:13:03.059931+05:00,,ждёт допуска
249,75808db3-d714-5bc1-8824-97b2c7c6f097,start,paused,in_progress,2026-08-16T11:09:38.183821+05:00,,
249,75808db3-d714-5bc1-8824-97b2c7c6f097,complete,in_progress,done,2026-08-16T13:16:57.658867+05:00,"Заменён подшипник, узел промыт и смазан, проверено на холостом ходу",
249,,ai_verdict,done,ai_review,2026-08-16T13:18:45.713655+05:00,,
249,38634255-032f-5302-be4f-e3bb175128c8,approve,ai_review,closed,2026-08-16T13:58:42.065129+05:00,,
250,c8297387-4c37-53d3-8120-a214ac80359e,issue,,issued,2026-08-16T08:37:46.161765+05:00,"Плановый ремонт (ППР): Компрессор ВК-10 — осмотр, смазка, подтяжка креплений, замена изношенных элементов",
250,30c23f9b-3046-52c7-aa98-4ded8e8f73ec,accept,issued,accepted,2026-08-16T08:48:56.488127+05:00,,
250,30c23f9b-3046-52c7-aa98-4ded8e8f73ec,start,accepted,in_progress,2026-08-16T09:00:53.727468+05:00,,
250,30c23f9b-3046-52c7-aa98-4ded8e8f73ec,complete,in_progress,done,2026-08-16T10:52:25.106034+05:00,"Выполнен ППР: Компрессор ВК-10 — осмотр, смазка узлов, подтяжка креплений",
250,,ai_verdict,done,ai_review,2026-08-16T10:55:08.863597+05:00,,
250,c8297387-4c37-53d3-8120-a214ac80359e,approve,ai_review,closed,2026-08-16T11:10:04.962381+05:00,,
251,c8297387-4c37-53d3-8120-a214ac80359e,issue,,issued,2026-08-16T08:41:38.528479+05:00,"Плановый ремонт (ППР): Сепаратор пневматический СП-1 — осмотр, смазка, подтяжка креплений, замена изношенных элементов",
251,4cd857ba-990a-5264-9b16-d26a06a3e6f4,accept,issued,accepted,2026-08-16T08:51:29.452728+05:00,,
251,4cd857ba-990a-5264-9b16-d26a06a3e6f4,start,accepted,in_progress,2026-08-16T08:57:32.591029+05:00,,
251,4cd857ba-990a-5264-9b16-d26a06a3e6f4,complete,in_progress,done,2026-08-16T10:37:43.361754+05:00,"Выполнен ППР: Сепаратор пневматический СП-1 — осмотр, смазка узлов, подтяжка креплений",
251,,ai_verdict,done,ai_review,2026-08-16T10:40:13.903799+05:00,,
251,c8297387-4c37-53d3-8120-a214ac80359e,approve,ai_review,closed,2026-08-16T11:15:28.392705+05:00,,
252,c8297387-4c37-53d3-8120-a214ac80359e,issue,,issued,2026-08-16T09:02:44.799424+05:00,"Плановый ремонт (ППР): Грохот ГИТ-51 №1 — осмотр, смазка, подтяжка креплений, замена изношенных элементов",
252,79413058-e2c0-5b03-adfb-a2a01c58f0d5,accept,issued,accepted,2026-08-16T09:07:31.057184+05:00,,
252,79413058-e2c0-5b03-adfb-a2a01c58f0d5,start,accepted,in_progress,2026-08-16T09:15:19.574063+05:00,,
252,79413058-e2c0-5b03-adfb-a2a01c58f0d5,complete,in_progress,done,2026-08-16T14:28:08.007099+05:00,"Выполнен ППР: Грохот ГИТ-51 №1 — осмотр, смазка узлов, подтяжка креплений",
252,,ai_verdict,done,ai_review,2026-08-16T14:30:16.230179+05:00,,
252,c8297387-4c37-53d3-8120-a214ac80359e,approve,ai_review,closed,2026-08-16T15:10:24.176839+05:00,,
253,c8297387-4c37-53d3-8120-a214ac80359e,issue,,issued,2026-08-16T09:46:25.137534+05:00,"Плановый ремонт (ППР): Конвейер К-2 — осмотр, смазка, подтяжка креплений, замена изношенных элементов",
253,4d9937c4-06fe-581d-bbee-b905cacaf2cc,accept,issued,accepted,2026-08-16T09:58:45.114921+05:00,,
253,4d9937c4-06fe-581d-bbee-b905cacaf2cc,start,accepted,in_progress,2026-08-16T10:00:50.781227+05:00,,
253,4d9937c4-06fe-581d-bbee-b905cacaf2cc,pause,in_progress,paused,2026-08-16T11:54:02.059267+05:00,,ждёт допуска
253,4d9937c4-06fe-581d-bbee-b905cacaf2cc,start,paused,in_progress,2026-08-16T13:14:47.704288+05:00,,
253,4d9937c4-06fe-581d-bbee-b905cacaf2cc,complete,in_progress,done,2026-08-16T16:04:34.621348+05:00,"Выполнен ППР: Конвейер К-2 — осмотр, смазка узлов, подтяжка креплений",
253,,ai_verdict,done,ai_review,2026-08-16T16:05:59.233881+05:00,,
253,c8297387-4c37-53d3-8120-a214ac80359e,approve,ai_review,closed,2026-08-16T16:50:16.085740+05:00,,
254,c8297387-4c37-53d3-8120-a214ac80359e,issue,,issued,2026-08-16T09:50:58.156518+05:00,"Плановый ремонт (ППР): Компрессор ВК-20 — осмотр, смазка, подтяжка креплений, замена изношенных элементов",
254,4cd857ba-990a-5264-9b16-d26a06a3e6f4,accept,issued,accepted,2026-08-16T09:59:28.014373+05:00,,
254,4cd857ba-990a-5264-9b16-d26a06a3e6f4,start,accepted,in_progress,2026-08-16T10:08:04.074475+05:00,,
254,4cd857ba-990a-5264-9b16-d26a06a3e6f4,complete,in_progress,done,2026-08-16T11:53:59.933544+05:00,"Выполнен ППР: Компрессор ВК-20 — осмотр, смазка узлов, подтяжка креплений",
254,,ai_verdict,done,ai_review,2026-08-16T11:55:04.209090+05:00,,
254,c8297387-4c37-53d3-8120-a214ac80359e,approve,ai_review,closed,2026-08-16T12:14:02.547417+05:00,,
255,c8297387-4c37-53d3-8120-a214ac80359e,issue,,issued,2026-08-17T08:37:36.787687+05:00,"Плановый ремонт (ППР): Насос ГрАТ-450 №2 — осмотр, смазка, подтяжка креплений, замена изношенных элементов",
255,4d9937c4-06fe-581d-bbee-b905cacaf2cc,accept,issued,accepted,2026-08-17T08:42:21.664892+05:00,,
255,4d9937c4-06fe-581d-bbee-b905cacaf2cc,start,accepted,in_progress,2026-08-17T08:44:54.385566+05:00,,
255,4d9937c4-06fe-581d-bbee-b905cacaf2cc,complete,in_progress,done,2026-08-17T14:34:41.100150+05:00,"Выполнен ППР: Насос ГрАТ-450 №2 — осмотр, смазка узлов, подтяжка креплений",
255,,ai_verdict,done,ai_review,2026-08-17T14:37:11.299282+05:00,,
255,c8297387-4c37-53d3-8120-a214ac80359e,approve,ai_review,closed,2026-08-17T15:10:33.623182+05:00,,
256,c8297387-4c37-53d3-8120-a214ac80359e,issue,,issued,2026-08-17T09:14:34.685556+05:00,"Плановый ремонт (ППР): Дробилка КМД-1750 — осмотр, смазка, подтяжка креплений, замена изношенных элементов",
256,4d9937c4-06fe-581d-bbee-b905cacaf2cc,accept,issued,accepted,2026-08-17T09:20:46.788673+05:00,,
256,4d9937c4-06fe-581d-bbee-b905cacaf2cc,start,accepted,in_progress,2026-08-17T09:23:28.259108+05:00,,
256,4d9937c4-06fe-581d-bbee-b905cacaf2cc,complete,in_progress,done,2026-08-17T17:53:13.113835+05:00,"Выполнен ППР: Дробилка КМД-1750 — осмотр, смазка узлов, подтяжка креплений",
256,,ai_verdict,done,ai_review,2026-08-17T17:55:45.012288+05:00,,
256,c8297387-4c37-53d3-8120-a214ac80359e,approve,ai_review,closed,2026-08-17T18:10:12.910509+05:00,,
257,c8297387-4c37-53d3-8120-a214ac80359e,issue,,issued,2026-08-17T09:14:48.070035+05:00,"Плановый ремонт (ППР): Конвейер К-7 — осмотр, смазка, подтяжка креплений, замена изношенных элементов",
257,4d9937c4-06fe-581d-bbee-b905cacaf2cc,accept,issued,accepted,2026-08-17T09:23:26.075805+05:00,,
257,4d9937c4-06fe-581d-bbee-b905cacaf2cc,start,accepted,in_progress,2026-08-17T09:42:54.063194+05:00,,
257,4d9937c4-06fe-581d-bbee-b905cacaf2cc,complete,in_progress,done,2026-08-17T14:15:06.893345+05:00,"Выполнен ППР: Конвейер К-7 — осмотр, смазка узлов, подтяжка креплений",
257,,ai_verdict,done,ai_review,2026-08-17T14:16:47.163443+05:00,,
257,c8297387-4c37-53d3-8120-a214ac80359e,approve,ai_review,closed,2026-08-17T14:28:01.041671+05:00,,
258,c8297387-4c37-53d3-8120-a214ac80359e,issue,,issued,2026-08-17T09:26:36.200454+05:00,Течь масла из-под уплотнения,
258,48146e97-4033-5976-9433-13e5009595cb,accept,issued,accepted,2026-08-17T09:27:52.762919+05:00,,
258,48146e97-4033-5976-9433-13e5009595cb,start,accepted,in_progress,2026-08-17T09:47:52.485431+05:00,,
258,48146e97-4033-5976-9433-13e5009595cb,complete,in_progress,done,2026-08-17T11:37:27.000279+05:00,"Заменены уплотнения, долито масло, течь устранена",
258,,ai_verdict,done,ai_review,2026-08-17T11:38:53.532813+05:00,,
258,c8297387-4c37-53d3-8120-a214ac80359e,approve,ai_review,closed,2026-08-17T12:16:06.955126+05:00,,
259,c8297387-4c37-53d3-8120-a214ac80359e,issue,,issued,2026-08-17T09:32:59.335881+05:00,"Плановый ремонт (ППР): Гидропресс П-6326 — осмотр, смазка, подтяжка креплений, замена изношенных элементов",
259,30c23f9b-3046-52c7-aa98-4ded8e8f73ec,accept,issued,accepted,2026-08-17T09:39:23.247821+05:00,,
259,30c23f9b-3046-52c7-aa98-4ded8e8f73ec,start,accepted,in_progress,2026-08-17T09:42:00.300900+05:00,,
259,30c23f9b-3046-52c7-aa98-4ded8e8f73ec,complete,in_progress,done,2026-08-17T12:49:03.149063+05:00,"Выполнен ППР: Гидропресс П-6326 — осмотр, смазка узлов, подтяжка креплений",
259,,ai_verdict,done,ai_review,2026-08-17T12:51:06.795973+05:00,,
259,c8297387-4c37-53d3-8120-a214ac80359e,approve,ai_review,closed,2026-08-17T13:48:09.148935+05:00,,
260,c8297387-4c37-53d3-8120-a214ac80359e,issue,,issued,2026-08-17T09:49:58.661024+05:00,"Плановый ремонт (ППР): Насос ГрАТ-450 №1 — осмотр, смазка, подтяжка креплений, замена изношенных элементов",
260,2f23346e-8eed-5645-a1b2-d929d4517246,accept,issued,accepted,2026-08-17T09:56:41.646257+05:00,,
260,2f23346e-8eed-5645-a1b2-d929d4517246,start,accepted,in_progress,2026-08-17T10:16:39.953493+05:00,,
260,2f23346e-8eed-5645-a1b2-d929d4517246,pause,in_progress,paused,2026-08-17T11:10:45.570053+05:00,,ждёт остановки оборудования
260,2f23346e-8eed-5645-a1b2-d929d4517246,start,paused,in_progress,2026-08-17T13:10:35.861142+05:00,,
260,2f23346e-8eed-5645-a1b2-d929d4517246,complete,in_progress,done,2026-08-17T14:31:44.285981+05:00,"Выполнен ППР: Насос ГрАТ-450 №1 — осмотр, смазка узлов, подтяжка креплений",
260,,ai_verdict,done,ai_review,2026-08-17T14:34:39.103838+05:00,,
260,c8297387-4c37-53d3-8120-a214ac80359e,approve,ai_review,closed,2026-08-17T14:58:29.735780+05:00,,
261,38634255-032f-5302-be4f-e3bb175128c8,issue,,issued,2026-08-17T23:50:23.896510+05:00,"Стук, откручиваются болты опоры",
261,4cd857ba-990a-5264-9b16-d26a06a3e6f4,accept,issued,accepted,2026-08-17T23:55:17.775197+05:00,,
261,4cd857ba-990a-5264-9b16-d26a06a3e6f4,start,accepted,in_progress,2026-08-18T00:08:17.338324+05:00,,
261,4cd857ba-990a-5264-9b16-d26a06a3e6f4,complete,in_progress,done,2026-08-18T01:37:01.767481+05:00,"Подтянуты и заменены крепления, проверена вибрация",
261,,ai_verdict,done,ai_review,2026-08-18T01:38:09.678539+05:00,,
261,38634255-032f-5302-be4f-e3bb175128c8,approve,ai_review,closed,2026-08-18T02:13:44.839316+05:00,,
262,38634255-032f-5302-be4f-e3bb175128c8,issue,,issued,2026-08-18T00:23:03.856743+05:00,Срабатывает тепловая защита,
262,afebbbfd-2a78-5649-81b2-ad4f458ca374,accept,issued,accepted,2026-08-18T00:29:15.163189+05:00,,
262,afebbbfd-2a78-5649-81b2-ad4f458ca374,start,accepted,in_progress,2026-08-18T00:43:23.136264+05:00,,
262,afebbbfd-2a78-5649-81b2-ad4f458ca374,pause,in_progress,paused,2026-08-18T01:01:01.107305+05:00,,ждёт остановки оборудования
262,afebbbfd-2a78-5649-81b2-ad4f458ca374,start,paused,in_progress,2026-08-18T02:19:07.218058+05:00,,
262,afebbbfd-2a78-5649-81b2-ad4f458ca374,complete,in_progress,done,2026-08-18T02:45:34.174620+05:00,"Заменён автомат, проверена нагрузка, защита отрегулирована",
262,,ai_verdict,done,ai_review,2026-08-18T02:48:05.446281+05:00,,
262,38634255-032f-5302-be4f-e3bb175128c8,approve,ai_review,closed,2026-08-18T03:00:34.573206+05:00,,
263,38634255-032f-5302-be4f-e3bb175128c8,issue,,issued,2026-08-18T02:31:13.466617+05:00,"Вибрация, подшипник греется выше 80 °C",
263,4cd857ba-990a-5264-9b16-d26a06a3e6f4,accept,issued,accepted,2026-08-18T02:35:41.814852+05:00,,
263,4cd857ba-990a-5264-9b16-d26a06a3e6f4,start,accepted,in_progress,2026-08-18T02:47:56.507142+05:00,,
263,4cd857ba-990a-5264-9b16-d26a06a3e6f4,complete,in_progress,done,2026-08-18T04:40:43.270997+05:00,"Заменён подшипник, узел промыт и смазан, проверено на холостом ходу",
263,,ai_verdict,done,ai_review,2026-08-18T04:42:13.668683+05:00,,
263,38634255-032f-5302-be4f-e3bb175128c8,approve,ai_review,closed,2026-08-18T05:20:06.465745+05:00,,
264,c8297387-4c37-53d3-8120-a214ac80359e,issue,,issued,2026-08-18T08:19:12.874907+05:00,"Плановый ремонт (ППР): Насос ГрАТ-450 №3 — осмотр, смазка, подтяжка креплений, замена изношенных элементов",
264,4d9937c4-06fe-581d-bbee-b905cacaf2cc,accept,issued,accepted,2026-08-18T08:32:08.041518+05:00,,
264,4d9937c4-06fe-581d-bbee-b905cacaf2cc,start,accepted,in_progress,2026-08-18T08:48:13.037226+05:00,,
264,4d9937c4-06fe-581d-bbee-b905cacaf2cc,complete,in_progress,done,2026-08-18T10:08:39.884653+05:00,"Выполнен ППР: Насос ГрАТ-450 №3 — осмотр, смазка узлов, подтяжка креплений",
264,,ai_verdict,done,ai_review,2026-08-18T10:10:21.058649+05:00,,
264,c8297387-4c37-53d3-8120-a214ac80359e,approve,ai_review,closed,2026-08-18T10:36:30.252057+05:00,,
265,c8297387-4c37-53d3-8120-a214ac80359e,issue,,issued,2026-08-18T08:22:27.831238+05:00,"Плановый ремонт (ППР): Сушильный барабан СБ-1 — осмотр, смазка, подтяжка креплений, замена изношенных элементов",
265,2f23346e-8eed-5645-a1b2-d929d4517246,accept,issued,accepted,2026-08-18T08:32:40.242559+05:00,,
265,2f23346e-8eed-5645-a1b2-d929d4517246,start,accepted,in_progress,2026-08-18T08:47:08.438648+05:00,,
265,2f23346e-8eed-5645-a1b2-d929d4517246,complete,in_progress,done,2026-08-18T15:07:03.825116+05:00,"Выполнен ППР: Сушильный барабан СБ-1 — осмотр, смазка узлов, подтяжка креплений",
265,,ai_verdict,done,ai_review,2026-08-18T15:08:12.777902+05:00,,
265,c8297387-4c37-53d3-8120-a214ac80359e,approve,ai_review,closed,2026-08-18T15:27:25.320826+05:00,,
266,c8297387-4c37-53d3-8120-a214ac80359e,issue,,issued,2026-08-18T09:25:18.807543+05:00,"Плановый ремонт (ППР): Вентилятор ВМ-12 — осмотр, смазка, подтяжка креплений, замена изношенных элементов",
266,75808db3-d714-5bc1-8824-97b2c7c6f097,accept,issued,accepted,2026-08-18T09:28:15.998782+05:00,,
266,75808db3-d714-5bc1-8824-97b2c7c6f097,start,accepted,in_progress,2026-08-18T09:46:02.415594+05:00,,
266,75808db3-d714-5bc1-8824-97b2c7c6f097,pause,in_progress,paused,2026-08-18T10:32:16.797433+05:00,,ждёт запчасти со склада
266,75808db3-d714-5bc1-8824-97b2c7c6f097,start,paused,in_progress,2026-08-18T11:02:39.154542+05:00,,
266,75808db3-d714-5bc1-8824-97b2c7c6f097,complete,in_progress,done,2026-08-18T12:12:00.727300+05:00,"Выполнен ППР: Вентилятор ВМ-12 — осмотр, смазка узлов, подтяжка креплений",
266,,ai_verdict,done,ai_review,2026-08-18T12:14:02.572738+05:00,,
266,c8297387-4c37-53d3-8120-a214ac80359e,approve,ai_review,closed,2026-08-18T12:33:48.028543+05:00,,
267,c8297387-4c37-53d3-8120-a214ac80359e,issue,,issued,2026-08-18T19:15:38.810132+05:00,Шум и нагрев подшипникового узла привода,
267,4d9937c4-06fe-581d-bbee-b905cacaf2cc,accept,issued,accepted,2026-08-18T19:24:38.504524+05:00,,
267,4d9937c4-06fe-581d-bbee-b905cacaf2cc,start,accepted,in_progress,2026-08-18T19:34:29.135742+05:00,,
267,4d9937c4-06fe-581d-bbee-b905cacaf2cc,complete,in_progress,done,2026-08-18T23:25:06.874645+05:00,"Заменён подшипник, узел промыт и смазан, проверено на холостом ходу",
267,,ai_verdict,done,ai_review,2026-08-18T23:26:22.134972+05:00,,
267,c8297387-4c37-53d3-8120-a214ac80359e,approve,ai_review,closed,2026-08-18T23:52:46.467705+05:00,,
268,38634255-032f-5302-be4f-e3bb175128c8,issue,,issued,2026-08-19T00:32:44.183651+05:00,"Снижение производительности насоса, вибрация",
268,79413058-e2c0-5b03-adfb-a2a01c58f0d5,queue,issued,queued,2026-08-19T00:39:15.071737+05:00,,
268,79413058-e2c0-5b03-adfb-a2a01c58f0d5,start,queued,in_progress,2026-08-19T02:20:13.261441+05:00,,
268,79413058-e2c0-5b03-adfb-a2a01c58f0d5,pause,in_progress,paused,2026-08-19T03:06:30.862229+05:00,,ждёт остановки оборудования
268,79413058-e2c0-5b03-adfb-a2a01c58f0d5,start,paused,in_progress,2026-08-19T03:50:11.018476+05:00,,
268,79413058-e2c0-5b03-adfb-a2a01c58f0d5,complete,in_progress,done,2026-08-19T04:59:37.419658+05:00,"Заменено рабочее колесо, уплотнения, насос опробован",
268,,ai_verdict,done,ai_review,2026-08-19T05:02:03.876325+05:00,,
268,38634255-032f-5302-be4f-e3bb175128c8,approve,ai_review,closed,2026-08-19T05:12:23.641496+05:00,,
269,38634255-032f-5302-be4f-e3bb175128c8,issue,,issued,2026-08-19T03:34:24.549400+05:00,"Двигатель не запускается, запах гари",
269,524bebbe-f703-5521-8e9d-5a3e54fbbf10,accept,issued,accepted,2026-08-19T03:37:08.207490+05:00,,
269,524bebbe-f703-5521-8e9d-5a3e54fbbf10,start,accepted,in_progress,2026-08-19T03:53:37.838609+05:00,,
269,524bebbe-f703-5521-8e9d-5a3e54fbbf10,complete,in_progress,done,2026-08-19T10:20:52.408275+05:00,"Заменены подшипники двигателя, проверены обмотки, пуск в норме",
269,,ai_verdict,done,ai_review,2026-08-19T10:22:09.948633+05:00,,
269,38634255-032f-5302-be4f-e3bb175128c8,approve,ai_review,closed,2026-08-19T10:50:10.163753+05:00,,
270,c8297387-4c37-53d3-8120-a214ac80359e,issue,,issued,2026-08-19T08:18:37.455403+05:00,"Падение напора, шум в улитке насоса",
270,4cd857ba-990a-5264-9b16-d26a06a3e6f4,accept,issued,accepted,2026-08-19T08:24:01.481618+05:00,,
270,4cd857ba-990a-5264-9b16-d26a06a3e6f4,start,accepted,in_progress,2026-08-19T08:34:20.035416+05:00,,
270,4cd857ba-990a-5264-9b16-d26a06a3e6f4,complete,in_progress,done,2026-08-19T13:12:16.789478+05:00,"Заменено рабочее колесо, уплотнения, насос опробован",
270,,ai_verdict,done,ai_review,2026-08-19T13:14:46.476873+05:00,,
270,c8297387-4c37-53d3-8120-a214ac80359e,approve,ai_review,closed,2026-08-19T14:08:40.191606+05:00,,
271,c8297387-4c37-53d3-8120-a214ac80359e,issue,,issued,2026-08-19T08:29:08.206837+05:00,"Плановый ремонт (ППР): Сварочный пост СП-2 — осмотр, смазка, подтяжка креплений, замена изношенных элементов",
271,30c23f9b-3046-52c7-aa98-4ded8e8f73ec,accept,issued,accepted,2026-08-19T08:42:04.430058+05:00,,
271,30c23f9b-3046-52c7-aa98-4ded8e8f73ec,start,accepted,in_progress,2026-08-19T08:55:26.824780+05:00,,
271,30c23f9b-3046-52c7-aa98-4ded8e8f73ec,complete,in_progress,done,2026-08-19T11:30:33.945969+05:00,"Выполнен ППР: Сварочный пост СП-2 — осмотр, смазка узлов, подтяжка креплений",
271,,ai_verdict,done,ai_review,2026-08-19T11:33:06.543630+05:00,,
271,c8297387-4c37-53d3-8120-a214ac80359e,approve,ai_review,closed,2026-08-19T11:58:58.376478+05:00,,
272,c8297387-4c37-53d3-8120-a214ac80359e,issue,,issued,2026-08-19T08:30:50.702624+05:00,"Плановый ремонт (ППР): Дымосос ДН-15 — осмотр, смазка, подтяжка креплений, замена изношенных элементов",
272,79413058-e2c0-5b03-adfb-a2a01c58f0d5,accept,issued,accepted,2026-08-19T08:33:58.143558+05:00,,
272,79413058-e2c0-5b03-adfb-a2a01c58f0d5,start,accepted,in_progress,2026-08-19T08:41:32.647528+05:00,,
272,79413058-e2c0-5b03-adfb-a2a01c58f0d5,complete,in_progress,done,2026-08-19T11:26:32.672714+05:00,"Выполнен ППР: Дымосос ДН-15 — осмотр, смазка узлов, подтяжка креплений",
272,,ai_verdict,done,ai_review,2026-08-19T11:27:37.002276+05:00,,
272,c8297387-4c37-53d3-8120-a214ac80359e,approve,ai_review,closed,2026-08-19T11:46:33.476372+05:00,,
273,c8297387-4c37-53d3-8120-a214ac80359e,issue,,issued,2026-08-19T12:29:21.669124+05:00,"Перегрев компрессора, выбивает защиту",
273,2f23346e-8eed-5645-a1b2-d929d4517246,accept,issued,accepted,2026-08-19T12:42:37.252111+05:00,,
273,2f23346e-8eed-5645-a1b2-d929d4517246,start,accepted,in_progress,2026-08-19T12:49:04.280807+05:00,,
273,2f23346e-8eed-5645-a1b2-d929d4517246,complete,in_progress,done,2026-08-19T18:30:30.923626+05:00,"Заменены ремни, масло, уплотнения, компрессор опробован",
273,,ai_verdict,done,ai_review,2026-08-19T18:33:16.387184+05:00,,
273,c8297387-4c37-53d3-8120-a214ac80359e,approve,ai_review,closed,2026-08-19T19:12:33.017964+05:00,,
274,c8297387-4c37-53d3-8120-a214ac80359e,issue,,issued,2026-08-19T12:37:00.257153+05:00,"Вибрация, ослабли крепления рамы",
274,30c23f9b-3046-52c7-aa98-4ded8e8f73ec,accept,issued,accepted,2026-08-19T12:40:22.939045+05:00,,
274,30c23f9b-3046-52c7-aa98-4ded8e8f73ec,start,accepted,in_progress,2026-08-19T12:52:15.469131+05:00,,
274,30c23f9b-3046-52c7-aa98-4ded8e8f73ec,complete,in_progress,done,2026-08-19T14:05:28.045589+05:00,"Подтянуты и заменены крепления, проверена вибрация",
274,,ai_verdict,done,ai_review,2026-08-19T14:08:13.114383+05:00,,
274,c8297387-4c37-53d3-8120-a214ac80359e,approve,ai_review,closed,2026-08-19T14:25:51.103723+05:00,,
275,c8297387-4c37-53d3-8120-a214ac80359e,issue,,issued,2026-08-20T08:13:30.702726+05:00,"Плановый ремонт (ППР): Кран мостовой 10 т — осмотр, смазка, подтяжка креплений, замена изношенных элементов",
275,4cd857ba-990a-5264-9b16-d26a06a3e6f4,accept,issued,accepted,2026-08-20T08:18:25.361983+05:00,,
275,4cd857ba-990a-5264-9b16-d26a06a3e6f4,start,accepted,in_progress,2026-08-20T08:31:31.716607+05:00,,
275,4cd857ba-990a-5264-9b16-d26a06a3e6f4,complete,in_progress,done,2026-08-20T11:13:30.339929+05:00,"Выполнен ППР: Кран мостовой 10 т — осмотр, смазка узлов, подтяжка креплений",
275,,ai_verdict,done,ai_review,2026-08-20T11:15:32.388061+05:00,,
275,c8297387-4c37-53d3-8120-a214ac80359e,approve,ai_review,closed,2026-08-20T11:37:58.228851+05:00,,
276,c8297387-4c37-53d3-8120-a214ac80359e,issue,,issued,2026-08-20T09:22:13.282086+05:00,"Плановый ремонт (ППР): Дробилка ККД-1500 — осмотр, смазка, подтяжка креплений, замена изношенных элементов",
276,30c23f9b-3046-52c7-aa98-4ded8e8f73ec,accept,issued,accepted,2026-08-20T09:30:42.271581+05:00,,
276,30c23f9b-3046-52c7-aa98-4ded8e8f73ec,start,accepted,in_progress,2026-08-20T09:34:53.461689+05:00,,
276,30c23f9b-3046-52c7-aa98-4ded8e8f73ec,complete,in_progress,done,2026-08-20T17:20:39.193576+05:00,"Выполнен ППР: Дробилка ККД-1500 — осмотр, смазка узлов, подтяжка креплений",
276,,ai_verdict,done,ai_review,2026-08-20T17:21:58.067249+05:00,,
276,c8297387-4c37-53d3-8120-a214ac80359e,approve,ai_review,closed,2026-08-20T17:57:04.184290+05:00,,
277,c8297387-4c37-53d3-8120-a214ac80359e,issue,,issued,2026-08-20T09:45:03.120884+05:00,"Плановый ремонт (ППР): Конвейер К-1 — осмотр, смазка, подтяжка креплений, замена изношенных элементов",
277,4d9937c4-06fe-581d-bbee-b905cacaf2cc,accept,issued,accepted,2026-08-20T09:52:00.711804+05:00,,
277,4d9937c4-06fe-581d-bbee-b905cacaf2cc,start,accepted,in_progress,2026-08-20T10:10:30.854982+05:00,,
277,4d9937c4-06fe-581d-bbee-b905cacaf2cc,complete,in_progress,done,2026-08-20T12:53:53.318938+05:00,"Выполнен ППР: Конвейер К-1 — осмотр, смазка узлов, подтяжка креплений",
277,,ai_verdict,done,ai_review,2026-08-20T12:56:48.055331+05:00,,
277,c8297387-4c37-53d3-8120-a214ac80359e,approve,ai_review,closed,2026-08-20T13:34:28.926418+05:00,,
278,c8297387-4c37-53d3-8120-a214ac80359e,issue,,issued,2026-08-20T09:59:47.164198+05:00,"Плановый ремонт (ППР): Конвейер К-3 — осмотр, смазка, подтяжка креплений, замена изношенных элементов",
278,30c23f9b-3046-52c7-aa98-4ded8e8f73ec,accept,issued,accepted,2026-08-20T10:05:45.870047+05:00,,
278,30c23f9b-3046-52c7-aa98-4ded8e8f73ec,start,accepted,in_progress,2026-08-20T10:23:14.839605+05:00,,
278,30c23f9b-3046-52c7-aa98-4ded8e8f73ec,complete,in_progress,done,2026-08-20T15:08:44.238943+05:00,"Выполнен ППР: Конвейер К-3 — осмотр, смазка узлов, подтяжка креплений",
278,,ai_verdict,done,ai_review,2026-08-20T15:11:12.273139+05:00,,
278,c8297387-4c37-53d3-8120-a214ac80359e,approve,ai_review,closed,2026-08-20T15:27:40.931948+05:00,,
279,c8297387-4c37-53d3-8120-a214ac80359e,issue,,issued,2026-08-20T19:45:49.276835+05:00,Не подаётся смазка на узлы,
279,2f23346e-8eed-5645-a1b2-d929d4517246,accept,issued,accepted,2026-08-20T19:49:11.721316+05:00,,
279,2f23346e-8eed-5645-a1b2-d929d4517246,start,accepted,in_progress,2026-08-20T20:03:44.449083+05:00,,
279,2f23346e-8eed-5645-a1b2-d929d4517246,complete,in_progress,done,2026-08-21T00:07:10.292687+05:00,"Восстановлена подача смазки, заменены РВД и фитинги",
279,,ai_verdict,done,ai_review,2026-08-21T00:08:50.301616+05:00,,
279,c8297387-4c37-53d3-8120-a214ac80359e,approve,ai_review,closed,2026-08-21T00:30:44.850953+05:00,,
280,38634255-032f-5302-be4f-e3bb175128c8,issue,,issued,2026-08-20T22:00:50.261143+05:00,"Перегрев электродвигателя, гул",
280,ee96e203-5cd8-5eb3-be58-94fd2ac2392a,queue,issued,queued,2026-08-20T22:11:02.672535+05:00,,
280,ee96e203-5cd8-5eb3-be58-94fd2ac2392a,start,queued,in_progress,2026-08-21T00:06:16.012879+05:00,,
280,ee96e203-5cd8-5eb3-be58-94fd2ac2392a,complete,in_progress,done,2026-08-21T02:23:56.832250+05:00,"Заменены подшипники двигателя, проверены обмотки, пуск в норме",
280,,ai_verdict,done,ai_review,2026-08-21T02:26:52.037902+05:00,,
280,38634255-032f-5302-be4f-e3bb175128c8,approve,ai_review,closed,2026-08-21T03:12:39.292681+05:00,,
281,c8297387-4c37-53d3-8120-a214ac80359e,issue,,issued,2026-08-21T08:27:45.610653+05:00,"Плановый ремонт (ППР): Сушильный барабан СБ-2 — осмотр, смазка, подтяжка креплений, замена изношенных элементов",
281,75808db3-d714-5bc1-8824-97b2c7c6f097,accept,issued,accepted,2026-08-21T08:42:12.287065+05:00,,
281,75808db3-d714-5bc1-8824-97b2c7c6f097,start,accepted,in_progress,2026-08-21T08:47:05.704607+05:00,,
281,75808db3-d714-5bc1-8824-97b2c7c6f097,complete,in_progress,done,2026-08-21T12:31:45.791897+05:00,"Выполнен ППР: Сушильный барабан СБ-2 — осмотр, смазка узлов, подтяжка креплений",
281,,ai_verdict,done,ai_review,2026-08-21T12:34:14.193983+05:00,,
281,c8297387-4c37-53d3-8120-a214ac80359e,approve,ai_review,closed,2026-08-21T13:13:04.172775+05:00,,
282,c8297387-4c37-53d3-8120-a214ac80359e,issue,,issued,2026-08-21T09:25:58.932859+05:00,"Плановый ремонт (ППР): Грохот ГИТ-51 №2 — осмотр, смазка, подтяжка креплений, замена изношенных элементов",
282,4d9937c4-06fe-581d-bbee-b905cacaf2cc,accept,issued,accepted,2026-08-21T09:32:49.191464+05:00,,
282,4d9937c4-06fe-581d-bbee-b905cacaf2cc,start,accepted,in_progress,2026-08-21T09:37:45.028833+05:00,,
282,4d9937c4-06fe-581d-bbee-b905cacaf2cc,complete,in_progress,done,2026-08-21T12:38:07.181919+05:00,"Выполнен ППР: Грохот ГИТ-51 №2 — осмотр, смазка узлов, подтяжка креплений",
282,,ai_verdict,done,ai_review,2026-08-21T12:39:22.944647+05:00,,
282,c8297387-4c37-53d3-8120-a214ac80359e,approve,ai_review,closed,2026-08-21T13:08:59.443123+05:00,,
283,c8297387-4c37-53d3-8120-a214ac80359e,issue,,issued,2026-08-21T19:30:45.842979+05:00,"Вибрация, подшипник греется выше 80 °C",
283,75808db3-d714-5bc1-8824-97b2c7c6f097,accept,issued,accepted,2026-08-21T19:36:51.724436+05:00,,
283,75808db3-d714-5bc1-8824-97b2c7c6f097,start,accepted,in_progress,2026-08-21T19:46:23.848258+05:00,,
283,75808db3-d714-5bc1-8824-97b2c7c6f097,pause,in_progress,paused,2026-08-21T21:45:12.678690+05:00,,ждёт остановки оборудования
283,75808db3-d714-5bc1-8824-97b2c7c6f097,start,paused,in_progress,2026-08-22T00:08:35.142902+05:00,,
283,75808db3-d714-5bc1-8824-97b2c7c6f097,complete,in_progress,done,2026-08-22T03:06:48.388550+05:00,"Заменён подшипник, узел промыт и смазан, проверено на холостом ходу",
283,,ai_verdict,done,ai_review,2026-08-22T03:08:48.151173+05:00,,
283,c8297387-4c37-53d3-8120-a214ac80359e,approve,ai_review,closed,2026-08-22T03:29:40.811727+05:00,,
284,38634255-032f-5302-be4f-e3bb175128c8,issue,,issued,2026-08-22T04:44:58.801823+05:00,"Стук, откручиваются болты опоры",
284,1c4d0efe-d6e1-5774-af33-096424b68a1d,accept,issued,accepted,2026-08-22T04:52:31.602437+05:00,,
284,1c4d0efe-d6e1-5774-af33-096424b68a1d,start,accepted,in_progress,2026-08-22T05:01:31.060508+05:00,,
284,1c4d0efe-d6e1-5774-af33-096424b68a1d,complete,in_progress,done,2026-08-22T06:40:59.754116+05:00,"Подтянуты и заменены крепления, проверена вибрация",
284,,ai_verdict,done,rework,2026-08-22T06:42:54.138279+05:00,,Работы не соответствуют проблеме / нет фото «после»
284,1c4d0efe-d6e1-5774-af33-096424b68a1d,start,rework,in_progress,2026-08-22T07:41:13.220873+05:00,,
284,1c4d0efe-d6e1-5774-af33-096424b68a1d,complete,in_progress,done,2026-08-22T08:08:13.220873+05:00,"Подтянуты и заменены крепления, проверена вибрация",
284,,ai_verdict,done,ai_review,2026-08-22T08:09:18.239576+05:00,,
284,38634255-032f-5302-be4f-e3bb175128c8,approve,ai_review,closed,2026-08-22T08:25:17.002467+05:00,,
285,c8297387-4c37-53d3-8120-a214ac80359e,issue,,issued,2026-08-22T08:25:59.105611+05:00,"Плановый ремонт (ППР): Рукавный фильтр РФ-1 — осмотр, смазка, подтяжка креплений, замена изношенных элементов",
285,30c23f9b-3046-52c7-aa98-4ded8e8f73ec,accept,issued,accepted,2026-08-22T08:33:35.425901+05:00,,
285,30c23f9b-3046-52c7-aa98-4ded8e8f73ec,start,accepted,in_progress,2026-08-22T08:51:24.729555+05:00,,
285,30c23f9b-3046-52c7-aa98-4ded8e8f73ec,pause,in_progress,paused,2026-08-22T10:01:02.624080+05:00,,ждёт остановки оборудования
285,30c23f9b-3046-52c7-aa98-4ded8e8f73ec,start,paused,in_progress,2026-08-22T11:09:59.027118+05:00,,
285,30c23f9b-3046-52c7-aa98-4ded8e8f73ec,complete,in_progress,done,2026-08-22T12:54:25.868905+05:00,"Выполнен ППР: Рукавный фильтр РФ-1 — осмотр, смазка узлов, подтяжка креплений",
285,,ai_verdict,done,ai_review,2026-08-22T12:55:58.502528+05:00,,
285,c8297387-4c37-53d3-8120-a214ac80359e,approve,ai_review,closed,2026-08-22T13:24:20.521788+05:00,,
286,c8297387-4c37-53d3-8120-a214ac80359e,issue,,issued,2026-08-22T09:31:05.611680+05:00,"Плановый ремонт (ППР): Рукавный фильтр РФ-2 — осмотр, смазка, подтяжка креплений, замена изношенных элементов",
286,79413058-e2c0-5b03-adfb-a2a01c58f0d5,accept,issued,accepted,2026-08-22T09:38:02.846515+05:00,,
286,79413058-e2c0-5b03-adfb-a2a01c58f0d5,start,accepted,in_progress,2026-08-22T09:51:21.837521+05:00,,
286,79413058-e2c0-5b03-adfb-a2a01c58f0d5,complete,in_progress,done,2026-08-22T15:14:48.706427+05:00,"Выполнен ППР: Рукавный фильтр РФ-2 — осмотр, смазка узлов, подтяжка креплений",
286,,ai_verdict,done,ai_review,2026-08-22T15:15:52.431274+05:00,,
286,c8297387-4c37-53d3-8120-a214ac80359e,approve,ai_review,closed,2026-08-22T15:37:45.106312+05:00,,
287,c8297387-4c37-53d3-8120-a214ac80359e,issue,,issued,2026-08-22T09:45:10.618632+05:00,"Плановый ремонт (ППР): Питатель пластинчатый ПП-1 — осмотр, смазка, подтяжка креплений, замена изношенных элементов",
287,30c23f9b-3046-52c7-aa98-4ded8e8f73ec,accept,issued,accepted,2026-08-22T09:56:34.218824+05:00,,
287,30c23f9b-3046-52c7-aa98-4ded8e8f73ec,start,accepted,in_progress,2026-08-22T10:13:11.333162+05:00,,
287,30c23f9b-3046-52c7-aa98-4ded8e8f73ec,complete,in_progress,done,2026-08-22T13:07:03.885591+05:00,"Выполнен ППР: Питатель пластинчатый ПП-1 — осмотр, смазка узлов, подтяжка креплений",
287,,ai_verdict,done,ai_review,2026-08-22T13:09:01.241083+05:00,,
287,c8297387-4c37-53d3-8120-a214ac80359e,approve,ai_review,closed,2026-08-22T13:49:21.078745+05:00,,
288,c8297387-4c37-53d3-8120-a214ac80359e,issue,,issued,2026-08-22T09:45:24.605514+05:00,"Плановый ремонт (ППР): Токарный станок 1М63 — осмотр, смазка, подтяжка креплений, замена изношенных элементов",
288,4cd857ba-990a-5264-9b16-d26a06a3e6f4,accept,issued,accepted,2026-08-22T09:53:07.921111+05:00,,
288,4cd857ba-990a-5264-9b16-d26a06a3e6f4,start,accepted,in_progress,2026-08-22T09:57:38.603151+05:00,,
288,4cd857ba-990a-5264-9b16-d26a06a3e6f4,complete,in_progress,done,2026-08-22T12:48:20.433549+05:00,"Выполнен ППР: Токарный станок 1М63 — осмотр, смазка узлов, подтяжка креплений",
288,,ai_verdict,done,ai_review,2026-08-22T12:49:58.254690+05:00,,
288,c8297387-4c37-53d3-8120-a214ac80359e,approve,ai_review,closed,2026-08-22T13:14:14.773604+05:00,,
289,c8297387-4c37-53d3-8120-a214ac80359e,issue,,issued,2026-08-22T10:55:00.917345+05:00,"Масло в редукторе тёмное, с водой",
289,75808db3-d714-5bc1-8824-97b2c7c6f097,accept,issued,accepted,2026-08-22T11:05:25.785603+05:00,,
289,75808db3-d714-5bc1-8824-97b2c7c6f097,start,accepted,in_progress,2026-08-22T11:19:56.616909+05:00,,
289,75808db3-d714-5bc1-8824-97b2c7c6f097,complete,in_progress,done,2026-08-22T12:48:45.139024+05:00,"Масло заменено, редуктор промыт",
289,,ai_verdict,done,ai_review,2026-08-22T12:51:30.359291+05:00,,
289,c8297387-4c37-53d3-8120-a214ac80359e,approve,ai_review,closed,2026-08-22T13:02:22.051631+05:00,,
290,c8297387-4c37-53d3-8120-a214ac80359e,issue,,issued,2026-08-22T19:41:27.116858+05:00,Компрессор не набирает давление,
290,1c4d0efe-d6e1-5774-af33-096424b68a1d,accept,issued,accepted,2026-08-22T19:50:59.743546+05:00,,
290,1c4d0efe-d6e1-5774-af33-096424b68a1d,start,accepted,in_progress,2026-08-22T19:55:22.446755+05:00,,
290,1c4d0efe-d6e1-5774-af33-096424b68a1d,complete,in_progress,done,2026-08-23T03:06:26.922855+05:00,"Заменены ремни, масло, уплотнения, компрессор опробован",
290,,ai_verdict,done,rework,2026-08-23T03:07:47.952157+05:00,,Работы не соответствуют проблеме / нет фото «после»
290,1c4d0efe-d6e1-5774-af33-096424b68a1d,start,rework,in_progress,2026-08-23T03:55:41.952648+05:00,,
290,1c4d0efe-d6e1-5774-af33-096424b68a1d,complete,in_progress,done,2026-08-23T05:07:41.952648+05:00,"Заменены ремни, масло, уплотнения, компрессор опробован",
290,,ai_verdict,done,ai_review,2026-08-23T05:08:55.549687+05:00,,
290,c8297387-4c37-53d3-8120-a214ac80359e,approve,ai_review,closed,2026-08-23T05:28:15.002342+05:00,,
291,38634255-032f-5302-be4f-e3bb175128c8,issue,,issued,2026-08-22T21:09:58.082269+05:00,"Вибрация, подшипник греется выше 80 °C",
291,4d9937c4-06fe-581d-bbee-b905cacaf2cc,accept,issued,accepted,2026-08-22T21:13:27.427956+05:00,,
291,4d9937c4-06fe-581d-bbee-b905cacaf2cc,start,accepted,in_progress,2026-08-22T21:25:33.670167+05:00,,
291,4d9937c4-06fe-581d-bbee-b905cacaf2cc,complete,in_progress,done,2026-08-23T01:16:53.341236+05:00,"Заменён подшипник, узел промыт и смазан, проверено на холостом ходу",
291,,ai_verdict,done,ai_review,2026-08-23T01:18:47.962911+05:00,,
291,38634255-032f-5302-be4f-e3bb175128c8,approve,ai_review,closed,2026-08-23T01:36:10.353968+05:00,,
292,c8297387-4c37-53d3-8120-a214ac80359e,issue,,issued,2026-08-23T08:12:18.549939+05:00,"Плановый ремонт (ППР): Конвейер К-2 — осмотр, смазка, подтяжка креплений, замена изношенных элементов",
292,4cd857ba-990a-5264-9b16-d26a06a3e6f4,accept,issued,accepted,2026-08-23T08:27:07.542500+05:00,,
292,4cd857ba-990a-5264-9b16-d26a06a3e6f4,start,accepted,in_progress,2026-08-23T08:39:32.963871+05:00,,
292,4cd857ba-990a-5264-9b16-d26a06a3e6f4,complete,in_progress,done,2026-08-23T12:49:45.885985+05:00,"Выполнен ППР: Конвейер К-2 — осмотр, смазка узлов, подтяжка креплений",
292,,ai_verdict,done,ai_review,2026-08-23T12:51:36.371315+05:00,,
292,c8297387-4c37-53d3-8120-a214ac80359e,approve,ai_review,closed,2026-08-23T13:32:40.721389+05:00,,
293,c8297387-4c37-53d3-8120-a214ac80359e,issue,,issued,2026-08-23T08:36:04.132802+05:00,"Стук, откручиваются болты опоры",
293,4cd857ba-990a-5264-9b16-d26a06a3e6f4,accept,issued,accepted,2026-08-23T08:40:01.844674+05:00,,
293,4cd857ba-990a-5264-9b16-d26a06a3e6f4,start,accepted,in_progress,2026-08-23T08:45:25.397829+05:00,,
293,4cd857ba-990a-5264-9b16-d26a06a3e6f4,complete,in_progress,done,2026-08-23T10:16:05.289158+05:00,"Подтянуты и заменены крепления, проверена вибрация",
293,,ai_verdict,done,ai_review,2026-08-23T10:17:43.360875+05:00,,
293,c8297387-4c37-53d3-8120-a214ac80359e,approve,ai_review,closed,2026-08-23T10:28:18.038465+05:00,,
294,c8297387-4c37-53d3-8120-a214ac80359e,issue,,issued,2026-08-23T08:37:55.658849+05:00,"Плановый ремонт (ППР): Компрессор ВК-20 — осмотр, смазка, подтяжка креплений, замена изношенных элементов",
294,4d9937c4-06fe-581d-bbee-b905cacaf2cc,accept,issued,accepted,2026-08-23T08:50:19.925531+05:00,,
294,4d9937c4-06fe-581d-bbee-b905cacaf2cc,start,accepted,in_progress,2026-08-23T08:56:22.814765+05:00,,
294,4d9937c4-06fe-581d-bbee-b905cacaf2cc,complete,in_progress,done,2026-08-23T10:50:32.586342+05:00,"Выполнен ППР: Компрессор ВК-20 — осмотр, смазка узлов, подтяжка креплений",
294,,ai_verdict,done,ai_review,2026-08-23T10:51:32.845363+05:00,,
294,c8297387-4c37-53d3-8120-a214ac80359e,approve,ai_review,closed,2026-08-23T11:19:34.348724+05:00,,
295,c8297387-4c37-53d3-8120-a214ac80359e,issue,,issued,2026-08-23T08:42:24.500216+05:00,"Плановый ремонт (ППР): Сепаратор пневматический СП-1 — осмотр, смазка, подтяжка креплений, замена изношенных элементов",
295,1c4d0efe-d6e1-5774-af33-096424b68a1d,accept,issued,accepted,2026-08-23T08:46:40.330571+05:00,,
295,1c4d0efe-d6e1-5774-af33-096424b68a1d,start,accepted,in_progress,2026-08-23T08:54:54.561872+05:00,,
295,1c4d0efe-d6e1-5774-af33-096424b68a1d,pause,in_progress,paused,2026-08-23T10:23:09.568803+05:00,,ждёт остановки оборудования
295,1c4d0efe-d6e1-5774-af33-096424b68a1d,start,paused,in_progress,2026-08-23T12:06:06.585998+05:00,,
295,1c4d0efe-d6e1-5774-af33-096424b68a1d,complete,in_progress,done,2026-08-23T14:18:29.096394+05:00,"Выполнен ППР: Сепаратор пневматический СП-1 — осмотр, смазка узлов, подтяжка креплений",
295,,ai_verdict,done,ai_review,2026-08-23T14:20:20.623427+05:00,,
295,c8297387-4c37-53d3-8120-a214ac80359e,approve,ai_review,closed,2026-08-23T14:35:09.274823+05:00,,
296,c8297387-4c37-53d3-8120-a214ac80359e,issue,,issued,2026-08-23T08:58:44.526198+05:00,"Плановый ремонт (ППР): Грохот ГИТ-51 №1 — осмотр, смазка, подтяжка креплений, замена изношенных элементов",
296,2f23346e-8eed-5645-a1b2-d929d4517246,accept,issued,accepted,2026-08-23T09:04:50.906106+05:00,,
296,2f23346e-8eed-5645-a1b2-d929d4517246,start,accepted,in_progress,2026-08-23T09:07:04.427653+05:00,,
296,2f23346e-8eed-5645-a1b2-d929d4517246,complete,in_progress,done,2026-08-23T13:38:46.052574+05:00,"Выполнен ППР: Грохот ГИТ-51 №1 — осмотр, смазка узлов, подтяжка креплений",
296,,ai_verdict,done,ai_review,2026-08-23T13:39:50.394221+05:00,,
296,c8297387-4c37-53d3-8120-a214ac80359e,approve,ai_review,closed,2026-08-23T14:10:30.890887+05:00,,
297,c8297387-4c37-53d3-8120-a214ac80359e,issue,,issued,2026-08-23T09:53:18.440460+05:00,"Плановый ремонт (ППР): Компрессор ВК-10 — осмотр, смазка, подтяжка креплений, замена изношенных элементов",
297,2f23346e-8eed-5645-a1b2-d929d4517246,accept,issued,accepted,2026-08-23T09:59:57.654914+05:00,,
297,2f23346e-8eed-5645-a1b2-d929d4517246,start,accepted,in_progress,2026-08-23T10:13:27.684605+05:00,,
297,2f23346e-8eed-5645-a1b2-d929d4517246,complete,in_progress,done,2026-08-23T12:38:55.130823+05:00,"Выполнен ППР: Компрессор ВК-10 — осмотр, смазка узлов, подтяжка креплений",
297,,ai_verdict,done,ai_review,2026-08-23T12:41:33.768033+05:00,,
297,c8297387-4c37-53d3-8120-a214ac80359e,approve,ai_review,closed,2026-08-23T13:33:05.864095+05:00,,
298,38634255-032f-5302-be4f-e3bb175128c8,issue,,issued,2026-08-24T01:10:48.586018+05:00,"Проскальзывание цепи, износ звёздочки",
298,2f23346e-8eed-5645-a1b2-d929d4517246,accept,issued,accepted,2026-08-24T01:13:19.680480+05:00,,
298,2f23346e-8eed-5645-a1b2-d929d4517246,start,accepted,in_progress,2026-08-24T01:31:03.276444+05:00,,
298,2f23346e-8eed-5645-a1b2-d929d4517246,complete,in_progress,done,2026-08-24T04:24:01.580493+05:00,"Заменены цепь и звёздочка, выполнено натяжение",
298,,ai_verdict,done,ai_review,2026-08-24T04:27:00.964178+05:00,,
298,38634255-032f-5302-be4f-e3bb175128c8,approve,ai_review,closed,2026-08-24T05:25:06.157883+05:00,,
299,c8297387-4c37-53d3-8120-a214ac80359e,issue,,issued,2026-08-24T08:11:03.614130+05:00,"Плановый ремонт (ППР): Насос ГрАТ-450 №1 — осмотр, смазка, подтяжка креплений, замена изношенных элементов",
299,2f23346e-8eed-5645-a1b2-d929d4517246,accept,issued,accepted,2026-08-24T08:24:11.766254+05:00,,
299,2f23346e-8eed-5645-a1b2-d929d4517246,start,accepted,in_progress,2026-08-24T08:28:57.457083+05:00,,
299,2f23346e-8eed-5645-a1b2-d929d4517246,pause,in_progress,paused,2026-08-24T10:50:44.972505+05:00,,ждёт остановки оборудования
299,2f23346e-8eed-5645-a1b2-d929d4517246,start,paused,in_progress,2026-08-24T11:53:23.790808+05:00,,
299,2f23346e-8eed-5645-a1b2-d929d4517246,complete,in_progress,done,2026-08-24T15:26:05.063941+05:00,"Выполнен ППР: Насос ГрАТ-450 №1 — осмотр, смазка узлов, подтяжка креплений",
299,,ai_verdict,done,ai_review,2026-08-24T15:28:24.014478+05:00,,
299,c8297387-4c37-53d3-8120-a214ac80359e,approve,ai_review,closed,2026-08-24T15:52:55.428353+05:00,,
300,c8297387-4c37-53d3-8120-a214ac80359e,issue,,issued,2026-08-24T08:22:00.963239+05:00,"Плановый ремонт (ППР): Гидропресс П-6326 — осмотр, смазка, подтяжка креплений, замена изношенных элементов",
300,79413058-e2c0-5b03-adfb-a2a01c58f0d5,accept,issued,accepted,2026-08-24T08:28:52.081059+05:00,,
300,79413058-e2c0-5b03-adfb-a2a01c58f0d5,start,accepted,in_progress,2026-08-24T08:48:32.989143+05:00,,
300,79413058-e2c0-5b03-adfb-a2a01c58f0d5,complete,in_progress,done,2026-08-24T11:09:44.073532+05:00,"Выполнен ППР: Гидропресс П-6326 — осмотр, смазка узлов, подтяжка креплений",
300,,ai_verdict,done,ai_review,2026-08-24T11:12:27.797900+05:00,,
300,c8297387-4c37-53d3-8120-a214ac80359e,approve,ai_review,closed,2026-08-24T11:52:22.206137+05:00,,
301,c8297387-4c37-53d3-8120-a214ac80359e,issue,,issued,2026-08-24T08:50:28.427685+05:00,"Плановый ремонт (ППР): Дробилка КМД-1750 — осмотр, смазка, подтяжка креплений, замена изношенных элементов",
301,1c4d0efe-d6e1-5774-af33-096424b68a1d,accept,issued,accepted,2026-08-24T08:57:50.785299+05:00,,
301,1c4d0efe-d6e1-5774-af33-096424b68a1d,start,accepted,in_progress,2026-08-24T09:01:28.021948+05:00,,
301,1c4d0efe-d6e1-5774-af33-096424b68a1d,pause,in_progress,paused,2026-08-24T11:57:01.658519+05:00,,ждёт остановки оборудования
301,1c4d0efe-d6e1-5774-af33-096424b68a1d,start,paused,in_progress,2026-08-24T13:39:16.694949+05:00,,
301,1c4d0efe-d6e1-5774-af33-096424b68a1d,complete,in_progress,done,2026-08-24T18:02:37.149806+05:00,"Выполнен ППР: Дробилка КМД-1750 — осмотр, смазка узлов, подтяжка креплений",
301,,ai_verdict,done,rework,2026-08-24T18:03:56.055521+05:00,,Работы не соответствуют проблеме / нет фото «после»
301,1c4d0efe-d6e1-5774-af33-096424b68a1d,start,rework,in_progress,2026-08-24T18:37:18.778066+05:00,,
301,1c4d0efe-d6e1-5774-af33-096424b68a1d,complete,in_progress,done,2026-08-24T21:01:18.778066+05:00,"Выполнен ППР: Дробилка КМД-1750 — осмотр, смазка узлов, подтяжка креплений",
301,,ai_verdict,done,ai_review,2026-08-24T21:04:18.211584+05:00,,
301,c8297387-4c37-53d3-8120-a214ac80359e,approve,ai_review,closed,2026-08-24T21:49:11.155129+05:00,,
302,c8297387-4c37-53d3-8120-a214ac80359e,issue,,issued,2026-08-24T08:55:03.484239+05:00,"Плановый ремонт (ППР): Конвейер К-7 — осмотр, смазка, подтяжка креплений, замена изношенных элементов",
302,30c23f9b-3046-52c7-aa98-4ded8e8f73ec,accept,issued,accepted,2026-08-24T09:07:38.074211+05:00,,
302,30c23f9b-3046-52c7-aa98-4ded8e8f73ec,start,accepted,in_progress,2026-08-24T09:19:21.023073+05:00,,
302,30c23f9b-3046-52c7-aa98-4ded8e8f73ec,complete,in_progress,done,2026-08-24T14:17:27.941255+05:00,"Выполнен ППР: Конвейер К-7 — осмотр, смазка узлов, подтяжка креплений",
302,,ai_verdict,done,ai_review,2026-08-24T14:19:23.080144+05:00,,
302,c8297387-4c37-53d3-8120-a214ac80359e,approve,ai_review,closed,2026-08-24T14:43:11.769959+05:00,,
303,c8297387-4c37-53d3-8120-a214ac80359e,issue,,issued,2026-08-24T09:09:58.071165+05:00,"Плановый ремонт (ППР): Насос ГрАТ-450 №2 — осмотр, смазка, подтяжка креплений, замена изношенных элементов",
303,2f23346e-8eed-5645-a1b2-d929d4517246,accept,issued,accepted,2026-08-24T09:17:12.527727+05:00,,
303,2f23346e-8eed-5645-a1b2-d929d4517246,start,accepted,in_progress,2026-08-24T09:27:28.422399+05:00,,
303,2f23346e-8eed-5645-a1b2-d929d4517246,complete,in_progress,done,2026-08-24T12:44:14.791796+05:00,"Выполнен ППР: Насос ГрАТ-450 №2 — осмотр, смазка узлов, подтяжка креплений",
303,,ai_verdict,done,ai_review,2026-08-24T12:46:54.050155+05:00,,
303,c8297387-4c37-53d3-8120-a214ac80359e,approve,ai_review,closed,2026-08-24T13:14:06.989710+05:00,,
304,c8297387-4c37-53d3-8120-a214ac80359e,issue,,issued,2026-08-24T18:54:59.624025+05:00,"Перегрев узла, сухое трение",
304,79413058-e2c0-5b03-adfb-a2a01c58f0d5,accept,issued,accepted,2026-08-24T18:58:33.377112+05:00,,
304,79413058-e2c0-5b03-adfb-a2a01c58f0d5,start,accepted,in_progress,2026-08-24T19:13:28.399352+05:00,,
304,79413058-e2c0-5b03-adfb-a2a01c58f0d5,complete,in_progress,done,2026-08-24T20:40:40.580981+05:00,"Узлы смазаны, проверен нагрев",
304,,ai_verdict,done,ai_review,2026-08-24T20:43:09.924309+05:00,,
304,c8297387-4c37-53d3-8120-a214ac80359e,approve,ai_review,closed,2026-08-24T21:19:20.913888+05:00,,
305,38634255-032f-5302-be4f-e3bb175128c8,issue,,issued,2026-08-25T06:35:47.200816+05:00,Шум и нагрев подшипникового узла привода,
305,4d9937c4-06fe-581d-bbee-b905cacaf2cc,accept,issued,accepted,2026-08-25T06:41:59.412302+05:00,,
305,4d9937c4-06fe-581d-bbee-b905cacaf2cc,start,accepted,in_progress,2026-08-25T06:52:19.765175+05:00,,
305,4d9937c4-06fe-581d-bbee-b905cacaf2cc,complete,in_progress,done,2026-08-25T08:47:05.563316+05:00,"Заменён подшипник, узел промыт и смазан, проверено на холостом ходу",
305,,ai_verdict,done,ai_review,2026-08-25T08:48:14.521835+05:00,,
305,38634255-032f-5302-be4f-e3bb175128c8,approve,ai_review,closed,2026-08-25T09:18:11.360563+05:00,,
306,c8297387-4c37-53d3-8120-a214ac80359e,issue,,issued,2026-08-25T08:16:14.492175+05:00,"Плановый ремонт (ППР): Насос ГрАТ-450 №3 — осмотр, смазка, подтяжка креплений, замена изношенных элементов",
306,1c4d0efe-d6e1-5774-af33-096424b68a1d,accept,issued,accepted,2026-08-25T08:20:48.499708+05:00,,
306,1c4d0efe-d6e1-5774-af33-096424b68a1d,start,accepted,in_progress,2026-08-25T08:28:16.778411+05:00,,
306,1c4d0efe-d6e1-5774-af33-096424b68a1d,complete,in_progress,done,2026-08-25T14:03:18.159940+05:00,"Выполнен ППР: Насос ГрАТ-450 №3 — осмотр, смазка узлов, подтяжка креплений",
306,,ai_verdict,done,ai_review,2026-08-25T14:05:23.897688+05:00,,
306,c8297387-4c37-53d3-8120-a214ac80359e,approve,ai_review,closed,2026-08-25T14:36:35.848529+05:00,,
307,c8297387-4c37-53d3-8120-a214ac80359e,issue,,issued,2026-08-25T08:20:57.803639+05:00,"Плановый ремонт (ППР): Сушильный барабан СБ-1 — осмотр, смазка, подтяжка креплений, замена изношенных элементов",
307,2f23346e-8eed-5645-a1b2-d929d4517246,accept,issued,accepted,2026-08-25T08:29:31.970888+05:00,,
307,2f23346e-8eed-5645-a1b2-d929d4517246,start,accepted,in_progress,2026-08-25T08:37:44.592681+05:00,,
307,2f23346e-8eed-5645-a1b2-d929d4517246,complete,in_progress,done,2026-08-25T12:24:16.457275+05:00,"Выполнен ППР: Сушильный барабан СБ-1 — осмотр, смазка узлов, подтяжка креплений",
307,,ai_verdict,done,rework,2026-08-25T12:25:58.220037+05:00,,Работы не соответствуют проблеме / нет фото «после»
307,2f23346e-8eed-5645-a1b2-d929d4517246,start,rework,in_progress,2026-08-25T13:18:47.616772+05:00,,
307,2f23346e-8eed-5645-a1b2-d929d4517246,complete,in_progress,done,2026-08-25T15:06:47.616772+05:00,"Выполнен ППР: Сушильный барабан СБ-1 — осмотр, смазка узлов, подтяжка креплений",
307,,ai_verdict,done,ai_review,2026-08-25T15:08:43.230072+05:00,,
307,c8297387-4c37-53d3-8120-a214ac80359e,approve,ai_review,closed,2026-08-25T16:00:31.066450+05:00,,
308,c8297387-4c37-53d3-8120-a214ac80359e,issue,,issued,2026-08-25T09:45:20.281685+05:00,"Плановый ремонт (ППР): Вентилятор ВМ-12 — осмотр, смазка, подтяжка креплений, замена изношенных элементов",
308,2f23346e-8eed-5645-a1b2-d929d4517246,accept,issued,accepted,2026-08-25T09:56:28.157680+05:00,,
308,2f23346e-8eed-5645-a1b2-d929d4517246,start,accepted,in_progress,2026-08-25T10:01:10.188770+05:00,,
308,2f23346e-8eed-5645-a1b2-d929d4517246,complete,in_progress,done,2026-08-25T13:11:15.101538+05:00,"Выполнен ППР: Вентилятор ВМ-12 — осмотр, смазка узлов, подтяжка креплений",
308,,ai_verdict,done,ai_review,2026-08-25T13:12:17.271702+05:00,,
308,c8297387-4c37-53d3-8120-a214ac80359e,approve,ai_review,closed,2026-08-25T13:56:54.397487+05:00,,
309,38634255-032f-5302-be4f-e3bb175128c8,issue,,issued,2026-08-26T02:58:11.917575+05:00,"Стук, откручиваются болты опоры",
309,4d9937c4-06fe-581d-bbee-b905cacaf2cc,accept,issued,accepted,2026-08-26T03:04:17.952023+05:00,,
309,4d9937c4-06fe-581d-bbee-b905cacaf2cc,start,accepted,in_progress,2026-08-26T03:10:11.849910+05:00,,
309,4d9937c4-06fe-581d-bbee-b905cacaf2cc,complete,in_progress,done,2026-08-26T04:34:55.216725+05:00,"Подтянуты и заменены крепления, проверена вибрация",
309,,ai_verdict,done,ai_review,2026-08-26T04:36:47.968014+05:00,,
309,38634255-032f-5302-be4f-e3bb175128c8,approve,ai_review,closed,2026-08-26T05:17:50.797340+05:00,,
310,c8297387-4c37-53d3-8120-a214ac80359e,issue,,issued,2026-08-26T08:06:59.737814+05:00,"Плановый ремонт (ППР): Сварочный пост СП-2 — осмотр, смазка, подтяжка креплений, замена изношенных элементов",
310,75808db3-d714-5bc1-8824-97b2c7c6f097,accept,issued,accepted,2026-08-26T08:21:41.462281+05:00,,
310,75808db3-d714-5bc1-8824-97b2c7c6f097,start,accepted,in_progress,2026-08-26T08:29:17.762740+05:00,,
310,75808db3-d714-5bc1-8824-97b2c7c6f097,pause,in_progress,paused,2026-08-26T11:18:15.234081+05:00,,ждёт запчасти со склада
310,75808db3-d714-5bc1-8824-97b2c7c6f097,start,paused,in_progress,2026-08-26T12:43:14.542692+05:00,,
310,75808db3-d714-5bc1-8824-97b2c7c6f097,complete,in_progress,done,2026-08-26T16:56:40.749704+05:00,"Выполнен ППР: Сварочный пост СП-2 — осмотр, смазка узлов, подтяжка креплений",
310,,ai_verdict,done,ai_review,2026-08-26T16:58:42.439919+05:00,,
310,c8297387-4c37-53d3-8120-a214ac80359e,approve,ai_review,closed,2026-08-26T17:51:23.211102+05:00,,
311,c8297387-4c37-53d3-8120-a214ac80359e,issue,,issued,2026-08-26T09:55:51.115842+05:00,"Плановый ремонт (ППР): Дымосос ДН-15 — осмотр, смазка, подтяжка креплений, замена изношенных элементов",
311,4d9937c4-06fe-581d-bbee-b905cacaf2cc,accept,issued,accepted,2026-08-26T10:07:45.420518+05:00,,
311,4d9937c4-06fe-581d-bbee-b905cacaf2cc,start,accepted,in_progress,2026-08-26T10:20:32.108507+05:00,,
311,4d9937c4-06fe-581d-bbee-b905cacaf2cc,complete,in_progress,done,2026-08-26T13:39:25.971095+05:00,"Выполнен ППР: Дымосос ДН-15 — осмотр, смазка узлов, подтяжка креплений",
311,,ai_verdict,done,ai_review,2026-08-26T13:40:31.296387+05:00,,
311,c8297387-4c37-53d3-8120-a214ac80359e,approve,ai_review,closed,2026-08-26T13:57:44.614479+05:00,,
312,c8297387-4c37-53d3-8120-a214ac80359e,issue,,issued,2026-08-26T10:09:07.370938+05:00,"Вибрация, подшипник греется выше 80 °C",
312,4cd857ba-990a-5264-9b16-d26a06a3e6f4,accept,issued,accepted,2026-08-26T10:11:11.179272+05:00,,
312,4cd857ba-990a-5264-9b16-d26a06a3e6f4,start,accepted,in_progress,2026-08-26T10:28:06.196774+05:00,,
312,4cd857ba-990a-5264-9b16-d26a06a3e6f4,complete,in_progress,done,2026-08-26T13:27:10.326380+05:00,"Заменён подшипник, узел промыт и смазан, проверено на холостом ходу",
312,,ai_verdict,done,ai_review,2026-08-26T13:28:25.982951+05:00,,
312,c8297387-4c37-53d3-8120-a214ac80359e,approve,ai_review,closed,2026-08-26T14:27:36.178478+05:00,,
313,c8297387-4c37-53d3-8120-a214ac80359e,issue,,issued,2026-08-26T16:04:15.084475+05:00,"Вибрация, подшипник греется выше 80 °C",
313,1c4d0efe-d6e1-5774-af33-096424b68a1d,accept,issued,accepted,2026-08-26T16:07:08.623491+05:00,,
313,1c4d0efe-d6e1-5774-af33-096424b68a1d,start,accepted,in_progress,2026-08-26T16:12:47.738844+05:00,,
313,1c4d0efe-d6e1-5774-af33-096424b68a1d,complete,in_progress,done,2026-08-26T19:50:17.883688+05:00,"Заменён подшипник, узел промыт и смазан, проверено на холостом ходу",
313,,ai_verdict,done,rework,2026-08-26T19:51:54.017434+05:00,,Работы не соответствуют проблеме / нет фото «после»
313,1c4d0efe-d6e1-5774-af33-096424b68a1d,start,rework,in_progress,2026-08-26T20:50:39.082110+05:00,,
313,1c4d0efe-d6e1-5774-af33-096424b68a1d,complete,in_progress,done,2026-08-26T21:44:39.082110+05:00,"Заменён подшипник, узел промыт и смазан, проверено на холостом ходу",
313,,ai_verdict,done,ai_review,2026-08-26T21:46:52.838806+05:00,,
313,c8297387-4c37-53d3-8120-a214ac80359e,approve,ai_review,closed,2026-08-26T22:01:23.304270+05:00,,
314,38634255-032f-5302-be4f-e3bb175128c8,issue,,issued,2026-08-27T02:53:41.716899+05:00,Шипение на пневмолинии,
314,30c23f9b-3046-52c7-aa98-4ded8e8f73ec,accept,issued,accepted,2026-08-27T03:00:11.383838+05:00,,
314,30c23f9b-3046-52c7-aa98-4ded8e8f73ec,start,accepted,in_progress,2026-08-27T03:04:21.898970+05:00,,
314,30c23f9b-3046-52c7-aa98-4ded8e8f73ec,complete,in_progress,done,2026-08-27T04:07:07.144323+05:00,"Устранена утечка, заменены фитинги и уплотнения",
314,,ai_verdict,done,ai_review,2026-08-27T04:09:36.766820+05:00,,
314,38634255-032f-5302-be4f-e3bb175128c8,approve,ai_review,closed,2026-08-27T04:32:17.215115+05:00,,
315,38634255-032f-5302-be4f-e3bb175128c8,issue,,issued,2026-08-27T04:36:01.496836+05:00,"Падение напора, шум в улитке насоса",
315,1c4d0efe-d6e1-5774-af33-096424b68a1d,accept,issued,accepted,2026-08-27T04:40:32.694673+05:00,,
315,1c4d0efe-d6e1-5774-af33-096424b68a1d,start,accepted,in_progress,2026-08-27T04:45:36.295145+05:00,,
315,1c4d0efe-d6e1-5774-af33-096424b68a1d,complete,in_progress,done,2026-08-27T08:12:31.541448+05:00,"Заменено рабочее колесо, уплотнения, насос опробован",
315,,ai_verdict,done,ai_review,2026-08-27T08:15:05.180426+05:00,,
315,38634255-032f-5302-be4f-e3bb175128c8,approve,ai_review,closed,2026-08-27T08:26:30.378794+05:00,,
316,38634255-032f-5302-be4f-e3bb175128c8,issue,,issued,2026-08-27T06:22:30.699334+05:00,Шум и нагрев подшипникового узла привода,
316,4cd857ba-990a-5264-9b16-d26a06a3e6f4,accept,issued,accepted,2026-08-27T06:26:30.573184+05:00,,
316,4cd857ba-990a-5264-9b16-d26a06a3e6f4,start,accepted,in_progress,2026-08-27T06:41:46.050204+05:00,,
316,4cd857ba-990a-5264-9b16-d26a06a3e6f4,complete,in_progress,done,2026-08-27T09:27:06.324625+05:00,"Заменён подшипник, узел промыт и смазан, проверено на холостом ходу",
316,,ai_verdict,done,ai_review,2026-08-27T09:28:09.361933+05:00,,
316,38634255-032f-5302-be4f-e3bb175128c8,approve,ai_review,closed,2026-08-27T09:44:09.491838+05:00,,
317,c8297387-4c37-53d3-8120-a214ac80359e,issue,,issued,2026-08-27T08:47:46.668601+05:00,"Плановый ремонт (ППР): Конвейер К-1 — осмотр, смазка, подтяжка креплений, замена изношенных элементов",
317,30c23f9b-3046-52c7-aa98-4ded8e8f73ec,accept,issued,accepted,2026-08-27T08:55:12.833138+05:00,,
317,30c23f9b-3046-52c7-aa98-4ded8e8f73ec,start,accepted,in_progress,2026-08-27T09:10:19.359492+05:00,,
317,30c23f9b-3046-52c7-aa98-4ded8e8f73ec,complete,in_progress,done,2026-08-27T14:08:42.685761+05:00,"Выполнен ППР: Конвейер К-1 — осмотр, смазка узлов, подтяжка креплений",
317,,ai_verdict,done,ai_review,2026-08-27T14:10:34.704947+05:00,,
317,c8297387-4c37-53d3-8120-a214ac80359e,approve,ai_review,closed,2026-08-27T14:37:16.434982+05:00,,
318,c8297387-4c37-53d3-8120-a214ac80359e,issue,,issued,2026-08-27T09:05:46.669443+05:00,"Плановый ремонт (ППР): Конвейер К-3 — осмотр, смазка, подтяжка креплений, замена изношенных элементов",
318,75808db3-d714-5bc1-8824-97b2c7c6f097,accept,issued,accepted,2026-08-27T09:12:22.873970+05:00,,
318,75808db3-d714-5bc1-8824-97b2c7c6f097,start,accepted,in_progress,2026-08-27T09:16:31.786575+05:00,,
318,75808db3-d714-5bc1-8824-97b2c7c6f097,complete,in_progress,done,2026-08-27T13:15:49.178159+05:00,"Выполнен ППР: Конвейер К-3 — осмотр, смазка узлов, подтяжка креплений",
318,,ai_verdict,done,ai_review,2026-08-27T13:18:24.861441+05:00,,
318,c8297387-4c37-53d3-8120-a214ac80359e,approve,ai_review,closed,2026-08-27T13:55:28.232785+05:00,,
319,c8297387-4c37-53d3-8120-a214ac80359e,issue,,issued,2026-08-27T09:14:16.586093+05:00,"Плановый ремонт (ППР): Кран мостовой 10 т — осмотр, смазка, подтяжка креплений, замена изношенных элементов",
319,4cd857ba-990a-5264-9b16-d26a06a3e6f4,accept,issued,accepted,2026-08-27T09:19:58.089500+05:00,,
319,4cd857ba-990a-5264-9b16-d26a06a3e6f4,start,accepted,in_progress,2026-08-27T09:35:17.645314+05:00,,
319,4cd857ba-990a-5264-9b16-d26a06a3e6f4,complete,in_progress,done,2026-08-27T12:01:44.271373+05:00,"Выполнен ППР: Кран мостовой 10 т — осмотр, смазка узлов, подтяжка креплений",
319,,ai_verdict,done,ai_review,2026-08-27T12:03:55.395915+05:00,,
319,c8297387-4c37-53d3-8120-a214ac80359e,approve,ai_review,closed,2026-08-27T12:14:00.671775+05:00,,
320,c8297387-4c37-53d3-8120-a214ac80359e,issue,,issued,2026-08-27T09:21:31.600387+05:00,"Плановый ремонт (ППР): Дробилка ККД-1500 — осмотр, смазка, подтяжка креплений, замена изношенных элементов",
320,4cd857ba-990a-5264-9b16-d26a06a3e6f4,accept,issued,accepted,2026-08-27T09:30:16.154572+05:00,,
320,4cd857ba-990a-5264-9b16-d26a06a3e6f4,start,accepted,in_progress,2026-08-27T09:42:17.744541+05:00,,
320,4cd857ba-990a-5264-9b16-d26a06a3e6f4,pause,in_progress,paused,2026-08-27T11:57:30.431616+05:00,,ждёт остановки оборудования
320,4cd857ba-990a-5264-9b16-d26a06a3e6f4,start,paused,in_progress,2026-08-27T12:27:38.914076+05:00,,
320,4cd857ba-990a-5264-9b16-d26a06a3e6f4,complete,in_progress,done,2026-08-27T15:50:27.944688+05:00,"Выполнен ППР: Дробилка ККД-1500 — осмотр, смазка узлов, подтяжка креплений",
320,,ai_verdict,done,ai_review,2026-08-27T15:52:27.848432+05:00,,
320,c8297387-4c37-53d3-8120-a214ac80359e,approve,ai_review,closed,2026-08-27T16:44:18.820592+05:00,,
321,38634255-032f-5302-be4f-e3bb175128c8,issue,,issued,2026-08-28T04:42:27.722949+05:00,Не подаётся смазка на узлы,
321,30c23f9b-3046-52c7-aa98-4ded8e8f73ec,accept,issued,accepted,2026-08-28T04:52:55.955521+05:00,,
321,30c23f9b-3046-52c7-aa98-4ded8e8f73ec,start,accepted,in_progress,2026-08-28T05:05:00.420687+05:00,,
321,30c23f9b-3046-52c7-aa98-4ded8e8f73ec,pause,in_progress,paused,2026-08-28T06:17:12.768895+05:00,,ждёт допуска
321,30c23f9b-3046-52c7-aa98-4ded8e8f73ec,start,paused,in_progress,2026-08-28T07:21:48.433409+05:00,,
321,30c23f9b-3046-52c7-aa98-4ded8e8f73ec,complete,in_progress,done,2026-08-28T09:10:06.955721+05:00,"Восстановлена подача смазки, заменены РВД и фитинги",
321,,ai_verdict,done,ai_review,2026-08-28T09:11:14.783206+05:00,,
321,38634255-032f-5302-be4f-e3bb175128c8,approve,ai_review,closed,2026-08-28T09:25:11.176308+05:00,,
322,c8297387-4c37-53d3-8120-a214ac80359e,issue,,issued,2026-08-28T08:25:50.123126+05:00,Шум и нагрев подшипникового узла привода,
322,79413058-e2c0-5b03-adfb-a2a01c58f0d5,accept,issued,accepted,2026-08-28T08:27:44.400644+05:00,,
322,79413058-e2c0-5b03-adfb-a2a01c58f0d5,start,accepted,in_progress,2026-08-28T08:38:08.151501+05:00,,
322,79413058-e2c0-5b03-adfb-a2a01c58f0d5,complete,in_progress,done,2026-08-28T11:10:38.358620+05:00,"Заменён подшипник, узел промыт и смазан, проверено на холостом ходу",
322,,ai_verdict,done,ai_review,2026-08-28T11:12:19.543705+05:00,,
322,c8297387-4c37-53d3-8120-a214ac80359e,approve,ai_review,closed,2026-08-28T12:07:55.091884+05:00,,
323,c8297387-4c37-53d3-8120-a214ac80359e,issue,,issued,2026-08-28T09:54:26.451918+05:00,"Плановый ремонт (ППР): Сушильный барабан СБ-2 — осмотр, смазка, подтяжка креплений, замена изношенных элементов",
323,2f23346e-8eed-5645-a1b2-d929d4517246,accept,issued,accepted,2026-08-28T10:07:44.374147+05:00,,
323,2f23346e-8eed-5645-a1b2-d929d4517246,start,accepted,in_progress,2026-08-28T10:18:40.008380+05:00,,
323,2f23346e-8eed-5645-a1b2-d929d4517246,complete,in_progress,done,2026-08-28T20:10:00.066014+05:00,"Выполнен ППР: Сушильный барабан СБ-2 — осмотр, смазка узлов, подтяжка креплений",
323,,ai_verdict,done,ai_review,2026-08-28T20:12:19.975154+05:00,,
323,c8297387-4c37-53d3-8120-a214ac80359e,approve,ai_review,closed,2026-08-28T21:07:50.117149+05:00,,
324,c8297387-4c37-53d3-8120-a214ac80359e,issue,,issued,2026-08-28T09:55:27.981118+05:00,"Плановый ремонт (ППР): Грохот ГИТ-51 №2 — осмотр, смазка, подтяжка креплений, замена изношенных элементов",
324,4d9937c4-06fe-581d-bbee-b905cacaf2cc,accept,issued,accepted,2026-08-28T10:05:54.543511+05:00,,
324,4d9937c4-06fe-581d-bbee-b905cacaf2cc,start,accepted,in_progress,2026-08-28T10:14:24.180120+05:00,,
324,4d9937c4-06fe-581d-bbee-b905cacaf2cc,pause,in_progress,paused,2026-08-28T11:39:23.935780+05:00,,ждёт остановки оборудования
324,4d9937c4-06fe-581d-bbee-b905cacaf2cc,start,paused,in_progress,2026-08-28T14:00:05.401786+05:00,,
324,4d9937c4-06fe-581d-bbee-b905cacaf2cc,complete,in_progress,done,2026-08-28T16:07:35.035276+05:00,"Выполнен ППР: Грохот ГИТ-51 №2 — осмотр, смазка узлов, подтяжка креплений",
324,,ai_verdict,done,ai_review,2026-08-28T16:10:25.604634+05:00,,
324,c8297387-4c37-53d3-8120-a214ac80359e,approve,ai_review,closed,2026-08-28T16:36:42.275801+05:00,,
325,c8297387-4c37-53d3-8120-a214ac80359e,issue,,issued,2026-08-28T10:53:52.438436+05:00,Отказ станции централизованной смазки,
325,79413058-e2c0-5b03-adfb-a2a01c58f0d5,accept,issued,accepted,2026-08-28T11:00:04.097706+05:00,,
325,79413058-e2c0-5b03-adfb-a2a01c58f0d5,start,accepted,in_progress,2026-08-28T11:08:22.174696+05:00,,
325,79413058-e2c0-5b03-adfb-a2a01c58f0d5,complete,in_progress,done,2026-08-28T12:44:27.894698+05:00,"Восстановлена подача смазки, заменены РВД и фитинги",
325,,ai_verdict,done,ai_review,2026-08-28T12:47:00.152579+05:00,,
325,c8297387-4c37-53d3-8120-a214ac80359e,approve,ai_review,closed,2026-08-28T13:20:14.200444+05:00,,
326,38634255-032f-5302-be4f-e3bb175128c8,issue,,issued,2026-08-29T02:24:37.877406+05:00,"Утечка воздуха, падение давления в сети",
326,75808db3-d714-5bc1-8824-97b2c7c6f097,accept,issued,accepted,2026-08-29T02:34:34.443119+05:00,,
326,75808db3-d714-5bc1-8824-97b2c7c6f097,start,accepted,in_progress,2026-08-29T02:42:30.010266+05:00,,
326,75808db3-d714-5bc1-8824-97b2c7c6f097,complete,in_progress,done,2026-08-29T03:34:24.117756+05:00,"Устранена утечка, заменены фитинги и уплотнения",
326,,ai_verdict,done,ai_review,2026-08-29T03:36:11.028927+05:00,,
326,38634255-032f-5302-be4f-e3bb175128c8,approve,ai_review,closed,2026-08-29T04:02:01.401737+05:00,,
327,38634255-032f-5302-be4f-e3bb175128c8,issue,,issued,2026-08-29T06:12:22.395424+05:00,"Двигатель не запускается, запах гари",
327,42ef7ac6-1e11-523f-b9a2-a713f308d193,accept,issued,accepted,2026-08-29T06:22:37.229223+05:00,,
327,42ef7ac6-1e11-523f-b9a2-a713f308d193,start,accepted,in_progress,2026-08-29T06:31:55.442378+05:00,,
327,42ef7ac6-1e11-523f-b9a2-a713f308d193,complete,in_progress,done,2026-08-29T09:06:20.059629+05:00,"Заменены подшипники двигателя, проверены обмотки, пуск в норме",
327,,ai_verdict,done,ai_review,2026-08-29T09:08:42.254301+05:00,,
327,38634255-032f-5302-be4f-e3bb175128c8,approve,ai_review,closed,2026-08-29T09:32:55.428925+05:00,,
328,c8297387-4c37-53d3-8120-a214ac80359e,issue,,issued,2026-08-29T08:33:46.302733+05:00,"Плановый ремонт (ППР): Токарный станок 1М63 — осмотр, смазка, подтяжка креплений, замена изношенных элементов",
328,4d9937c4-06fe-581d-bbee-b905cacaf2cc,accept,issued,accepted,2026-08-29T08:36:14.407043+05:00,,
328,4d9937c4-06fe-581d-bbee-b905cacaf2cc,start,accepted,in_progress,2026-08-29T08:52:59.641288+05:00,,
328,4d9937c4-06fe-581d-bbee-b905cacaf2cc,pause,in_progress,paused,2026-08-29T09:39:51.385948+05:00,,ждёт допуска
328,4d9937c4-06fe-581d-bbee-b905cacaf2cc,start,paused,in_progress,2026-08-29T10:58:45.724347+05:00,,
328,4d9937c4-06fe-581d-bbee-b905cacaf2cc,complete,in_progress,done,2026-08-29T12:09:03.341338+05:00,"Выполнен ППР: Токарный станок 1М63 — осмотр, смазка узлов, подтяжка креплений",
328,,ai_verdict,done,ai_review,2026-08-29T12:10:03.699022+05:00,,
328,c8297387-4c37-53d3-8120-a214ac80359e,approve,ai_review,closed,2026-08-29T12:35:21.294907+05:00,,
329,c8297387-4c37-53d3-8120-a214ac80359e,issue,,issued,2026-08-29T09:14:29.647839+05:00,"Плановый ремонт (ППР): Рукавный фильтр РФ-1 — осмотр, смазка, подтяжка креплений, замена изношенных элементов",
329,4cd857ba-990a-5264-9b16-d26a06a3e6f4,accept,issued,accepted,2026-08-29T09:25:03.645010+05:00,,
329,4cd857ba-990a-5264-9b16-d26a06a3e6f4,start,accepted,in_progress,2026-08-29T09:45:00.582981+05:00,,
329,4cd857ba-990a-5264-9b16-d26a06a3e6f4,complete,in_progress,done,2026-08-29T12:29:14.893691+05:00,"Выполнен ППР: Рукавный фильтр РФ-1 — осмотр, смазка узлов, подтяжка креплений",
329,,ai_verdict,done,ai_review,2026-08-29T12:30:17.424602+05:00,,
329,c8297387-4c37-53d3-8120-a214ac80359e,approve,ai_review,closed,2026-08-29T12:45:48.737331+05:00,,
330,c8297387-4c37-53d3-8120-a214ac80359e,issue,,issued,2026-08-29T09:24:28.623897+05:00,"Плановый ремонт (ППР): Питатель пластинчатый ПП-1 — осмотр, смазка, подтяжка креплений, замена изношенных элементов",
330,1c4d0efe-d6e1-5774-af33-096424b68a1d,accept,issued,accepted,2026-08-29T09:34:31.710460+05:00,,
330,1c4d0efe-d6e1-5774-af33-096424b68a1d,start,accepted,in_progress,2026-08-29T09:45:36.170818+05:00,,
330,1c4d0efe-d6e1-5774-af33-096424b68a1d,complete,in_progress,done,2026-08-29T14:28:55.298171+05:00,"Выполнен ППР: Питатель пластинчатый ПП-1 — осмотр, смазка узлов, подтяжка креплений",
330,,ai_verdict,done,ai_review,2026-08-29T14:30:36.552077+05:00,,
330,c8297387-4c37-53d3-8120-a214ac80359e,approve,ai_review,closed,2026-08-29T14:53:08.423201+05:00,,
331,c8297387-4c37-53d3-8120-a214ac80359e,issue,,issued,2026-08-29T09:26:40.979866+05:00,"Плановый ремонт (ППР): Рукавный фильтр РФ-2 — осмотр, смазка, подтяжка креплений, замена изношенных элементов",
331,4cd857ba-990a-5264-9b16-d26a06a3e6f4,accept,issued,accepted,2026-08-29T09:40:11.862969+05:00,,
331,4cd857ba-990a-5264-9b16-d26a06a3e6f4,start,accepted,in_progress,2026-08-29T09:50:15.531134+05:00,,
331,4cd857ba-990a-5264-9b16-d26a06a3e6f4,complete,in_progress,done,2026-08-29T12:37:22.080183+05:00,"Выполнен ППР: Рукавный фильтр РФ-2 — осмотр, смазка узлов, подтяжка креплений",
331,,ai_verdict,done,ai_review,2026-08-29T12:39:00.696495+05:00,,
331,c8297387-4c37-53d3-8120-a214ac80359e,approve,ai_review,closed,2026-08-29T13:26:13.256033+05:00,,
332,c8297387-4c37-53d3-8120-a214ac80359e,issue,,issued,2026-08-30T08:25:52.580841+05:00,"Плановый ремонт (ППР): Компрессор ВК-20 — осмотр, смазка, подтяжка креплений, замена изношенных элементов",
332,75808db3-d714-5bc1-8824-97b2c7c6f097,accept,issued,accepted,2026-08-30T08:33:55.189648+05:00,,
332,75808db3-d714-5bc1-8824-97b2c7c6f097,start,accepted,in_progress,2026-08-30T08:45:20.124242+05:00,,
332,75808db3-d714-5bc1-8824-97b2c7c6f097,pause,in_progress,paused,2026-08-30T09:34:01.708934+05:00,,ждёт остановки оборудования
332,75808db3-d714-5bc1-8824-97b2c7c6f097,start,paused,in_progress,2026-08-30T11:30:58.324008+05:00,,
332,75808db3-d714-5bc1-8824-97b2c7c6f097,complete,in_progress,done,2026-08-30T12:44:00.701045+05:00,"Выполнен ППР: Компрессор ВК-20 — осмотр, смазка узлов, подтяжка креплений",
332,,ai_verdict,done,ai_review,2026-08-30T12:45:34.952546+05:00,,
332,c8297387-4c37-53d3-8120-a214ac80359e,approve,ai_review,closed,2026-08-30T13:24:33.292023+05:00,,
333,c8297387-4c37-53d3-8120-a214ac80359e,issue,,issued,2026-08-30T09:11:14.283640+05:00,"Плановый ремонт (ППР): Компрессор ВК-10 — осмотр, смазка, подтяжка креплений, замена изношенных элементов",
333,4d9937c4-06fe-581d-bbee-b905cacaf2cc,accept,issued,accepted,2026-08-30T09:14:41.640934+05:00,,
333,4d9937c4-06fe-581d-bbee-b905cacaf2cc,start,accepted,in_progress,2026-08-30T09:34:00.763956+05:00,,
333,4d9937c4-06fe-581d-bbee-b905cacaf2cc,complete,in_progress,done,2026-08-30T11:27:14.434626+05:00,"Выполнен ППР: Компрессор ВК-10 — осмотр, смазка узлов, подтяжка креплений",
333,,ai_verdict,done,ai_review,2026-08-30T11:29:59.184878+05:00,,
333,c8297387-4c37-53d3-8120-a214ac80359e,approve,ai_review,closed,2026-08-30T11:52:01.650277+05:00,,
334,c8297387-4c37-53d3-8120-a214ac80359e,issue,,issued,2026-08-30T09:14:40.629807+05:00,"Плановый ремонт (ППР): Конвейер К-2 — осмотр, смазка, подтяжка креплений, замена изношенных элементов",
334,4d9937c4-06fe-581d-bbee-b905cacaf2cc,accept,issued,accepted,2026-08-30T09:16:42.626204+05:00,,
334,4d9937c4-06fe-581d-bbee-b905cacaf2cc,start,accepted,in_progress,2026-08-30T09:29:34.423641+05:00,,
334,4d9937c4-06fe-581d-bbee-b905cacaf2cc,complete,in_progress,done,2026-08-30T15:08:20.220104+05:00,"Выполнен ППР: Конвейер К-2 — осмотр, смазка узлов, подтяжка креплений",
334,,ai_verdict,done,ai_review,2026-08-30T15:11:05.987440+05:00,,
334,c8297387-4c37-53d3-8120-a214ac80359e,approve,ai_review,closed,2026-08-30T16:05:06.566287+05:00,,
335,c8297387-4c37-53d3-8120-a214ac80359e,issue,,issued,2026-08-30T09:32:20.642914+05:00,"Плановый ремонт (ППР): Сепаратор пневматический СП-1 — осмотр, смазка, подтяжка креплений, замена изношенных элементов",
335,30c23f9b-3046-52c7-aa98-4ded8e8f73ec,accept,issued,accepted,2026-08-30T09:40:35.813831+05:00,,
335,30c23f9b-3046-52c7-aa98-4ded8e8f73ec,start,accepted,in_progress,2026-08-30T09:49:26.560105+05:00,,
335,30c23f9b-3046-52c7-aa98-4ded8e8f73ec,complete,in_progress,done,2026-08-30T12:47:50.686165+05:00,"Выполнен ППР: Сепаратор пневматический СП-1 — осмотр, смазка узлов, подтяжка креплений",
335,,ai_verdict,done,ai_review,2026-08-30T12:49:57.328679+05:00,,
335,c8297387-4c37-53d3-8120-a214ac80359e,approve,ai_review,closed,2026-08-30T13:25:02.313943+05:00,,
336,c8297387-4c37-53d3-8120-a214ac80359e,issue,,issued,2026-08-30T09:50:34.869997+05:00,"Плановый ремонт (ППР): Грохот ГИТ-51 №1 — осмотр, смазка, подтяжка креплений, замена изношенных элементов",
336,4d9937c4-06fe-581d-bbee-b905cacaf2cc,accept,issued,accepted,2026-08-30T09:59:09.109101+05:00,,
336,4d9937c4-06fe-581d-bbee-b905cacaf2cc,start,accepted,in_progress,2026-08-30T10:02:19.010689+05:00,,
336,4d9937c4-06fe-581d-bbee-b905cacaf2cc,complete,in_progress,done,2026-08-30T14:23:00.039789+05:00,"Выполнен ППР: Грохот ГИТ-51 №1 — осмотр, смазка узлов, подтяжка креплений",
336,,ai_verdict,done,ai_review,2026-08-30T14:24:18.340691+05:00,,
336,c8297387-4c37-53d3-8120-a214ac80359e,approve,ai_review,closed,2026-08-30T15:23:47.910845+05:00,,
337,c8297387-4c37-53d3-8120-a214ac80359e,issue,,issued,2026-08-30T11:06:11.355335+05:00,Неверные показания температуры,
337,42ef7ac6-1e11-523f-b9a2-a713f308d193,accept,issued,accepted,2026-08-30T11:08:45.719100+05:00,,
337,42ef7ac6-1e11-523f-b9a2-a713f308d193,start,accepted,in_progress,2026-08-30T11:20:10.785946+05:00,,
337,42ef7ac6-1e11-523f-b9a2-a713f308d193,complete,in_progress,done,2026-08-30T12:38:35.460485+05:00,"Заменён датчик, выполнена настройка и проверка сигнала",
337,,ai_verdict,done,ai_review,2026-08-30T12:40:29.731246+05:00,,
337,c8297387-4c37-53d3-8120-a214ac80359e,approve,ai_review,closed,2026-08-30T13:05:06.143462+05:00,,
338,38634255-032f-5302-be4f-e3bb175128c8,issue,,issued,2026-08-31T07:40:29.468370+05:00,"Перегрев электродвигателя, гул",
338,afebbbfd-2a78-5649-81b2-ad4f458ca374,accept,issued,accepted,2026-08-31T07:43:13.568832+05:00,,
338,afebbbfd-2a78-5649-81b2-ad4f458ca374,start,accepted,in_progress,2026-08-31T07:47:11.689229+05:00,,
338,afebbbfd-2a78-5649-81b2-ad4f458ca374,complete,in_progress,done,2026-08-31T12:21:26.457493+05:00,"Заменены подшипники двигателя, проверены обмотки, пуск в норме",
338,,ai_verdict,done,ai_review,2026-08-31T12:23:47.940459+05:00,,
338,38634255-032f-5302-be4f-e3bb175128c8,approve,ai_review,closed,2026-08-31T12:52:39.056498+05:00,,
339,c8297387-4c37-53d3-8120-a214ac80359e,issue,,issued,2026-08-31T08:03:24.603284+05:00,"Плановый ремонт (ППР): Гидропресс П-6326 — осмотр, смазка, подтяжка креплений, замена изношенных элементов",
339,2f23346e-8eed-5645-a1b2-d929d4517246,accept,issued,accepted,2026-08-31T08:14:07.052918+05:00,,
339,2f23346e-8eed-5645-a1b2-d929d4517246,start,accepted,in_progress,2026-08-31T08:17:40.581986+05:00,,
339,2f23346e-8eed-5645-a1b2-d929d4517246,complete,in_progress,done,2026-08-31T10:05:03.557086+05:00,"Выполнен ППР: Гидропресс П-6326 — осмотр, смазка узлов, подтяжка креплений",
339,,ai_verdict,done,ai_review,2026-08-31T10:07:26.361331+05:00,,
339,c8297387-4c37-53d3-8120-a214ac80359e,approve,ai_review,closed,2026-08-31T11:07:20.970901+05:00,,
340,c8297387-4c37-53d3-8120-a214ac80359e,issue,,issued,2026-08-31T08:27:59.950852+05:00,"Плановый ремонт (ППР): Конвейер К-7 — осмотр, смазка, подтяжка креплений, замена изношенных элементов",
340,79413058-e2c0-5b03-adfb-a2a01c58f0d5,accept,issued,accepted,2026-08-31T08:41:38.746581+05:00,,
340,79413058-e2c0-5b03-adfb-a2a01c58f0d5,start,accepted,in_progress,2026-08-31T09:01:25.428901+05:00,,
340,79413058-e2c0-5b03-adfb-a2a01c58f0d5,complete,in_progress,done,2026-08-31T14:27:56.735568+05:00,"Выполнен ППР: Конвейер К-7 — осмотр, смазка узлов, подтяжка креплений",
340,,ai_verdict,done,ai_review,2026-08-31T14:30:12.375919+05:00,,
340,c8297387-4c37-53d3-8120-a214ac80359e,approve,ai_review,closed,2026-08-31T15:07:48.760059+05:00,,
341,c8297387-4c37-53d3-8120-a214ac80359e,issue,,issued,2026-08-31T08:54:08.858316+05:00,"Плановый ремонт (ППР): Насос ГрАТ-450 №1 — осмотр, смазка, подтяжка креплений, замена изношенных элементов",
341,4d9937c4-06fe-581d-bbee-b905cacaf2cc,accept,issued,accepted,2026-08-31T09:07:35.289790+05:00,,
341,4d9937c4-06fe-581d-bbee-b905cacaf2cc,start,accepted,in_progress,2026-08-31T09:13:02.563100+05:00,,
341,4d9937c4-06fe-581d-bbee-b905cacaf2cc,complete,in_progress,done,2026-08-31T15:56:50.817361+05:00,"Выполнен ППР: Насос ГрАТ-450 №1 — осмотр, смазка узлов, подтяжка креплений",
341,,ai_verdict,done,ai_review,2026-08-31T15:58:25.280409+05:00,,
341,c8297387-4c37-53d3-8120-a214ac80359e,approve,ai_review,closed,2026-08-31T16:25:17.371953+05:00,,
342,c8297387-4c37-53d3-8120-a214ac80359e,issue,,issued,2026-08-31T09:08:42.495418+05:00,"Плановый ремонт (ППР): Дробилка КМД-1750 — осмотр, смазка, подтяжка креплений, замена изношенных элементов",
342,4d9937c4-06fe-581d-bbee-b905cacaf2cc,accept,issued,accepted,2026-08-31T09:14:49.862915+05:00,,
342,4d9937c4-06fe-581d-bbee-b905cacaf2cc,start,accepted,in_progress,2026-08-31T09:24:38.991216+05:00,,
342,4d9937c4-06fe-581d-bbee-b905cacaf2cc,complete,in_progress,done,2026-08-31T17:00:13.023408+05:00,"Выполнен ППР: Дробилка КМД-1750 — осмотр, смазка узлов, подтяжка креплений",
342,,ai_verdict,done,ai_review,2026-08-31T17:02:33.836364+05:00,,
342,c8297387-4c37-53d3-8120-a214ac80359e,approve,ai_review,closed,2026-08-31T17:56:57.538628+05:00,,
343,c8297387-4c37-53d3-8120-a214ac80359e,issue,,issued,2026-08-31T09:32:20.600266+05:00,"Плановый ремонт (ППР): Насос ГрАТ-450 №2 — осмотр, смазка, подтяжка креплений, замена изношенных элементов",
343,75808db3-d714-5bc1-8824-97b2c7c6f097,accept,issued,accepted,2026-08-31T09:34:37.626539+05:00,,
343,75808db3-d714-5bc1-8824-97b2c7c6f097,start,accepted,in_progress,2026-08-31T09:53:08.994764+05:00,,
343,75808db3-d714-5bc1-8824-97b2c7c6f097,complete,in_progress,done,2026-08-31T14:14:36.301585+05:00,"Выполнен ППР: Насос ГрАТ-450 №2 — осмотр, смазка узлов, подтяжка креплений",
343,,ai_verdict,done,ai_review,2026-08-31T14:15:59.571429+05:00,,
343,c8297387-4c37-53d3-8120-a214ac80359e,approve,ai_review,closed,2026-08-31T14:48:18.573608+05:00,,
344,c8297387-4c37-53d3-8120-a214ac80359e,issue,,issued,2026-08-31T12:06:49.541626+05:00,Шум и нагрев подшипникового узла привода,
344,2f23346e-8eed-5645-a1b2-d929d4517246,accept,issued,accepted,2026-08-31T12:20:24.575507+05:00,,
344,2f23346e-8eed-5645-a1b2-d929d4517246,start,accepted,in_progress,2026-08-31T12:33:59.850014+05:00,,
344,2f23346e-8eed-5645-a1b2-d929d4517246,complete,in_progress,done,2026-08-31T15:25:56.351875+05:00,"Заменён подшипник, узел промыт и смазан, проверено на холостом ходу",
344,,ai_verdict,done,ai_review,2026-08-31T15:27:48.065566+05:00,,
344,c8297387-4c37-53d3-8120-a214ac80359e,approve,ai_review,closed,2026-08-31T15:51:36.305896+05:00,,
345,c8297387-4c37-53d3-8120-a214ac80359e,issue,,issued,2026-08-31T14:48:04.067872+05:00,Загрязнение масла в картере,
345,1c4d0efe-d6e1-5774-af33-096424b68a1d,accept,issued,accepted,2026-08-31T14:55:46.379201+05:00,,
345,1c4d0efe-d6e1-5774-af33-096424b68a1d,start,accepted,in_progress,2026-08-31T15:04:21.281887+05:00,,
345,1c4d0efe-d6e1-5774-af33-096424b68a1d,complete,in_progress,done,2026-08-31T16:43:52.210524+05:00,"Масло заменено, редуктор промыт",
345,,ai_verdict,done,ai_review,2026-08-31T16:45:36.482048+05:00,,
345,c8297387-4c37-53d3-8120-a214ac80359e,approve,ai_review,closed,2026-08-31T17:01:46.742716+05:00,,
346,c8297387-4c37-53d3-8120-a214ac80359e,issue,,issued,2026-08-31T19:52:07.379884+05:00,"Вибрация, подшипник греется выше 80 °C",
346,2f23346e-8eed-5645-a1b2-d929d4517246,queue,issued,queued,2026-08-31T19:55:37.442563+05:00,,
346,2f23346e-8eed-5645-a1b2-d929d4517246,start,queued,in_progress,2026-08-31T21:52:25.956522+05:00,,
346,2f23346e-8eed-5645-a1b2-d929d4517246,complete,in_progress,done,2026-09-01T00:31:51.902342+05:00,"Заменён подшипник, узел промыт и смазан, проверено на холостом ходу",
346,,ai_verdict,done,ai_review,2026-09-01T00:32:57.851351+05:00,,
346,c8297387-4c37-53d3-8120-a214ac80359e,approve,ai_review,closed,2026-09-01T01:04:17.565180+05:00,,
347,c8297387-4c37-53d3-8120-a214ac80359e,issue,,issued,2026-09-01T08:15:29.806404+05:00,"Плановый ремонт (ППР): Вентилятор ВМ-12 — осмотр, смазка, подтяжка креплений, замена изношенных элементов",
347,2f23346e-8eed-5645-a1b2-d929d4517246,accept,issued,accepted,2026-09-01T08:26:42.445660+05:00,,
347,2f23346e-8eed-5645-a1b2-d929d4517246,start,accepted,in_progress,2026-09-01T08:30:11.342360+05:00,,
347,2f23346e-8eed-5645-a1b2-d929d4517246,complete,in_progress,done,2026-09-01T10:36:29.398969+05:00,"Выполнен ППР: Вентилятор ВМ-12 — осмотр, смазка узлов, подтяжка креплений",
347,,ai_verdict,done,ai_review,2026-09-01T10:37:50.378896+05:00,,
347,c8297387-4c37-53d3-8120-a214ac80359e,approve,ai_review,closed,2026-09-01T11:16:29.493515+05:00,,
348,c8297387-4c37-53d3-8120-a214ac80359e,issue,,issued,2026-09-01T08:55:40.189835+05:00,"Плановый ремонт (ППР): Сушильный барабан СБ-1 — осмотр, смазка, подтяжка креплений, замена изношенных элементов",
348,2f23346e-8eed-5645-a1b2-d929d4517246,accept,issued,accepted,2026-09-01T08:58:51.630002+05:00,,
348,2f23346e-8eed-5645-a1b2-d929d4517246,start,accepted,in_progress,2026-09-01T09:08:50.260390+05:00,,
348,2f23346e-8eed-5645-a1b2-d929d4517246,complete,in_progress,done,2026-09-01T16:01:51.995169+05:00,"Выполнен ППР: Сушильный барабан СБ-1 — осмотр, смазка узлов, подтяжка креплений",
348,,ai_verdict,done,ai_review,2026-09-01T16:04:47.974575+05:00,,
348,c8297387-4c37-53d3-8120-a214ac80359e,approve,ai_review,closed,2026-09-01T16:25:38.319700+05:00,,
349,c8297387-4c37-53d3-8120-a214ac80359e,issue,,issued,2026-09-01T09:19:30.559370+05:00,Узел работает без смазки,
349,4cd857ba-990a-5264-9b16-d26a06a3e6f4,accept,issued,accepted,2026-09-01T09:21:16.277121+05:00,,
349,4cd857ba-990a-5264-9b16-d26a06a3e6f4,start,accepted,in_progress,2026-09-01T09:34:49.985070+05:00,,
349,4cd857ba-990a-5264-9b16-d26a06a3e6f4,complete,in_progress,done,2026-09-01T10:22:48.739035+05:00,"Узлы смазаны, проверен нагрев",
349,,ai_verdict,done,ai_review,2026-09-01T10:24:29.696986+05:00,,
349,c8297387-4c37-53d3-8120-a214ac80359e,approve,ai_review,closed,2026-09-01T10:40:42.108421+05:00,,
350,c8297387-4c37-53d3-8120-a214ac80359e,issue,,issued,2026-09-01T09:33:53.360173+05:00,"Плановый ремонт (ППР): Насос ГрАТ-450 №3 — осмотр, смазка, подтяжка креплений, замена изношенных элементов",
350,4d9937c4-06fe-581d-bbee-b905cacaf2cc,accept,issued,accepted,2026-09-01T09:42:20.052690+05:00,,
350,4d9937c4-06fe-581d-bbee-b905cacaf2cc,start,accepted,in_progress,2026-09-01T09:52:17.625470+05:00,,
350,4d9937c4-06fe-581d-bbee-b905cacaf2cc,complete,in_progress,done,2026-09-01T12:45:46.682911+05:00,"Выполнен ППР: Насос ГрАТ-450 №3 — осмотр, смазка узлов, подтяжка креплений",
350,,ai_verdict,done,ai_review,2026-09-01T12:48:21.437153+05:00,,
350,c8297387-4c37-53d3-8120-a214ac80359e,approve,ai_review,closed,2026-09-01T13:15:48.659794+05:00,,
351,38634255-032f-5302-be4f-e3bb175128c8,issue,,issued,2026-09-01T20:35:21.125252+05:00,"Вибрация, подшипник греется выше 80 °C",
351,30c23f9b-3046-52c7-aa98-4ded8e8f73ec,accept,issued,accepted,2026-09-01T20:40:23.477384+05:00,,
351,30c23f9b-3046-52c7-aa98-4ded8e8f73ec,start,accepted,in_progress,2026-09-01T20:51:33.233403+05:00,,
351,30c23f9b-3046-52c7-aa98-4ded8e8f73ec,complete,in_progress,done,2026-09-01T23:04:45.478903+05:00,"Заменён подшипник, узел промыт и смазан, проверено на холостом ходу",
351,,ai_verdict,done,ai_review,2026-09-01T23:07:03.376298+05:00,,
351,38634255-032f-5302-be4f-e3bb175128c8,approve,ai_review,closed,2026-09-01T23:29:57.676883+05:00,,
352,38634255-032f-5302-be4f-e3bb175128c8,issue,,issued,2026-09-02T07:24:21.008029+05:00,"Течь гидрожидкости, лужа под агрегатом",
352,48146e97-4033-5976-9433-13e5009595cb,accept,issued,accepted,2026-09-02T07:27:07.971304+05:00,,
352,48146e97-4033-5976-9433-13e5009595cb,start,accepted,in_progress,2026-09-02T07:40:45.633126+05:00,,
352,48146e97-4033-5976-9433-13e5009595cb,complete,in_progress,done,2026-09-02T10:14:13.845822+05:00,"Заменены уплотнения, долито масло, течь устранена",
352,,ai_verdict,done,ai_review,2026-09-02T10:16:04.750787+05:00,,
352,38634255-032f-5302-be4f-e3bb175128c8,approve,ai_review,closed,2026-09-02T10:50:13.512466+05:00,,
353,c8297387-4c37-53d3-8120-a214ac80359e,issue,,issued,2026-09-02T08:06:52.643593+05:00,"Плановый ремонт (ППР): Дымосос ДН-15 — осмотр, смазка, подтяжка креплений, замена изношенных элементов",
353,1c4d0efe-d6e1-5774-af33-096424b68a1d,accept,issued,accepted,2026-09-02T08:16:19.286851+05:00,,
353,1c4d0efe-d6e1-5774-af33-096424b68a1d,start,accepted,in_progress,2026-09-02T08:33:30.556371+05:00,,
353,1c4d0efe-d6e1-5774-af33-096424b68a1d,complete,in_progress,done,2026-09-02T12:26:15.799974+05:00,"Выполнен ППР: Дымосос ДН-15 — осмотр, смазка узлов, подтяжка креплений",
353,,ai_verdict,done,ai_review,2026-09-02T12:29:09.002569+05:00,,
353,c8297387-4c37-53d3-8120-a214ac80359e,approve,ai_review,closed,2026-09-02T12:45:00.824898+05:00,,
354,c8297387-4c37-53d3-8120-a214ac80359e,issue,,issued,2026-09-02T08:26:37.238446+05:00,"Плановый ремонт (ППР): Сварочный пост СП-2 — осмотр, смазка, подтяжка креплений, замена изношенных элементов",
354,79413058-e2c0-5b03-adfb-a2a01c58f0d5,accept,issued,accepted,2026-09-02T08:40:05.839630+05:00,,
354,79413058-e2c0-5b03-adfb-a2a01c58f0d5,start,accepted,in_progress,2026-09-02T08:58:20.183630+05:00,,
354,79413058-e2c0-5b03-adfb-a2a01c58f0d5,pause,in_progress,paused,2026-09-02T10:01:56.037310+05:00,,ждёт допуска
354,79413058-e2c0-5b03-adfb-a2a01c58f0d5,start,paused,in_progress,2026-09-02T12:13:19.608479+05:00,,
354,79413058-e2c0-5b03-adfb-a2a01c58f0d5,complete,in_progress,done,2026-09-02T13:48:43.388999+05:00,"Выполнен ППР: Сварочный пост СП-2 — осмотр, смазка узлов, подтяжка креплений",
354,,ai_verdict,done,ai_review,2026-09-02T13:51:08.057185+05:00,,
354,c8297387-4c37-53d3-8120-a214ac80359e,approve,ai_review,closed,2026-09-02T14:25:52.628012+05:00,,
355,c8297387-4c37-53d3-8120-a214ac80359e,issue,,issued,2026-09-02T08:52:34.582011+05:00,"Перегрев узла, сухое трение",
355,4d9937c4-06fe-581d-bbee-b905cacaf2cc,accept,issued,accepted,2026-09-02T09:02:45.223501+05:00,,
355,4d9937c4-06fe-581d-bbee-b905cacaf2cc,start,accepted,in_progress,2026-09-02T09:17:00.786405+05:00,,
355,4d9937c4-06fe-581d-bbee-b905cacaf2cc,complete,in_progress,done,2026-09-02T10:43:02.694515+05:00,"Узлы смазаны, проверен нагрев",
355,,ai_verdict,done,ai_review,2026-09-02T10:44:34.283710+05:00,,
355,c8297387-4c37-53d3-8120-a214ac80359e,approve,ai_review,closed,2026-09-02T11:41:27.607757+05:00,,
356,c8297387-4c37-53d3-8120-a214ac80359e,issue,,issued,2026-09-02T09:29:00.563037+05:00,Нет сигнала с датчика положения,
356,42ef7ac6-1e11-523f-b9a2-a713f308d193,accept,issued,accepted,2026-09-02T09:32:09.612350+05:00,,
356,42ef7ac6-1e11-523f-b9a2-a713f308d193,start,accepted,in_progress,2026-09-02T09:35:36.420271+05:00,,
356,42ef7ac6-1e11-523f-b9a2-a713f308d193,complete,in_progress,done,2026-09-02T11:57:10.819666+05:00,"Заменён датчик, выполнена настройка и проверка сигнала",
356,,ai_verdict,done,ai_review,2026-09-02T11:58:29.725618+05:00,,
356,c8297387-4c37-53d3-8120-a214ac80359e,approve,ai_review,closed,2026-09-02T12:36:00.395944+05:00,,
357,c8297387-4c37-53d3-8120-a214ac80359e,issue,,issued,2026-09-03T08:14:11.637252+05:00,"Плановый ремонт (ППР): Кран мостовой 10 т — осмотр, смазка, подтяжка креплений, замена изношенных элементов",
357,30c23f9b-3046-52c7-aa98-4ded8e8f73ec,reject,issued,rejected,2026-09-03T08:19:51.617757+05:00,,нет материалов
357,c8297387-4c37-53d3-8120-a214ac80359e,reassign,rejected,issued,2026-09-03T08:24:35.166717+05:00,,
357,4d9937c4-06fe-581d-bbee-b905cacaf2cc,accept,issued,accepted,2026-09-03T08:30:39.951728+05:00,,
357,4d9937c4-06fe-581d-bbee-b905cacaf2cc,start,accepted,in_progress,2026-09-03T08:46:48.979303+05:00,,
357,4d9937c4-06fe-581d-bbee-b905cacaf2cc,complete,in_progress,done,2026-09-03T10:55:05.119698+05:00,"Выполнен ППР: Кран мостовой 10 т — осмотр, смазка узлов, подтяжка креплений",
357,,ai_verdict,done,ai_review,2026-09-03T10:56:55.480444+05:00,,
357,c8297387-4c37-53d3-8120-a214ac80359e,approve,ai_review,closed,2026-09-03T11:56:44.812596+05:00,,
358,c8297387-4c37-53d3-8120-a214ac80359e,issue,,issued,2026-09-03T08:25:13.617561+05:00,"Плановый ремонт (ППР): Дробилка ККД-1500 — осмотр, смазка, подтяжка креплений, замена изношенных элементов",
358,1c4d0efe-d6e1-5774-af33-096424b68a1d,reject,issued,rejected,2026-09-03T08:30:06.038297+05:00,,нет материалов
358,c8297387-4c37-53d3-8120-a214ac80359e,reassign,rejected,issued,2026-09-03T08:34:35.260246+05:00,,
358,30c23f9b-3046-52c7-aa98-4ded8e8f73ec,accept,issued,accepted,2026-09-03T08:45:47.032637+05:00,,
358,30c23f9b-3046-52c7-aa98-4ded8e8f73ec,start,accepted,in_progress,2026-09-03T08:50:54.352971+05:00,,
358,30c23f9b-3046-52c7-aa98-4ded8e8f73ec,complete,in_progress,done,2026-09-03T16:05:24.850318+05:00,"Выполнен ППР: Дробилка ККД-1500 — осмотр, смазка узлов, подтяжка креплений",
358,,ai_verdict,done,ai_review,2026-09-03T16:06:45.133463+05:00,,
358,c8297387-4c37-53d3-8120-a214ac80359e,approve,ai_review,closed,2026-09-03T16:41:30.159472+05:00,,
359,c8297387-4c37-53d3-8120-a214ac80359e,issue,,issued,2026-09-03T09:02:57.499541+05:00,"Плановый ремонт (ППР): Конвейер К-1 — осмотр, смазка, подтяжка креплений, замена изношенных элементов",
359,4d9937c4-06fe-581d-bbee-b905cacaf2cc,accept,issued,accepted,2026-09-03T09:15:19.448398+05:00,,
359,4d9937c4-06fe-581d-bbee-b905cacaf2cc,start,accepted,in_progress,2026-09-03T09:17:49.739969+05:00,,
359,4d9937c4-06fe-581d-bbee-b905cacaf2cc,complete,in_progress,done,2026-09-03T13:30:12.098853+05:00,"Выполнен ППР: Конвейер К-1 — осмотр, смазка узлов, подтяжка креплений",
359,,ai_verdict,done,ai_review,2026-09-03T13:32:55.518941+05:00,,
359,c8297387-4c37-53d3-8120-a214ac80359e,approve,ai_review,closed,2026-09-03T13:49:13.167010+05:00,,
360,c8297387-4c37-53d3-8120-a214ac80359e,issue,,issued,2026-09-03T09:17:37.413831+05:00,"Плановый ремонт (ППР): Конвейер К-3 — осмотр, смазка, подтяжка креплений, замена изношенных элементов",
360,79413058-e2c0-5b03-adfb-a2a01c58f0d5,accept,issued,accepted,2026-09-03T09:20:56.031129+05:00,,
360,79413058-e2c0-5b03-adfb-a2a01c58f0d5,start,accepted,in_progress,2026-09-03T09:36:11.593808+05:00,,
360,79413058-e2c0-5b03-adfb-a2a01c58f0d5,complete,in_progress,done,2026-09-03T13:39:14.761044+05:00,"Выполнен ППР: Конвейер К-3 — осмотр, смазка узлов, подтяжка креплений",
360,,ai_verdict,done,ai_review,2026-09-03T13:40:32.949499+05:00,,
360,c8297387-4c37-53d3-8120-a214ac80359e,approve,ai_review,closed,2026-09-03T14:05:37.046809+05:00,,
361,38634255-032f-5302-be4f-e3bb175128c8,issue,,issued,2026-09-03T23:12:35.866938+05:00,Течь масла из-под уплотнения,
361,9d7fbeed-09f8-55cd-9cc1-8e28b1c8a47a,accept,issued,accepted,2026-09-03T23:15:14.922335+05:00,,
361,9d7fbeed-09f8-55cd-9cc1-8e28b1c8a47a,start,accepted,in_progress,2026-09-03T23:18:09.988058+05:00,,
361,9d7fbeed-09f8-55cd-9cc1-8e28b1c8a47a,complete,in_progress,done,2026-09-04T03:15:54.641579+05:00,"Заменены уплотнения, долито масло, течь устранена",
361,,ai_verdict,done,ai_review,2026-09-04T03:17:31.005917+05:00,,
361,38634255-032f-5302-be4f-e3bb175128c8,approve,ai_review,closed,2026-09-04T04:12:17.916091+05:00,,
362,38634255-032f-5302-be4f-e3bb175128c8,issue,,issued,2026-09-04T00:16:58.139583+05:00,Пробой изоляции кабеля питания,
362,ee96e203-5cd8-5eb3-be58-94fd2ac2392a,reject,issued,rejected,2026-09-04T00:22:26.203922+05:00,,занят аварийным нарядом
362,38634255-032f-5302-be4f-e3bb175128c8,reassign,rejected,issued,2026-09-04T00:25:48.794111+05:00,,
362,42ef7ac6-1e11-523f-b9a2-a713f308d193,accept,issued,accepted,2026-09-04T00:27:55.829904+05:00,,
362,42ef7ac6-1e11-523f-b9a2-a713f308d193,start,accepted,in_progress,2026-09-04T00:45:10.371755+05:00,,
362,42ef7ac6-1e11-523f-b9a2-a713f308d193,complete,in_progress,done,2026-09-04T03:31:17.753014+05:00,"Заменён участок кабеля, выполнено оконцевание, проверена изоляция",
362,,ai_verdict,done,ai_review,2026-09-04T03:33:31.021180+05:00,,
362,38634255-032f-5302-be4f-e3bb175128c8,approve,ai_review,closed,2026-09-04T04:17:44.390573+05:00,,
363,38634255-032f-5302-be4f-e3bb175128c8,issue,,issued,2026-09-04T03:44:30.530055+05:00,"Вибрация, подшипник греется выше 80 °C",
363,79413058-e2c0-5b03-adfb-a2a01c58f0d5,accept,issued,accepted,2026-09-04T03:49:03.963114+05:00,,
363,79413058-e2c0-5b03-adfb-a2a01c58f0d5,start,accepted,in_progress,2026-09-04T04:05:00.858676+05:00,,
363,79413058-e2c0-5b03-adfb-a2a01c58f0d5,pause,in_progress,paused,2026-09-04T05:19:08.355442+05:00,,ждёт допуска
363,79413058-e2c0-5b03-adfb-a2a01c58f0d5,start,paused,in_progress,2026-09-04T07:06:41.940790+05:00,,
363,79413058-e2c0-5b03-adfb-a2a01c58f0d5,complete,in_progress,done,2026-09-04T08:57:53.185939+05:00,"Заменён подшипник, узел промыт и смазан, проверено на холостом ходу",
363,,ai_verdict,done,ai_review,2026-09-04T08:59:08.709976+05:00,,
363,38634255-032f-5302-be4f-e3bb175128c8,approve,ai_review,closed,2026-09-04T09:14:17.140005+05:00,,
364,38634255-032f-5302-be4f-e3bb175128c8,issue,,issued,2026-09-04T05:19:43.808188+05:00,"Перегрев узла, сухое трение",
364,4d9937c4-06fe-581d-bbee-b905cacaf2cc,accept,issued,accepted,2026-09-04T05:22:58.513691+05:00,,
364,4d9937c4-06fe-581d-bbee-b905cacaf2cc,start,accepted,in_progress,2026-09-04T05:36:11.958885+05:00,,
364,4d9937c4-06fe-581d-bbee-b905cacaf2cc,complete,in_progress,done,2026-09-04T06:31:15.157960+05:00,"Узлы смазаны, проверен нагрев",
364,,ai_verdict,done,ai_review,2026-09-04T06:32:30.121642+05:00,,
364,38634255-032f-5302-be4f-e3bb175128c8,approve,ai_review,closed,2026-09-04T06:52:19.464755+05:00,,
365,38634255-032f-5302-be4f-e3bb175128c8,issue,,issued,2026-09-04T06:06:21.908416+05:00,Неверные показания температуры,
365,ee96e203-5cd8-5eb3-be58-94fd2ac2392a,accept,issued,accepted,2026-09-04T06:17:17.419334+05:00,,
365,ee96e203-5cd8-5eb3-be58-94fd2ac2392a,start,accepted,in_progress,2026-09-04T06:32:59.264168+05:00,,
365,ee96e203-5cd8-5eb3-be58-94fd2ac2392a,complete,in_progress,done,2026-09-04T07:34:46.735609+05:00,"Заменён датчик, выполнена настройка и проверка сигнала",
365,,ai_verdict,done,ai_review,2026-09-04T07:35:51.290547+05:00,,
365,38634255-032f-5302-be4f-e3bb175128c8,approve,ai_review,closed,2026-09-04T07:46:19.199262+05:00,,
366,c8297387-4c37-53d3-8120-a214ac80359e,issue,,issued,2026-09-04T08:31:03.584310+05:00,"Плановый ремонт (ППР): Грохот ГИТ-51 №2 — осмотр, смазка, подтяжка креплений, замена изношенных элементов",
366,4d9937c4-06fe-581d-bbee-b905cacaf2cc,accept,issued,accepted,2026-09-04T08:41:42.818821+05:00,,
366,4d9937c4-06fe-581d-bbee-b905cacaf2cc,start,accepted,in_progress,2026-09-04T08:53:31.343499+05:00,,
366,4d9937c4-06fe-581d-bbee-b905cacaf2cc,complete,in_progress,done,2026-09-04T13:24:40.291984+05:00,"Выполнен ППР: Грохот ГИТ-51 №2 — осмотр, смазка узлов, подтяжка креплений",
366,,ai_verdict,done,ai_review,2026-09-04T13:27:28.621613+05:00,,
366,c8297387-4c37-53d3-8120-a214ac80359e,approve,ai_review,closed,2026-09-04T14:18:54.482418+05:00,,
367,c8297387-4c37-53d3-8120-a214ac80359e,issue,,issued,2026-09-04T09:45:26.069540+05:00,"Плановый ремонт (ППР): Сушильный барабан СБ-2 — осмотр, смазка, подтяжка креплений, замена изношенных элементов",
367,30c23f9b-3046-52c7-aa98-4ded8e8f73ec,accept,issued,accepted,2026-09-04T09:59:38.124747+05:00,,
367,30c23f9b-3046-52c7-aa98-4ded8e8f73ec,start,accepted,in_progress,2026-09-04T10:11:43.162053+05:00,,
367,30c23f9b-3046-52c7-aa98-4ded8e8f73ec,complete,in_progress,done,2026-09-04T14:12:09.018840+05:00,"Выполнен ППР: Сушильный барабан СБ-2 — осмотр, смазка узлов, подтяжка креплений",
367,,ai_verdict,done,ai_review,2026-09-04T14:14:12.210233+05:00,,
367,c8297387-4c37-53d3-8120-a214ac80359e,approve,ai_review,closed,2026-09-04T14:52:33.410565+05:00,,
368,c8297387-4c37-53d3-8120-a214ac80359e,issue,,issued,2026-09-04T13:46:19.783335+05:00,"Течь гидрожидкости, лужа под агрегатом",
368,9d7fbeed-09f8-55cd-9cc1-8e28b1c8a47a,accept,issued,accepted,2026-09-04T13:49:28.234953+05:00,,
368,9d7fbeed-09f8-55cd-9cc1-8e28b1c8a47a,start,accepted,in_progress,2026-09-04T14:03:00.655136+05:00,,
368,9d7fbeed-09f8-55cd-9cc1-8e28b1c8a47a,pause,in_progress,paused,2026-09-04T14:30:31.219830+05:00,,ждёт допуска
368,9d7fbeed-09f8-55cd-9cc1-8e28b1c8a47a,start,paused,in_progress,2026-09-04T15:27:39.343451+05:00,,
368,9d7fbeed-09f8-55cd-9cc1-8e28b1c8a47a,complete,in_progress,done,2026-09-04T16:08:55.190493+05:00,"Заменены уплотнения, долито масло, течь устранена",
368,,ai_verdict,done,ai_review,2026-09-04T16:11:10.794487+05:00,,
368,c8297387-4c37-53d3-8120-a214ac80359e,approve,ai_review,closed,2026-09-04T16:57:35.212215+05:00,,
369,38634255-032f-5302-be4f-e3bb175128c8,issue,,issued,2026-09-04T22:17:34.362514+05:00,"Вибрация, подшипник греется выше 80 °C",
369,4cd857ba-990a-5264-9b16-d26a06a3e6f4,accept,issued,accepted,2026-09-04T22:26:40.575957+05:00,,
369,4cd857ba-990a-5264-9b16-d26a06a3e6f4,start,accepted,in_progress,2026-09-04T22:32:04.667602+05:00,,
369,4cd857ba-990a-5264-9b16-d26a06a3e6f4,complete,in_progress,done,2026-09-05T01:02:02.903143+05:00,"Заменён подшипник, узел промыт и смазан, проверено на холостом ходу",
369,,ai_verdict,done,ai_review,2026-09-05T01:04:53.506899+05:00,,
369,38634255-032f-5302-be4f-e3bb175128c8,approve,ai_review,closed,2026-09-05T01:55:40.768399+05:00,,
370,38634255-032f-5302-be4f-e3bb175128c8,issue,,issued,2026-09-05T04:21:33.348755+05:00,"Вибрация, подшипник греется выше 80 °C",
370,2f23346e-8eed-5645-a1b2-d929d4517246,accept,issued,accepted,2026-09-05T04:25:15.363314+05:00,,
370,2f23346e-8eed-5645-a1b2-d929d4517246,start,accepted,in_progress,2026-09-05T04:27:52.579459+05:00,,
370,2f23346e-8eed-5645-a1b2-d929d4517246,complete,in_progress,done,2026-09-05T10:06:16.959367+05:00,"Заменён подшипник, узел промыт и смазан, проверено на холостом ходу",
370,,ai_verdict,done,ai_review,2026-09-05T10:09:02.674820+05:00,,
370,38634255-032f-5302-be4f-e3bb175128c8,approve,ai_review,closed,2026-09-05T10:58:11.093106+05:00,,
371,38634255-032f-5302-be4f-e3bb175128c8,issue,,issued,2026-09-05T05:04:40.610985+05:00,Узел работает без смазки,
371,1c4d0efe-d6e1-5774-af33-096424b68a1d,accept,issued,accepted,2026-09-05T05:18:27.160226+05:00,,
371,1c4d0efe-d6e1-5774-af33-096424b68a1d,start,accepted,in_progress,2026-09-05T05:30:51.043969+05:00,,
371,1c4d0efe-d6e1-5774-af33-096424b68a1d,complete,in_progress,done,2026-09-05T06:44:29.604189+05:00,"Узлы смазаны, проверен нагрев",
371,,ai_verdict,done,rework,2026-09-05T06:47:27.755375+05:00,,Работы не соответствуют проблеме / нет фото «после»
371,1c4d0efe-d6e1-5774-af33-096424b68a1d,start,rework,in_progress,2026-09-05T07:14:54.538812+05:00,,
371,1c4d0efe-d6e1-5774-af33-096424b68a1d,complete,in_progress,done,2026-09-05T07:32:54.538812+05:00,"Узлы смазаны, проверен нагрев",
371,,ai_verdict,done,ai_review,2026-09-05T07:35:28.616854+05:00,,
371,38634255-032f-5302-be4f-e3bb175128c8,approve,ai_review,closed,2026-09-05T08:29:06.793170+05:00,,
372,c8297387-4c37-53d3-8120-a214ac80359e,issue,,issued,2026-09-05T08:22:15.565351+05:00,"Плановый ремонт (ППР): Рукавный фильтр РФ-2 — осмотр, смазка, подтяжка креплений, замена изношенных элементов",
372,75808db3-d714-5bc1-8824-97b2c7c6f097,accept,issued,accepted,2026-09-05T08:29:00.832293+05:00,,
372,75808db3-d714-5bc1-8824-97b2c7c6f097,start,accepted,in_progress,2026-09-05T08:47:38.608949+05:00,,
372,75808db3-d714-5bc1-8824-97b2c7c6f097,complete,in_progress,done,2026-09-05T10:52:00.069090+05:00,"Выполнен ППР: Рукавный фильтр РФ-2 — осмотр, смазка узлов, подтяжка креплений",
372,,ai_verdict,done,ai_review,2026-09-05T10:54:23.178219+05:00,,
372,c8297387-4c37-53d3-8120-a214ac80359e,approve,ai_review,closed,2026-09-05T11:06:31.974997+05:00,,
373,c8297387-4c37-53d3-8120-a214ac80359e,issue,,issued,2026-09-05T08:33:39.400382+05:00,"Плановый ремонт (ППР): Рукавный фильтр РФ-1 — осмотр, смазка, подтяжка креплений, замена изношенных элементов",
373,75808db3-d714-5bc1-8824-97b2c7c6f097,accept,issued,accepted,2026-09-05T08:40:00.838687+05:00,,
373,75808db3-d714-5bc1-8824-97b2c7c6f097,start,accepted,in_progress,2026-09-05T08:43:31.314209+05:00,,
373,75808db3-d714-5bc1-8824-97b2c7c6f097,complete,in_progress,done,2026-09-05T12:14:53.401813+05:00,"Выполнен ППР: Рукавный фильтр РФ-1 — осмотр, смазка узлов, подтяжка креплений",
373,,ai_verdict,done,ai_review,2026-09-05T12:16:06.673454+05:00,,
373,c8297387-4c37-53d3-8120-a214ac80359e,approve,ai_review,closed,2026-09-05T12:33:28.490181+05:00,,
374,c8297387-4c37-53d3-8120-a214ac80359e,issue,,issued,2026-09-05T08:39:39.945961+05:00,"Плановый ремонт (ППР): Токарный станок 1М63 — осмотр, смазка, подтяжка креплений, замена изношенных элементов",
374,4d9937c4-06fe-581d-bbee-b905cacaf2cc,accept,issued,accepted,2026-09-05T08:44:18.929504+05:00,,
374,4d9937c4-06fe-581d-bbee-b905cacaf2cc,start,accepted,in_progress,2026-09-05T08:52:44.299703+05:00,,
374,4d9937c4-06fe-581d-bbee-b905cacaf2cc,complete,in_progress,done,2026-09-05T12:08:37.071690+05:00,"Выполнен ППР: Токарный станок 1М63 — осмотр, смазка узлов, подтяжка креплений",
374,,ai_verdict,done,ai_review,2026-09-05T12:09:42.735303+05:00,,
374,c8297387-4c37-53d3-8120-a214ac80359e,approve,ai_review,closed,2026-09-05T13:01:57.879189+05:00,,
375,c8297387-4c37-53d3-8120-a214ac80359e,issue,,issued,2026-09-05T09:09:17.448183+05:00,"Плановый ремонт (ППР): Питатель пластинчатый ПП-1 — осмотр, смазка, подтяжка креплений, замена изношенных элементов",
375,30c23f9b-3046-52c7-aa98-4ded8e8f73ec,accept,issued,accepted,2026-09-05T09:12:52.999555+05:00,,
375,30c23f9b-3046-52c7-aa98-4ded8e8f73ec,start,accepted,in_progress,2026-09-05T09:30:24.987735+05:00,,
375,30c23f9b-3046-52c7-aa98-4ded8e8f73ec,complete,in_progress,done,2026-09-05T12:05:56.057937+05:00,"Выполнен ППР: Питатель пластинчатый ПП-1 — осмотр, смазка узлов, подтяжка креплений",
375,,ai_verdict,done,ai_review,2026-09-05T12:07:25.138187+05:00,,
375,c8297387-4c37-53d3-8120-a214ac80359e,approve,ai_review,closed,2026-09-05T12:57:01.078979+05:00,,
376,c8297387-4c37-53d3-8120-a214ac80359e,issue,,issued,2026-09-05T11:18:57.644688+05:00,"Вибрация, подшипник греется выше 80 °C",
376,75808db3-d714-5bc1-8824-97b2c7c6f097,queue,issued,queued,2026-09-05T11:31:23.223147+05:00,,
376,75808db3-d714-5bc1-8824-97b2c7c6f097,start,queued,in_progress,2026-09-05T12:09:43.357170+05:00,,
376,75808db3-d714-5bc1-8824-97b2c7c6f097,complete,in_progress,done,2026-09-05T14:47:08.802897+05:00,"Заменён подшипник, узел промыт и смазан, проверено на холостом ходу",
376,,ai_verdict,done,ai_review,2026-09-05T14:48:23.667767+05:00,,
376,c8297387-4c37-53d3-8120-a214ac80359e,approve,ai_review,closed,2026-09-05T15:31:43.574138+05:00,,
377,c8297387-4c37-53d3-8120-a214ac80359e,issue,,issued,2026-09-06T08:03:05.689707+05:00,"Плановый ремонт (ППР): Сепаратор пневматический СП-1 — осмотр, смазка, подтяжка креплений, замена изношенных элементов",
377,30c23f9b-3046-52c7-aa98-4ded8e8f73ec,accept,issued,accepted,2026-09-06T08:14:37.864943+05:00,,
377,30c23f9b-3046-52c7-aa98-4ded8e8f73ec,start,accepted,in_progress,2026-09-06T08:25:22.474748+05:00,,
377,30c23f9b-3046-52c7-aa98-4ded8e8f73ec,complete,in_progress,done,2026-09-06T10:34:43.315400+05:00,"Выполнен ППР: Сепаратор пневматический СП-1 — осмотр, смазка узлов, подтяжка креплений",
377,,ai_verdict,done,ai_review,2026-09-06T10:37:27.478966+05:00,,
377,c8297387-4c37-53d3-8120-a214ac80359e,approve,ai_review,closed,2026-09-06T10:50:49.706806+05:00,,
378,c8297387-4c37-53d3-8120-a214ac80359e,issue,,issued,2026-09-06T08:31:12.795726+05:00,"Плановый ремонт (ППР): Грохот ГИТ-51 №1 — осмотр, смазка, подтяжка креплений, замена изношенных элементов",
378,79413058-e2c0-5b03-adfb-a2a01c58f0d5,accept,issued,accepted,2026-09-06T08:45:33.594495+05:00,,
378,79413058-e2c0-5b03-adfb-a2a01c58f0d5,start,accepted,in_progress,2026-09-06T09:01:57.354548+05:00,,
378,79413058-e2c0-5b03-adfb-a2a01c58f0d5,pause,in_progress,paused,2026-09-06T11:40:30.062592+05:00,,ждёт остановки оборудования
378,79413058-e2c0-5b03-adfb-a2a01c58f0d5,start,paused,in_progress,2026-09-06T13:08:04.884761+05:00,,
378,79413058-e2c0-5b03-adfb-a2a01c58f0d5,complete,in_progress,done,2026-09-06T17:05:53.946827+05:00,"Выполнен ППР: Грохот ГИТ-51 №1 — осмотр, смазка узлов, подтяжка креплений",
378,,ai_verdict,done,ai_review,2026-09-06T17:07:08.381195+05:00,,
378,c8297387-4c37-53d3-8120-a214ac80359e,approve,ai_review,closed,2026-09-06T17:46:09.304585+05:00,,
379,c8297387-4c37-53d3-8120-a214ac80359e,issue,,issued,2026-09-06T08:38:46.573563+05:00,Залипание контактов контактора,
379,afebbbfd-2a78-5649-81b2-ad4f458ca374,queue,issued,queued,2026-09-06T08:53:04.290256+05:00,,
379,afebbbfd-2a78-5649-81b2-ad4f458ca374,start,queued,in_progress,2026-09-06T09:28:08.935995+05:00,,
379,afebbbfd-2a78-5649-81b2-ad4f458ca374,complete,in_progress,done,2026-09-06T10:57:14.126533+05:00,"Заменён пускатель/контактор, проверена схема управления",
379,,ai_verdict,done,ai_review,2026-09-06T10:59:30.524244+05:00,,
379,c8297387-4c37-53d3-8120-a214ac80359e,approve,ai_review,closed,2026-09-06T11:29:48.465016+05:00,,
380,c8297387-4c37-53d3-8120-a214ac80359e,issue,,issued,2026-09-06T08:55:31.222885+05:00,"Плановый ремонт (ППР): Компрессор ВК-20 — осмотр, смазка, подтяжка креплений, замена изношенных элементов",
380,4d9937c4-06fe-581d-bbee-b905cacaf2cc,accept,issued,accepted,2026-09-06T09:09:57.971839+05:00,,
380,4d9937c4-06fe-581d-bbee-b905cacaf2cc,start,accepted,in_progress,2026-09-06T09:19:41.392912+05:00,,
380,4d9937c4-06fe-581d-bbee-b905cacaf2cc,complete,in_progress,done,2026-09-06T10:46:24.082028+05:00,"Выполнен ППР: Компрессор ВК-20 — осмотр, смазка узлов, подтяжка креплений",
380,,ai_verdict,done,ai_review,2026-09-06T10:48:19.644525+05:00,,
380,c8297387-4c37-53d3-8120-a214ac80359e,approve,ai_review,closed,2026-09-06T11:31:31.941101+05:00,,
381,c8297387-4c37-53d3-8120-a214ac80359e,issue,,issued,2026-09-06T08:56:24.290321+05:00,"Плановый ремонт (ППР): Конвейер К-2 — осмотр, смазка, подтяжка креплений, замена изношенных элементов",
381,30c23f9b-3046-52c7-aa98-4ded8e8f73ec,accept,issued,accepted,2026-09-06T09:08:02.576956+05:00,,
381,30c23f9b-3046-52c7-aa98-4ded8e8f73ec,start,accepted,in_progress,2026-09-06T09:19:42.262561+05:00,,
381,30c23f9b-3046-52c7-aa98-4ded8e8f73ec,complete,in_progress,done,2026-09-06T13:21:57.547939+05:00,"Выполнен ППР: Конвейер К-2 — осмотр, смазка узлов, подтяжка креплений",
381,,ai_verdict,done,ai_review,2026-09-06T13:23:45.146981+05:00,,
381,c8297387-4c37-53d3-8120-a214ac80359e,approve,ai_review,closed,2026-09-06T14:04:01.400628+05:00,,
382,c8297387-4c37-53d3-8120-a214ac80359e,issue,,issued,2026-09-06T09:40:44.783691+05:00,"Плановый ремонт (ППР): Компрессор ВК-10 — осмотр, смазка, подтяжка креплений, замена изношенных элементов",
382,30c23f9b-3046-52c7-aa98-4ded8e8f73ec,accept,issued,accepted,2026-09-06T09:51:57.257657+05:00,,
382,30c23f9b-3046-52c7-aa98-4ded8e8f73ec,start,accepted,in_progress,2026-09-06T10:05:33.088866+05:00,,
382,30c23f9b-3046-52c7-aa98-4ded8e8f73ec,complete,in_progress,done,2026-09-06T12:23:24.761935+05:00,"Выполнен ППР: Компрессор ВК-10 — осмотр, смазка узлов, подтяжка креплений",
382,,ai_verdict,done,ai_review,2026-09-06T12:25:57.397163+05:00,,
382,c8297387-4c37-53d3-8120-a214ac80359e,approve,ai_review,closed,2026-09-06T13:06:15.790201+05:00,,
383,c8297387-4c37-53d3-8120-a214ac80359e,issue,,issued,2026-09-07T09:05:35.451862+05:00,"Плановый ремонт (ППР): Насос ГрАТ-450 №1 — осмотр, смазка, подтяжка креплений, замена изношенных элементов",
383,79413058-e2c0-5b03-adfb-a2a01c58f0d5,accept,issued,accepted,2026-09-07T09:11:17.664318+05:00,,
383,79413058-e2c0-5b03-adfb-a2a01c58f0d5,start,accepted,in_progress,2026-09-07T09:19:19.501089+05:00,,
383,79413058-e2c0-5b03-adfb-a2a01c58f0d5,complete,in_progress,done,2026-09-07T12:55:00.494372+05:00,"Выполнен ППР: Насос ГрАТ-450 №1 — осмотр, смазка узлов, подтяжка креплений",
383,,ai_verdict,done,ai_review,2026-09-07T12:57:48.066261+05:00,,
383,c8297387-4c37-53d3-8120-a214ac80359e,approve,ai_review,closed,2026-09-07T13:33:40.020755+05:00,,
384,c8297387-4c37-53d3-8120-a214ac80359e,issue,,issued,2026-09-07T09:25:18.355290+05:00,"Плановый ремонт (ППР): Конвейер К-7 — осмотр, смазка, подтяжка креплений, замена изношенных элементов",
384,79413058-e2c0-5b03-adfb-a2a01c58f0d5,accept,issued,accepted,2026-09-07T09:32:18.890819+05:00,,
384,79413058-e2c0-5b03-adfb-a2a01c58f0d5,start,accepted,in_progress,2026-09-07T09:50:46.800942+05:00,,
384,79413058-e2c0-5b03-adfb-a2a01c58f0d5,complete,in_progress,done,2026-09-07T14:57:03.215109+05:00,"Выполнен ППР: Конвейер К-7 — осмотр, смазка узлов, подтяжка креплений",
384,,ai_verdict,done,ai_review,2026-09-07T14:59:52.257217+05:00,,
384,c8297387-4c37-53d3-8120-a214ac80359e,approve,ai_review,closed,2026-09-07T15:45:21.730714+05:00,,
385,c8297387-4c37-53d3-8120-a214ac80359e,issue,,issued,2026-09-07T09:26:04.320674+05:00,"Плановый ремонт (ППР): Гидропресс П-6326 — осмотр, смазка, подтяжка креплений, замена изношенных элементов",
385,2f23346e-8eed-5645-a1b2-d929d4517246,accept,issued,accepted,2026-09-07T09:31:16.747116+05:00,,
385,2f23346e-8eed-5645-a1b2-d929d4517246,start,accepted,in_progress,2026-09-07T09:47:03.926760+05:00,,
385,2f23346e-8eed-5645-a1b2-d929d4517246,complete,in_progress,done,2026-09-07T11:26:39.675318+05:00,"Выполнен ППР: Гидропресс П-6326 — осмотр, смазка узлов, подтяжка креплений",
385,,ai_verdict,done,ai_review,2026-09-07T11:29:26.728949+05:00,,
385,c8297387-4c37-53d3-8120-a214ac80359e,approve,ai_review,closed,2026-09-07T12:13:59.379318+05:00,,
386,c8297387-4c37-53d3-8120-a214ac80359e,issue,,issued,2026-09-07T09:41:05.292481+05:00,"Плановый ремонт (ППР): Дробилка КМД-1750 — осмотр, смазка, подтяжка креплений, замена изношенных элементов",
386,75808db3-d714-5bc1-8824-97b2c7c6f097,accept,issued,accepted,2026-09-07T09:46:11.568164+05:00,,
386,75808db3-d714-5bc1-8824-97b2c7c6f097,start,accepted,in_progress,2026-09-07T10:02:33.325073+05:00,,
386,75808db3-d714-5bc1-8824-97b2c7c6f097,pause,in_progress,paused,2026-09-07T12:32:04.573183+05:00,,ждёт остановки оборудования
386,75808db3-d714-5bc1-8824-97b2c7c6f097,start,paused,in_progress,2026-09-07T13:37:37.401750+05:00,,
386,75808db3-d714-5bc1-8824-97b2c7c6f097,complete,in_progress,done,2026-09-07T17:21:54.273914+05:00,"Выполнен ППР: Дробилка КМД-1750 — осмотр, смазка узлов, подтяжка креплений",
386,,ai_verdict,done,ai_review,2026-09-07T17:23:50.191152+05:00,,
386,c8297387-4c37-53d3-8120-a214ac80359e,approve,ai_review,closed,2026-09-07T18:22:48.243999+05:00,,
387,c8297387-4c37-53d3-8120-a214ac80359e,issue,,issued,2026-09-07T09:53:59.536045+05:00,"Плановый ремонт (ППР): Насос ГрАТ-450 №2 — осмотр, смазка, подтяжка креплений, замена изношенных элементов",
387,1c4d0efe-d6e1-5774-af33-096424b68a1d,accept,issued,accepted,2026-09-07T09:58:44.344771+05:00,,
387,1c4d0efe-d6e1-5774-af33-096424b68a1d,start,accepted,in_progress,2026-09-07T10:05:49.072311+05:00,,
387,1c4d0efe-d6e1-5774-af33-096424b68a1d,complete,in_progress,done,2026-09-07T17:27:23.615646+05:00,"Выполнен ППР: Насос ГрАТ-450 №2 — осмотр, смазка узлов, подтяжка креплений",
387,,ai_verdict,done,rework,2026-09-07T17:29:13.696518+05:00,,Работы не соответствуют проблеме / нет фото «после»
387,1c4d0efe-d6e1-5774-af33-096424b68a1d,start,rework,in_progress,2026-09-07T18:04:08.510138+05:00,,
387,1c4d0efe-d6e1-5774-af33-096424b68a1d,complete,in_progress,done,2026-09-07T19:16:08.510138+05:00,"Выполнен ППР: Насос ГрАТ-450 №2 — осмотр, смазка узлов, подтяжка креплений",
387,,ai_verdict,done,ai_review,2026-09-07T19:17:50.179496+05:00,,
387,c8297387-4c37-53d3-8120-a214ac80359e,approve,ai_review,closed,2026-09-07T19:31:45.473708+05:00,,
388,38634255-032f-5302-be4f-e3bb175128c8,issue,,issued,2026-09-08T07:39:19.305621+05:00,Шум и нагрев подшипникового узла привода,
388,75808db3-d714-5bc1-8824-97b2c7c6f097,accept,issued,accepted,2026-09-08T07:54:06.879941+05:00,,
388,75808db3-d714-5bc1-8824-97b2c7c6f097,start,accepted,in_progress,2026-09-08T08:03:03.573509+05:00,,
388,75808db3-d714-5bc1-8824-97b2c7c6f097,complete,in_progress,done,2026-09-08T10:59:57.854216+05:00,"Заменён подшипник, узел промыт и смазан, проверено на холостом ходу",
388,,ai_verdict,done,ai_review,2026-09-08T11:02:54.306568+05:00,,
388,38634255-032f-5302-be4f-e3bb175128c8,approve,ai_review,closed,2026-09-08T11:54:35.814701+05:00,,
389,c8297387-4c37-53d3-8120-a214ac80359e,issue,,issued,2026-09-08T08:35:54.475313+05:00,"Вибрация, подшипник греется выше 80 °C",
389,75808db3-d714-5bc1-8824-97b2c7c6f097,reject,issued,rejected,2026-09-08T08:42:13.368724+05:00,,нет допуска
389,c8297387-4c37-53d3-8120-a214ac80359e,reassign,rejected,issued,2026-09-08T08:43:35.971280+05:00,,
389,30c23f9b-3046-52c7-aa98-4ded8e8f73ec,queue,issued,queued,2026-09-08T08:48:40.857433+05:00,,
389,30c23f9b-3046-52c7-aa98-4ded8e8f73ec,start,queued,in_progress,2026-09-08T10:09:07.274891+05:00,,
389,30c23f9b-3046-52c7-aa98-4ded8e8f73ec,complete,in_progress,done,2026-09-08T12:22:27.310811+05:00,"Заменён подшипник, узел промыт и смазан, проверено на холостом ходу",
389,,ai_verdict,done,ai_review,2026-09-08T12:24:16.874760+05:00,,
389,c8297387-4c37-53d3-8120-a214ac80359e,approve,ai_review,closed,2026-09-08T13:05:21.619409+05:00,,
390,c8297387-4c37-53d3-8120-a214ac80359e,issue,,issued,2026-09-08T08:54:04.984799+05:00,Шум и нагрев подшипникового узла привода,
390,30c23f9b-3046-52c7-aa98-4ded8e8f73ec,accept,issued,accepted,2026-09-08T08:57:57.607815+05:00,,
390,30c23f9b-3046-52c7-aa98-4ded8e8f73ec,start,accepted,in_progress,2026-09-08T09:02:59.573892+05:00,,
390,30c23f9b-3046-52c7-aa98-4ded8e8f73ec,complete,in_progress,done,2026-09-08T12:09:44.182967+05:00,"Заменён подшипник, узел промыт и смазан, проверено на холостом ходу",
390,,ai_verdict,done,ai_review,2026-09-08T12:12:19.848439+05:00,,
390,c8297387-4c37-53d3-8120-a214ac80359e,approve,ai_review,closed,2026-09-08T12:52:42.090497+05:00,,
391,c8297387-4c37-53d3-8120-a214ac80359e,issue,,issued,2026-09-08T09:03:35.543186+05:00,"Плановый ремонт (ППР): Вентилятор ВМ-12 — осмотр, смазка, подтяжка креплений, замена изношенных элементов",
391,75808db3-d714-5bc1-8824-97b2c7c6f097,accept,issued,accepted,2026-09-08T09:11:26.771439+05:00,,
391,75808db3-d714-5bc1-8824-97b2c7c6f097,start,accepted,in_progress,2026-09-08T09:24:00.206425+05:00,,
391,75808db3-d714-5bc1-8824-97b2c7c6f097,complete,in_progress,done,2026-09-08T11:14:37.717521+05:00,"Выполнен ППР: Вентилятор ВМ-12 — осмотр, смазка узлов, подтяжка креплений",
391,,ai_verdict,done,ai_review,2026-09-08T11:15:46.498899+05:00,,
391,c8297387-4c37-53d3-8120-a214ac80359e,approve,ai_review,closed,2026-09-08T12:11:18.323197+05:00,,
392,c8297387-4c37-53d3-8120-a214ac80359e,issue,,issued,2026-09-08T09:10:19.410162+05:00,"Плановый ремонт (ППР): Насос ГрАТ-450 №3 — осмотр, смазка, подтяжка креплений, замена изношенных элементов",
392,30c23f9b-3046-52c7-aa98-4ded8e8f73ec,accept,issued,accepted,2026-09-08T09:18:03.744168+05:00,,
392,30c23f9b-3046-52c7-aa98-4ded8e8f73ec,start,accepted,in_progress,2026-09-08T09:21:51.069512+05:00,,
392,30c23f9b-3046-52c7-aa98-4ded8e8f73ec,complete,in_progress,done,2026-09-08T16:16:17.170694+05:00,"Выполнен ППР: Насос ГрАТ-450 №3 — осмотр, смазка узлов, подтяжка креплений",
392,,ai_verdict,done,ai_review,2026-09-08T16:18:45.362155+05:00,,
392,c8297387-4c37-53d3-8120-a214ac80359e,approve,ai_review,closed,2026-09-08T16:37:10.437735+05:00,,
393,c8297387-4c37-53d3-8120-a214ac80359e,issue,,issued,2026-09-08T09:59:54.552100+05:00,"Плановый ремонт (ППР): Сушильный барабан СБ-1 — осмотр, смазка, подтяжка креплений, замена изношенных элементов",
393,79413058-e2c0-5b03-adfb-a2a01c58f0d5,accept,issued,accepted,2026-09-08T10:06:14.510334+05:00,,
393,79413058-e2c0-5b03-adfb-a2a01c58f0d5,start,accepted,in_progress,2026-09-08T10:09:37.608931+05:00,,
393,79413058-e2c0-5b03-adfb-a2a01c58f0d5,complete,in_progress,done,2026-09-08T17:54:11.487977+05:00,"Выполнен ППР: Сушильный барабан СБ-1 — осмотр, смазка узлов, подтяжка креплений",
393,,ai_verdict,done,ai_review,2026-09-08T17:57:08.133249+05:00,,
393,c8297387-4c37-53d3-8120-a214ac80359e,approve,ai_review,closed,2026-09-08T18:54:45.735982+05:00,,
394,38634255-032f-5302-be4f-e3bb175128c8,issue,,issued,2026-09-09T01:18:56.493593+05:00,"Перегрев узла, сухое трение",
394,79413058-e2c0-5b03-adfb-a2a01c58f0d5,accept,issued,accepted,2026-09-09T01:32:09.176414+05:00,,
394,79413058-e2c0-5b03-adfb-a2a01c58f0d5,start,accepted,in_progress,2026-09-09T01:42:04.237677+05:00,,
394,79413058-e2c0-5b03-adfb-a2a01c58f0d5,complete,in_progress,done,2026-09-09T02:34:22.934739+05:00,"Узлы смазаны, проверен нагрев",
394,,ai_verdict,done,ai_review,2026-09-09T02:37:10.314386+05:00,,
394,38634255-032f-5302-be4f-e3bb175128c8,approve,ai_review,closed,2026-09-09T03:37:09.695154+05:00,,
395,c8297387-4c37-53d3-8120-a214ac80359e,issue,,issued,2026-09-09T08:28:13.622733+05:00,"Плановый ремонт (ППР): Дымосос ДН-15 — осмотр, смазка, подтяжка креплений, замена изношенных элементов",
395,75808db3-d714-5bc1-8824-97b2c7c6f097,accept,issued,accepted,2026-09-09T08:41:49.294697+05:00,,
395,75808db3-d714-5bc1-8824-97b2c7c6f097,start,accepted,in_progress,2026-09-09T08:46:47.329668+05:00,,
395,75808db3-d714-5bc1-8824-97b2c7c6f097,complete,in_progress,done,2026-09-09T11:16:11.536337+05:00,"Выполнен ППР: Дымосос ДН-15 — осмотр, смазка узлов, подтяжка креплений",
395,,ai_verdict,done,ai_review,2026-09-09T11:17:43.130997+05:00,,
395,c8297387-4c37-53d3-8120-a214ac80359e,approve,ai_review,closed,2026-09-09T11:36:18.092364+05:00,,
396,c8297387-4c37-53d3-8120-a214ac80359e,issue,,issued,2026-09-09T09:01:02.065826+05:00,"Плановый ремонт (ППР): Сварочный пост СП-2 — осмотр, смазка, подтяжка креплений, замена изношенных элементов",
396,30c23f9b-3046-52c7-aa98-4ded8e8f73ec,accept,issued,accepted,2026-09-09T09:10:57.679752+05:00,,
396,30c23f9b-3046-52c7-aa98-4ded8e8f73ec,start,accepted,in_progress,2026-09-09T09:21:25.659404+05:00,,
396,30c23f9b-3046-52c7-aa98-4ded8e8f73ec,complete,in_progress,done,2026-09-09T11:25:14.091439+05:00,"Выполнен ППР: Сварочный пост СП-2 — осмотр, смазка узлов, подтяжка креплений",
396,,ai_verdict,done,ai_review,2026-09-09T11:26:41.360197+05:00,,
396,c8297387-4c37-53d3-8120-a214ac80359e,approve,ai_review,closed,2026-09-09T12:08:34.383920+05:00,,
397,c8297387-4c37-53d3-8120-a214ac80359e,issue,,issued,2026-09-09T15:25:39.647240+05:00,Шум и нагрев подшипникового узла привода,
397,4d9937c4-06fe-581d-bbee-b905cacaf2cc,accept,issued,accepted,2026-09-09T15:26:46.673172+05:00,,
397,4d9937c4-06fe-581d-bbee-b905cacaf2cc,start,accepted,in_progress,2026-09-09T15:39:56.934829+05:00,,
397,4d9937c4-06fe-581d-bbee-b905cacaf2cc,complete,in_progress,done,2026-09-09T18:41:43.825374+05:00,"Заменён подшипник, узел промыт и смазан, проверено на холостом ходу",
397,,ai_verdict,done,ai_review,2026-09-09T18:42:52.497873+05:00,,
397,c8297387-4c37-53d3-8120-a214ac80359e,approve,ai_review,closed,2026-09-09T19:17:21.244892+05:00,,
398,c8297387-4c37-53d3-8120-a214ac80359e,issue,,issued,2026-09-10T08:15:04.910080+05:00,"Плановый ремонт (ППР): Кран мостовой 10 т — осмотр, смазка, подтяжка креплений, замена изношенных элементов",
398,79413058-e2c0-5b03-adfb-a2a01c58f0d5,reject,issued,rejected,2026-09-10T08:22:58.511556+05:00,,нет допуска
398,c8297387-4c37-53d3-8120-a214ac80359e,reassign,rejected,issued,2026-09-10T08:27:19.773026+05:00,,
398,4d9937c4-06fe-581d-bbee-b905cacaf2cc,accept,issued,accepted,2026-09-10T08:40:47.798975+05:00,,
398,4d9937c4-06fe-581d-bbee-b905cacaf2cc,start,accepted,in_progress,2026-09-10T08:44:18.536124+05:00,,
398,4d9937c4-06fe-581d-bbee-b905cacaf2cc,complete,in_progress,done,2026-09-10T10:42:55.138976+05:00,"Выполнен ППР: Кран мостовой 10 т — осмотр, смазка узлов, подтяжка креплений",
398,,ai_verdict,done,ai_review,2026-09-10T10:43:57.677881+05:00,,
398,c8297387-4c37-53d3-8120-a214ac80359e,approve,ai_review,closed,2026-09-10T11:07:53.407029+05:00,,
399,c8297387-4c37-53d3-8120-a214ac80359e,issue,,issued,2026-09-10T08:30:10.894347+05:00,"Плановый ремонт (ППР): Дробилка ККД-1500 — осмотр, смазка, подтяжка креплений, замена изношенных элементов",
399,1c4d0efe-d6e1-5774-af33-096424b68a1d,accept,issued,accepted,2026-09-10T08:35:46.001919+05:00,,
399,1c4d0efe-d6e1-5774-af33-096424b68a1d,start,accepted,in_progress,2026-09-10T08:55:30.961472+05:00,,
399,1c4d0efe-d6e1-5774-af33-096424b68a1d,complete,in_progress,done,2026-09-10T17:10:16.117166+05:00,"Выполнен ППР: Дробилка ККД-1500 — осмотр, смазка узлов, подтяжка креплений",
399,,ai_verdict,done,ai_review,2026-09-10T17:11:31.351575+05:00,,
399,c8297387-4c37-53d3-8120-a214ac80359e,approve,ai_review,closed,2026-09-10T17:57:31.927897+05:00,,
400,c8297387-4c37-53d3-8120-a214ac80359e,issue,,issued,2026-09-10T09:23:47.929624+05:00,"Плановый ремонт (ППР): Конвейер К-3 — осмотр, смазка, подтяжка креплений, замена изношенных элементов",
400,2f23346e-8eed-5645-a1b2-d929d4517246,accept,issued,accepted,2026-09-10T09:33:01.224463+05:00,,
400,2f23346e-8eed-5645-a1b2-d929d4517246,start,accepted,in_progress,2026-09-10T09:41:09.824576+05:00,,
400,2f23346e-8eed-5645-a1b2-d929d4517246,pause,in_progress,paused,2026-09-10T10:45:10.942195+05:00,,ждёт допуска
400,2f23346e-8eed-5645-a1b2-d929d4517246,start,paused,in_progress,2026-09-10T12:58:56.037275+05:00,,
400,2f23346e-8eed-5645-a1b2-d929d4517246,complete,in_progress,done,2026-09-10T14:34:57.713704+05:00,"Выполнен ППР: Конвейер К-3 — осмотр, смазка узлов, подтяжка креплений",
400,,ai_verdict,done,ai_review,2026-09-10T14:37:43.270105+05:00,,
400,c8297387-4c37-53d3-8120-a214ac80359e,approve,ai_review,closed,2026-09-10T15:33:16.427206+05:00,,
401,c8297387-4c37-53d3-8120-a214ac80359e,issue,,issued,2026-09-10T09:41:20.239503+05:00,"Плановый ремонт (ППР): Конвейер К-1 — осмотр, смазка, подтяжка креплений, замена изношенных элементов",
401,30c23f9b-3046-52c7-aa98-4ded8e8f73ec,accept,issued,accepted,2026-09-10T09:52:57.611285+05:00,,
401,30c23f9b-3046-52c7-aa98-4ded8e8f73ec,start,accepted,in_progress,2026-09-10T10:01:49.872101+05:00,,
401,30c23f9b-3046-52c7-aa98-4ded8e8f73ec,complete,in_progress,done,2026-09-10T13:25:40.203071+05:00,"Выполнен ППР: Конвейер К-1 — осмотр, смазка узлов, подтяжка креплений",
401,,ai_verdict,done,ai_review,2026-09-10T13:28:37.885626+05:00,,
401,c8297387-4c37-53d3-8120-a214ac80359e,approve,ai_review,closed,2026-09-10T13:51:04.344316+05:00,,
402,c8297387-4c37-53d3-8120-a214ac80359e,issue,,issued,2026-09-10T18:45:24.655743+05:00,"Вибрация, подшипник греется выше 80 °C",
402,4d9937c4-06fe-581d-bbee-b905cacaf2cc,accept,issued,accepted,2026-09-10T18:49:00.169899+05:00,,
402,4d9937c4-06fe-581d-bbee-b905cacaf2cc,start,accepted,in_progress,2026-09-10T18:58:29.646496+05:00,,
402,4d9937c4-06fe-581d-bbee-b905cacaf2cc,complete,in_progress,done,2026-09-10T21:49:33.037676+05:00,"Заменён подшипник, узел промыт и смазан, проверено на холостом ходу",
402,,ai_verdict,done,ai_review,2026-09-10T21:51:12.512179+05:00,,
402,c8297387-4c37-53d3-8120-a214ac80359e,approve,ai_review,closed,2026-09-10T22:02:08.549536+05:00,,
403,c8297387-4c37-53d3-8120-a214ac80359e,issue,,issued,2026-09-10T19:19:47.201683+05:00,Шум и нагрев подшипникового узла привода,
403,75808db3-d714-5bc1-8824-97b2c7c6f097,accept,issued,accepted,2026-09-10T19:32:51.691608+05:00,,
403,75808db3-d714-5bc1-8824-97b2c7c6f097,start,accepted,in_progress,2026-09-10T19:50:40.915910+05:00,,
403,75808db3-d714-5bc1-8824-97b2c7c6f097,complete,in_progress,done,2026-09-10T21:34:12.024589+05:00,"Заменён подшипник, узел промыт и смазан, проверено на холостом ходу",
403,,ai_verdict,done,ai_review,2026-09-10T21:36:06.355318+05:00,,
403,c8297387-4c37-53d3-8120-a214ac80359e,approve,ai_review,closed,2026-09-10T22:01:13.225429+05:00,,
404,38634255-032f-5302-be4f-e3bb175128c8,issue,,issued,2026-09-11T05:27:07.710326+05:00,Течь масла из-под уплотнения,
404,48146e97-4033-5976-9433-13e5009595cb,accept,issued,accepted,2026-09-11T05:35:16.014844+05:00,,
404,48146e97-4033-5976-9433-13e5009595cb,start,accepted,in_progress,2026-09-11T05:37:34.378447+05:00,,
404,48146e97-4033-5976-9433-13e5009595cb,complete,in_progress,done,2026-09-11T07:11:29.966957+05:00,"Заменены уплотнения, долито масло, течь устранена",
404,,ai_verdict,done,ai_review,2026-09-11T07:12:47.552771+05:00,,
404,38634255-032f-5302-be4f-e3bb175128c8,approve,ai_review,closed,2026-09-11T07:43:35.890573+05:00,,
405,c8297387-4c37-53d3-8120-a214ac80359e,issue,,issued,2026-09-11T09:17:28.890298+05:00,"Плановый ремонт (ППР): Сушильный барабан СБ-2 — осмотр, смазка, подтяжка креплений, замена изношенных элементов",
405,79413058-e2c0-5b03-adfb-a2a01c58f0d5,accept,issued,accepted,2026-09-11T09:31:38.418754+05:00,,
405,79413058-e2c0-5b03-adfb-a2a01c58f0d5,start,accepted,in_progress,2026-09-11T09:47:48.308913+05:00,,
405,79413058-e2c0-5b03-adfb-a2a01c58f0d5,pause,in_progress,paused,2026-09-11T12:16:02.725655+05:00,,ждёт допуска
405,79413058-e2c0-5b03-adfb-a2a01c58f0d5,start,paused,in_progress,2026-09-11T14:12:47.180415+05:00,,
405,79413058-e2c0-5b03-adfb-a2a01c58f0d5,complete,in_progress,done,2026-09-11T17:55:08.805528+05:00,"Выполнен ППР: Сушильный барабан СБ-2 — осмотр, смазка узлов, подтяжка креплений",
405,,ai_verdict,done,ai_review,2026-09-11T17:57:17.084992+05:00,,
405,c8297387-4c37-53d3-8120-a214ac80359e,approve,ai_review,closed,2026-09-11T18:29:21.555557+05:00,,
406,c8297387-4c37-53d3-8120-a214ac80359e,issue,,issued,2026-09-11T09:50:38.188253+05:00,"Плановый ремонт (ППР): Грохот ГИТ-51 №2 — осмотр, смазка, подтяжка креплений, замена изношенных элементов",
406,30c23f9b-3046-52c7-aa98-4ded8e8f73ec,accept,issued,accepted,2026-09-11T09:57:51.608907+05:00,,
406,30c23f9b-3046-52c7-aa98-4ded8e8f73ec,start,accepted,in_progress,2026-09-11T10:04:21.532061+05:00,,
406,30c23f9b-3046-52c7-aa98-4ded8e8f73ec,pause,in_progress,paused,2026-09-11T12:32:04.198847+05:00,,ждёт остановки оборудования
406,30c23f9b-3046-52c7-aa98-4ded8e8f73ec,start,paused,in_progress,2026-09-11T14:43:52.078811+05:00,,
406,30c23f9b-3046-52c7-aa98-4ded8e8f73ec,complete,in_progress,done,2026-09-11T18:25:26.078990+05:00,"Выполнен ППР: Грохот ГИТ-51 №2 — осмотр, смазка узлов, подтяжка креплений",
406,,ai_verdict,done,ai_review,2026-09-11T18:28:05.259770+05:00,,
406,c8297387-4c37-53d3-8120-a214ac80359e,approve,ai_review,closed,2026-09-11T18:46:48.344774+05:00,,
407,c8297387-4c37-53d3-8120-a214ac80359e,issue,,issued,2026-09-11T14:56:38.984705+05:00,Шум и нагрев подшипникового узла привода,
407,75808db3-d714-5bc1-8824-97b2c7c6f097,accept,issued,accepted,2026-09-11T14:57:45.069420+05:00,,
407,75808db3-d714-5bc1-8824-97b2c7c6f097,start,accepted,in_progress,2026-09-11T15:10:03.670762+05:00,,
407,75808db3-d714-5bc1-8824-97b2c7c6f097,complete,in_progress,done,2026-09-11T17:55:50.628757+05:00,"Заменён подшипник, узел промыт и смазан, проверено на холостом ходу",
407,,ai_verdict,done,ai_review,2026-09-11T17:58:48.804875+05:00,,
407,c8297387-4c37-53d3-8120-a214ac80359e,approve,ai_review,closed,2026-09-11T18:23:35.196995+05:00,,
408,38634255-032f-5302-be4f-e3bb175128c8,issue,,issued,2026-09-11T21:21:35.681091+05:00,Шум и нагрев подшипникового узла привода,
408,2f23346e-8eed-5645-a1b2-d929d4517246,accept,issued,accepted,2026-09-11T21:25:22.301523+05:00,,
408,2f23346e-8eed-5645-a1b2-d929d4517246,start,accepted,in_progress,2026-09-11T21:33:59.239735+05:00,,
408,2f23346e-8eed-5645-a1b2-d929d4517246,complete,in_progress,done,2026-09-11T23:47:24.786331+05:00,"Заменён подшипник, узел промыт и смазан, проверено на холостом ходу",
408,,ai_verdict,done,ai_review,2026-09-11T23:49:26.225874+05:00,,
408,38634255-032f-5302-be4f-e3bb175128c8,approve,ai_review,closed,2026-09-12T00:05:37.911116+05:00,,
409,c8297387-4c37-53d3-8120-a214ac80359e,issue,,issued,2026-09-12T08:02:58.122971+05:00,"Плановый ремонт (ППР): Питатель пластинчатый ПП-1 — осмотр, смазка, подтяжка креплений, замена изношенных элементов",
409,2f23346e-8eed-5645-a1b2-d929d4517246,accept,issued,accepted,2026-09-12T08:05:49.964005+05:00,,
409,2f23346e-8eed-5645-a1b2-d929d4517246,start,accepted,in_progress,2026-09-12T08:15:14.237453+05:00,,
409,2f23346e-8eed-5645-a1b2-d929d4517246,complete,in_progress,done,2026-09-12T13:32:40.621963+05:00,"Выполнен ППР: Питатель пластинчатый ПП-1 — осмотр, смазка узлов, подтяжка креплений",
409,,ai_verdict,done,ai_review,2026-09-12T13:34:13.910647+05:00,,
409,c8297387-4c37-53d3-8120-a214ac80359e,approve,ai_review,closed,2026-09-12T13:50:11.917315+05:00,,
410,c8297387-4c37-53d3-8120-a214ac80359e,issue,,issued,2026-09-12T09:15:36.623049+05:00,"Плановый ремонт (ППР): Рукавный фильтр РФ-2 — осмотр, смазка, подтяжка креплений, замена изношенных элементов",
410,4cd857ba-990a-5264-9b16-d26a06a3e6f4,accept,issued,accepted,2026-09-12T09:26:33.744203+05:00,,
410,4cd857ba-990a-5264-9b16-d26a06a3e6f4,start,accepted,in_progress,2026-09-12T09:39:33.590798+05:00,,
410,4cd857ba-990a-5264-9b16-d26a06a3e6f4,complete,in_progress,done,2026-09-12T12:31:15.050339+05:00,"Выполнен ППР: Рукавный фильтр РФ-2 — осмотр, смазка узлов, подтяжка креплений",
410,,ai_verdict,done,ai_review,2026-09-12T12:34:10.655981+05:00,,
410,c8297387-4c37-53d3-8120-a214ac80359e,approve,ai_review,closed,2026-09-12T12:51:01.807382+05:00,,
411,c8297387-4c37-53d3-8120-a214ac80359e,issue,,issued,2026-09-12T09:27:15.311828+05:00,"Плановый ремонт (ППР): Токарный станок 1М63 — осмотр, смазка, подтяжка креплений, замена изношенных элементов",
411,75808db3-d714-5bc1-8824-97b2c7c6f097,reject,issued,rejected,2026-09-12T09:33:59.265533+05:00,,нет материалов
411,c8297387-4c37-53d3-8120-a214ac80359e,reassign,rejected,issued,2026-09-12T09:38:47.164584+05:00,,
411,1c4d0efe-d6e1-5774-af33-096424b68a1d,accept,issued,accepted,2026-09-12T09:44:30.490568+05:00,,
411,1c4d0efe-d6e1-5774-af33-096424b68a1d,start,accepted,in_progress,2026-09-12T09:59:14.807404+05:00,,
411,1c4d0efe-d6e1-5774-af33-096424b68a1d,complete,in_progress,done,2026-09-12T15:07:46.518316+05:00,"Выполнен ППР: Токарный станок 1М63 — осмотр, смазка узлов, подтяжка креплений",
411,,ai_verdict,done,ai_review,2026-09-12T15:09:11.327545+05:00,,
411,c8297387-4c37-53d3-8120-a214ac80359e,approve,ai_review,closed,2026-09-12T16:07:16.042049+05:00,,
412,c8297387-4c37-53d3-8120-a214ac80359e,issue,,issued,2026-09-12T09:30:08.972932+05:00,"Плановый ремонт (ППР): Рукавный фильтр РФ-1 — осмотр, смазка, подтяжка креплений, замена изношенных элементов",
412,30c23f9b-3046-52c7-aa98-4ded8e8f73ec,accept,issued,accepted,2026-09-12T09:37:45.278596+05:00,,
412,30c23f9b-3046-52c7-aa98-4ded8e8f73ec,start,accepted,in_progress,2026-09-12T09:45:48.235700+05:00,,
412,30c23f9b-3046-52c7-aa98-4ded8e8f73ec,complete,in_progress,done,2026-09-12T12:03:32.422429+05:00,"Выполнен ППР: Рукавный фильтр РФ-1 — осмотр, смазка узлов, подтяжка креплений",
412,,ai_verdict,done,ai_review,2026-09-12T12:06:25.459378+05:00,,
412,c8297387-4c37-53d3-8120-a214ac80359e,approve,ai_review,closed,2026-09-12T12:50:41.302464+05:00,,
413,c8297387-4c37-53d3-8120-a214ac80359e,issue,,issued,2026-09-12T15:42:48.767039+05:00,Шум и нагрев подшипникового узла привода,
413,75808db3-d714-5bc1-8824-97b2c7c6f097,accept,issued,accepted,2026-09-12T15:44:24.963242+05:00,,
413,75808db3-d714-5bc1-8824-97b2c7c6f097,start,accepted,in_progress,2026-09-12T15:51:08.206693+05:00,,
413,75808db3-d714-5bc1-8824-97b2c7c6f097,complete,in_progress,done,2026-09-12T19:57:35.032174+05:00,"Заменён подшипник, узел промыт и смазан, проверено на холостом ходу",
413,,ai_verdict,done,ai_review,2026-09-12T19:59:23.969090+05:00,,
413,c8297387-4c37-53d3-8120-a214ac80359e,approve,ai_review,closed,2026-09-12T20:51:21.412514+05:00,,
414,c8297387-4c37-53d3-8120-a214ac80359e,issue,,issued,2026-09-12T16:27:31.502201+05:00,"Перегрев узла, сухое трение",
414,30c23f9b-3046-52c7-aa98-4ded8e8f73ec,accept,issued,accepted,2026-09-12T16:30:29.387276+05:00,,
414,30c23f9b-3046-52c7-aa98-4ded8e8f73ec,start,accepted,in_progress,2026-09-12T16:50:06.897918+05:00,,
414,30c23f9b-3046-52c7-aa98-4ded8e8f73ec,complete,in_progress,done,2026-09-12T17:39:47.448320+05:00,"Узлы смазаны, проверен нагрев",
414,,ai_verdict,done,ai_review,2026-09-12T17:40:51.871873+05:00,,
414,c8297387-4c37-53d3-8120-a214ac80359e,approve,ai_review,closed,2026-09-12T17:55:22.607884+05:00,,
415,c8297387-4c37-53d3-8120-a214ac80359e,issue,,issued,2026-09-13T08:57:51.214425+05:00,"Плановый ремонт (ППР): Конвейер К-2 — осмотр, смазка, подтяжка креплений, замена изношенных элементов",
415,4cd857ba-990a-5264-9b16-d26a06a3e6f4,accept,issued,accepted,2026-09-13T09:02:05.002502+05:00,,
415,4cd857ba-990a-5264-9b16-d26a06a3e6f4,start,accepted,in_progress,2026-09-13T09:10:40.070783+05:00,,
415,4cd857ba-990a-5264-9b16-d26a06a3e6f4,complete,in_progress,done,2026-09-13T13:16:09.434543+05:00,"Выполнен ППР: Конвейер К-2 — осмотр, смазка узлов, подтяжка креплений",
415,,ai_verdict,done,ai_review,2026-09-13T13:17:21.589218+05:00,,
415,c8297387-4c37-53d3-8120-a214ac80359e,approve,ai_review,closed,2026-09-13T13:51:38.151741+05:00,,
416,c8297387-4c37-53d3-8120-a214ac80359e,issue,,issued,2026-09-13T08:58:16.097792+05:00,"Плановый ремонт (ППР): Грохот ГИТ-51 №1 — осмотр, смазка, подтяжка креплений, замена изношенных элементов",
416,4cd857ba-990a-5264-9b16-d26a06a3e6f4,accept,issued,accepted,2026-09-13T09:09:51.760091+05:00,,
416,4cd857ba-990a-5264-9b16-d26a06a3e6f4,start,accepted,in_progress,2026-09-13T09:15:06.699122+05:00,,
416,4cd857ba-990a-5264-9b16-d26a06a3e6f4,complete,in_progress,done,2026-09-13T13:25:06.336108+05:00,"Выполнен ППР: Грохот ГИТ-51 №1 — осмотр, смазка узлов, подтяжка креплений",
416,,ai_verdict,done,ai_review,2026-09-13T13:26:41.447731+05:00,,
416,c8297387-4c37-53d3-8120-a214ac80359e,approve,ai_review,closed,2026-09-13T13:37:17.630086+05:00,,
417,c8297387-4c37-53d3-8120-a214ac80359e,issue,,issued,2026-09-13T09:01:14.792458+05:00,"Плановый ремонт (ППР): Сепаратор пневматический СП-1 — осмотр, смазка, подтяжка креплений, замена изношенных элементов",
417,30c23f9b-3046-52c7-aa98-4ded8e8f73ec,accept,issued,accepted,2026-09-13T09:14:21.512193+05:00,,
417,30c23f9b-3046-52c7-aa98-4ded8e8f73ec,start,accepted,in_progress,2026-09-13T09:23:52.664779+05:00,,
417,30c23f9b-3046-52c7-aa98-4ded8e8f73ec,complete,in_progress,done,2026-09-13T12:29:56.837932+05:00,"Выполнен ППР: Сепаратор пневматический СП-1 — осмотр, смазка узлов, подтяжка креплений",
417,,ai_verdict,done,ai_review,2026-09-13T12:32:26.607296+05:00,,
417,c8297387-4c37-53d3-8120-a214ac80359e,approve,ai_review,closed,2026-09-13T13:01:03.884911+05:00,,
418,c8297387-4c37-53d3-8120-a214ac80359e,issue,,issued,2026-09-13T09:06:21.471225+05:00,"Плановый ремонт (ППР): Компрессор ВК-10 — осмотр, смазка, подтяжка креплений, замена изношенных элементов",
418,75808db3-d714-5bc1-8824-97b2c7c6f097,accept,issued,accepted,2026-09-13T09:10:29.417735+05:00,,
418,75808db3-d714-5bc1-8824-97b2c7c6f097,start,accepted,in_progress,2026-09-13T09:14:11.071642+05:00,,
418,75808db3-d714-5bc1-8824-97b2c7c6f097,complete,in_progress,done,2026-09-13T11:50:20.932137+05:00,"Выполнен ППР: Компрессор ВК-10 — осмотр, смазка узлов, подтяжка креплений",
418,,ai_verdict,done,ai_review,2026-09-13T11:52:24.136701+05:00,,
418,c8297387-4c37-53d3-8120-a214ac80359e,approve,ai_review,closed,2026-09-13T12:27:49.096036+05:00,,
419,c8297387-4c37-53d3-8120-a214ac80359e,issue,,issued,2026-09-13T09:57:29.607236+05:00,"Плановый ремонт (ППР): Компрессор ВК-20 — осмотр, смазка, подтяжка креплений, замена изношенных элементов",
419,75808db3-d714-5bc1-8824-97b2c7c6f097,accept,issued,accepted,2026-09-13T10:06:51.381103+05:00,,
419,75808db3-d714-5bc1-8824-97b2c7c6f097,start,accepted,in_progress,2026-09-13T10:19:51.835435+05:00,,
419,75808db3-d714-5bc1-8824-97b2c7c6f097,complete,in_progress,done,2026-09-13T12:16:41.663396+05:00,"Выполнен ППР: Компрессор ВК-20 — осмотр, смазка узлов, подтяжка креплений",
419,,ai_verdict,done,ai_review,2026-09-13T12:17:56.636091+05:00,,
419,c8297387-4c37-53d3-8120-a214ac80359e,approve,ai_review,closed,2026-09-13T13:06:39.425766+05:00,,
420,c8297387-4c37-53d3-8120-a214ac80359e,issue,,issued,2026-09-13T12:53:19.413433+05:00,"Перегрев узла, сухое трение",
420,4cd857ba-990a-5264-9b16-d26a06a3e6f4,accept,issued,accepted,2026-09-13T13:06:40.875590+05:00,,
420,4cd857ba-990a-5264-9b16-d26a06a3e6f4,start,accepted,in_progress,2026-09-13T13:24:14.093477+05:00,,
420,4cd857ba-990a-5264-9b16-d26a06a3e6f4,complete,in_progress,done,2026-09-13T15:04:30.197617+05:00,"Узлы смазаны, проверен нагрев",
420,,ai_verdict,done,ai_review,2026-09-13T15:07:00.001455+05:00,,
420,c8297387-4c37-53d3-8120-a214ac80359e,approve,ai_review,closed,2026-09-13T15:17:06.366718+05:00,,
421,38634255-032f-5302-be4f-e3bb175128c8,issue,,issued,2026-09-13T23:48:29.030623+05:00,"Течь гидрожидкости, лужа под агрегатом",
421,9d7fbeed-09f8-55cd-9cc1-8e28b1c8a47a,accept,issued,accepted,2026-09-13T23:51:53.518541+05:00,,
421,9d7fbeed-09f8-55cd-9cc1-8e28b1c8a47a,start,accepted,in_progress,2026-09-14T00:00:15.510586+05:00,,
421,9d7fbeed-09f8-55cd-9cc1-8e28b1c8a47a,complete,in_progress,done,2026-09-14T02:16:19.725654+05:00,"Заменены уплотнения, долито масло, течь устранена",
421,,ai_verdict,done,ai_review,2026-09-14T02:18:18.756064+05:00,,
421,38634255-032f-5302-be4f-e3bb175128c8,approve,ai_review,closed,2026-09-14T03:13:50.416284+05:00,,
422,c8297387-4c37-53d3-8120-a214ac80359e,issue,,issued,2026-09-14T08:59:02.320205+05:00,"Плановый ремонт (ППР): Насос ГрАТ-450 №2 — осмотр, смазка, подтяжка креплений, замена изношенных элементов",
422,79413058-e2c0-5b03-adfb-a2a01c58f0d5,accept,issued,accepted,2026-09-14T09:08:27.153842+05:00,,
422,79413058-e2c0-5b03-adfb-a2a01c58f0d5,start,accepted,in_progress,2026-09-14T09:17:13.274470+05:00,,
422,79413058-e2c0-5b03-adfb-a2a01c58f0d5,complete,in_progress,done,2026-09-14T11:43:03.568040+05:00,"Выполнен ППР: Насос ГрАТ-450 №2 — осмотр, смазка узлов, подтяжка креплений",
422,,ai_verdict,done,ai_review,2026-09-14T11:45:11.234575+05:00,,
422,c8297387-4c37-53d3-8120-a214ac80359e,approve,ai_review,closed,2026-09-14T12:26:14.239350+05:00,,
423,c8297387-4c37-53d3-8120-a214ac80359e,issue,,issued,2026-09-14T09:04:57.581417+05:00,"Плановый ремонт (ППР): Гидропресс П-6326 — осмотр, смазка, подтяжка креплений, замена изношенных элементов",
423,79413058-e2c0-5b03-adfb-a2a01c58f0d5,reject,issued,rejected,2026-09-14T09:11:52.215667+05:00,,нет допуска
423,c8297387-4c37-53d3-8120-a214ac80359e,reassign,rejected,issued,2026-09-14T09:13:58.361722+05:00,,
423,2f23346e-8eed-5645-a1b2-d929d4517246,accept,issued,accepted,2026-09-14T09:28:25.962997+05:00,,
423,2f23346e-8eed-5645-a1b2-d929d4517246,start,accepted,in_progress,2026-09-14T09:39:00.932113+05:00,,
423,2f23346e-8eed-5645-a1b2-d929d4517246,complete,in_progress,done,2026-09-14T12:02:30.148362+05:00,"Выполнен ППР: Гидропресс П-6326 — осмотр, смазка узлов, подтяжка креплений",
423,,ai_verdict,done,ai_review,2026-09-14T12:05:21.669357+05:00,,
423,c8297387-4c37-53d3-8120-a214ac80359e,approve,ai_review,closed,2026-09-14T12:20:51.566782+05:00,,
424,c8297387-4c37-53d3-8120-a214ac80359e,issue,,issued,2026-09-14T09:05:40.948484+05:00,"Плановый ремонт (ППР): Конвейер К-7 — осмотр, смазка, подтяжка креплений, замена изношенных элементов",
424,1c4d0efe-d6e1-5774-af33-096424b68a1d,accept,issued,accepted,2026-09-14T09:18:39.737729+05:00,,
424,1c4d0efe-d6e1-5774-af33-096424b68a1d,start,accepted,in_progress,2026-09-14T09:21:36.152115+05:00,,
424,1c4d0efe-d6e1-5774-af33-096424b68a1d,complete,in_progress,done,2026-09-14T12:03:04.078914+05:00,"Выполнен ППР: Конвейер К-7 — осмотр, смазка узлов, подтяжка креплений",
424,,ai_verdict,done,rework,2026-09-14T12:05:04.630330+05:00,,Работы не соответствуют проблеме / нет фото «после»
424,1c4d0efe-d6e1-5774-af33-096424b68a1d,start,rework,in_progress,2026-09-14T12:33:56.339177+05:00,,
424,1c4d0efe-d6e1-5774-af33-096424b68a1d,complete,in_progress,done,2026-09-14T13:45:56.339177+05:00,"Выполнен ППР: Конвейер К-7 — осмотр, смазка узлов, подтяжка креплений",
424,,ai_verdict,done,ai_review,2026-09-14T13:48:45.606452+05:00,,
424,c8297387-4c37-53d3-8120-a214ac80359e,approve,ai_review,closed,2026-09-14T14:01:57.051128+05:00,,
425,c8297387-4c37-53d3-8120-a214ac80359e,issue,,issued,2026-09-14T09:33:11.322600+05:00,"Плановый ремонт (ППР): Дробилка КМД-1750 — осмотр, смазка, подтяжка креплений, замена изношенных элементов",
425,1c4d0efe-d6e1-5774-af33-096424b68a1d,accept,issued,accepted,2026-09-14T09:37:19.301530+05:00,,
425,1c4d0efe-d6e1-5774-af33-096424b68a1d,start,accepted,in_progress,2026-09-14T09:54:08.023725+05:00,,
425,1c4d0efe-d6e1-5774-af33-096424b68a1d,pause,in_progress,paused,2026-09-14T12:45:14.241937+05:00,,ждёт допуска
425,1c4d0efe-d6e1-5774-af33-096424b68a1d,start,paused,in_progress,2026-09-14T14:43:55.226983+05:00,,
425,1c4d0efe-d6e1-5774-af33-096424b68a1d,complete,in_progress,done,2026-09-14T19:00:34.554301+05:00,"Выполнен ППР: Дробилка КМД-1750 — осмотр, смазка узлов, подтяжка креплений",
425,,ai_verdict,done,rework,2026-09-14T19:02:28.384951+05:00,,Работы не соответствуют проблеме / нет фото «после»
425,1c4d0efe-d6e1-5774-af33-096424b68a1d,start,rework,in_progress,2026-09-14T19:24:06.564036+05:00,,
425,1c4d0efe-d6e1-5774-af33-096424b68a1d,complete,in_progress,done,2026-09-14T21:48:06.564036+05:00,"Выполнен ППР: Дробилка КМД-1750 — осмотр, смазка узлов, подтяжка креплений",
425,,ai_verdict,done,ai_review,2026-09-14T21:49:41.250627+05:00,,
425,c8297387-4c37-53d3-8120-a214ac80359e,approve,ai_review,closed,2026-09-14T22:24:04.950487+05:00,,
426,c8297387-4c37-53d3-8120-a214ac80359e,issue,,issued,2026-09-14T09:40:21.756653+05:00,"Плановый ремонт (ППР): Насос ГрАТ-450 №1 — осмотр, смазка, подтяжка креплений, замена изношенных элементов",
426,1c4d0efe-d6e1-5774-af33-096424b68a1d,accept,issued,accepted,2026-09-14T09:43:51.108454+05:00,,
426,1c4d0efe-d6e1-5774-af33-096424b68a1d,start,accepted,in_progress,2026-09-14T09:59:08.030916+05:00,,
426,1c4d0efe-d6e1-5774-af33-096424b68a1d,pause,in_progress,paused,2026-09-14T10:53:54.699417+05:00,,ждёт допуска
426,1c4d0efe-d6e1-5774-af33-096424b68a1d,start,paused,in_progress,2026-09-14T13:16:25.589296+05:00,,
426,1c4d0efe-d6e1-5774-af33-096424b68a1d,complete,in_progress,done,2026-09-14T14:38:35.592047+05:00,"Выполнен ППР: Насос ГрАТ-450 №1 — осмотр, смазка узлов, подтяжка креплений",
426,,ai_verdict,done,ai_review,2026-09-14T14:41:20.282207+05:00,,
426,c8297387-4c37-53d3-8120-a214ac80359e,approve,ai_review,closed,2026-09-14T15:23:48.801005+05:00,,
427,38634255-032f-5302-be4f-e3bb175128c8,issue,,issued,2026-09-15T01:32:21.036780+05:00,Растяжение приводной цепи,
427,79413058-e2c0-5b03-adfb-a2a01c58f0d5,accept,issued,accepted,2026-09-15T01:45:00.386927+05:00,,
427,79413058-e2c0-5b03-adfb-a2a01c58f0d5,start,accepted,in_progress,2026-09-15T02:00:11.848739+05:00,,
427,79413058-e2c0-5b03-adfb-a2a01c58f0d5,complete,in_progress,done,2026-09-15T04:50:07.720175+05:00,"Заменены цепь и звёздочка, выполнено натяжение",
427,,ai_verdict,done,rework,2026-09-15T04:52:17.384812+05:00,,Работы не соответствуют проблеме / нет фото «после»
427,79413058-e2c0-5b03-adfb-a2a01c58f0d5,start,rework,in_progress,2026-09-15T05:42:32.248948+05:00,,
427,79413058-e2c0-5b03-adfb-a2a01c58f0d5,complete,in_progress,done,2026-09-15T06:36:32.248948+05:00,"Заменены цепь и звёздочка, выполнено натяжение",
427,,ai_verdict,done,ai_review,2026-09-15T06:37:48.026278+05:00,,
427,38634255-032f-5302-be4f-e3bb175128c8,approve,ai_review,closed,2026-09-15T06:57:59.990788+05:00,,
428,38634255-032f-5302-be4f-e3bb175128c8,issue,,issued,2026-09-15T04:13:46.981000+05:00,Выбивает автомат при пуске,
428,524bebbe-f703-5521-8e9d-5a3e54fbbf10,accept,issued,accepted,2026-09-15T04:17:22.940052+05:00,,
428,524bebbe-f703-5521-8e9d-5a3e54fbbf10,start,accepted,in_progress,2026-09-15T04:25:01.908332+05:00,,
428,524bebbe-f703-5521-8e9d-5a3e54fbbf10,complete,in_progress,done,2026-09-15T05:29:53.077019+05:00,"Заменён автомат, проверена нагрузка, защита отрегулирована",
428,,ai_verdict,done,ai_review,2026-09-15T05:31:36.428650+05:00,,
428,38634255-032f-5302-be4f-e3bb175128c8,approve,ai_review,closed,2026-09-15T05:59:34.338616+05:00,,
429,c8297387-4c37-53d3-8120-a214ac80359e,issue,,issued,2026-09-15T09:00:55.453621+05:00,"Плановый ремонт (ППР): Насос ГрАТ-450 №3 — осмотр, смазка, подтяжка креплений, замена изношенных элементов",
429,79413058-e2c0-5b03-adfb-a2a01c58f0d5,accept,issued,accepted,2026-09-15T09:08:52.113115+05:00,,
429,79413058-e2c0-5b03-adfb-a2a01c58f0d5,start,accepted,in_progress,2026-09-15T09:18:52.620500+05:00,,
429,79413058-e2c0-5b03-adfb-a2a01c58f0d5,pause,in_progress,paused,2026-09-15T11:25:25.971832+05:00,,ждёт допуска
429,79413058-e2c0-5b03-adfb-a2a01c58f0d5,start,paused,in_progress,2026-09-15T13:32:17.134936+05:00,,
429,79413058-e2c0-5b03-adfb-a2a01c58f0d5,complete,in_progress,done,2026-09-15T16:42:07.161934+05:00,"Выполнен ППР: Насос ГрАТ-450 №3 — осмотр, смазка узлов, подтяжка креплений",
429,,ai_verdict,done,ai_review,2026-09-15T16:44:24.986361+05:00,,
429,c8297387-4c37-53d3-8120-a214ac80359e,approve,ai_review,closed,2026-09-15T17:27:51.888120+05:00,,
430,c8297387-4c37-53d3-8120-a214ac80359e,issue,,issued,2026-09-15T09:34:14.944443+05:00,"Плановый ремонт (ППР): Вентилятор ВМ-12 — осмотр, смазка, подтяжка креплений, замена изношенных элементов",
430,79413058-e2c0-5b03-adfb-a2a01c58f0d5,accept,issued,accepted,2026-09-15T09:47:56.992546+05:00,,
430,79413058-e2c0-5b03-adfb-a2a01c58f0d5,start,accepted,in_progress,2026-09-15T10:00:06.877809+05:00,,
430,79413058-e2c0-5b03-adfb-a2a01c58f0d5,complete,in_progress,done,2026-09-15T15:27:18.805594+05:00,"Выполнен ППР: Вентилятор ВМ-12 — осмотр, смазка узлов, подтяжка креплений",
430,,ai_verdict,done,ai_review,2026-09-15T15:29:55.119453+05:00,,
430,c8297387-4c37-53d3-8120-a214ac80359e,approve,ai_review,closed,2026-09-15T16:00:46.437579+05:00,,
431,c8297387-4c37-53d3-8120-a214ac80359e,issue,,issued,2026-09-15T09:37:47.956822+05:00,"Плановый ремонт (ППР): Сушильный барабан СБ-1 — осмотр, смазка, подтяжка креплений, замена изношенных элементов",
431,79413058-e2c0-5b03-adfb-a2a01c58f0d5,accept,issued,accepted,2026-09-15T09:40:29.099980+05:00,,
431,79413058-e2c0-5b03-adfb-a2a01c58f0d5,start,accepted,in_progress,2026-09-15T09:57:42.892387+05:00,,
431,79413058-e2c0-5b03-adfb-a2a01c58f0d5,complete,in_progress,done,2026-09-15T16:16:15.409521+05:00,"Выполнен ППР: Сушильный барабан СБ-1 — осмотр, смазка узлов, подтяжка креплений",
431,,ai_verdict,done,ai_review,2026-09-15T16:18:55.689563+05:00,,
431,c8297387-4c37-53d3-8120-a214ac80359e,approve,ai_review,closed,2026-09-15T16:54:27.861046+05:00,,
432,c8297387-4c37-53d3-8120-a214ac80359e,issue,,issued,2026-09-15T15:29:15.832411+05:00,Компрессор не набирает давление,
432,2f23346e-8eed-5645-a1b2-d929d4517246,accept,issued,accepted,2026-09-15T15:33:09.128797+05:00,,
432,2f23346e-8eed-5645-a1b2-d929d4517246,start,accepted,in_progress,2026-09-15T15:45:42.426217+05:00,,
432,2f23346e-8eed-5645-a1b2-d929d4517246,complete,in_progress,done,2026-09-15T18:02:20.966034+05:00,"Заменены ремни, масло, уплотнения, компрессор опробован",
432,,ai_verdict,done,rework,2026-09-15T18:03:29.097530+05:00,,Работы не соответствуют проблеме / нет фото «после»
432,2f23346e-8eed-5645-a1b2-d929d4517246,start,rework,in_progress,2026-09-15T18:56:23.315243+05:00,,
432,2f23346e-8eed-5645-a1b2-d929d4517246,complete,in_progress,done,2026-09-15T20:08:23.315243+05:00,"Заменены ремни, масло, уплотнения, компрессор опробован",
432,,ai_verdict,done,ai_review,2026-09-15T20:09:54.980261+05:00,,
432,c8297387-4c37-53d3-8120-a214ac80359e,approve,ai_review,closed,2026-09-15T20:46:22.762067+05:00,,
433,38634255-032f-5302-be4f-e3bb175128c8,issue,,issued,2026-09-16T00:08:24.408095+05:00,"Вибрация, подшипник греется выше 80 °C",
433,79413058-e2c0-5b03-adfb-a2a01c58f0d5,accept,issued,accepted,2026-09-16T00:13:42.577185+05:00,,
433,79413058-e2c0-5b03-adfb-a2a01c58f0d5,start,accepted,in_progress,2026-09-16T00:22:34.352134+05:00,,
433,79413058-e2c0-5b03-adfb-a2a01c58f0d5,complete,in_progress,done,2026-09-16T01:55:31.300844+05:00,"Заменён подшипник, узел промыт и смазан, проверено на холостом ходу",
433,,ai_verdict,done,ai_review,2026-09-16T01:57:21.578937+05:00,,
433,38634255-032f-5302-be4f-e3bb175128c8,approve,ai_review,closed,2026-09-16T02:17:59.568134+05:00,,
434,38634255-032f-5302-be4f-e3bb175128c8,issue,,issued,2026-09-16T06:02:38.413249+05:00,"Вибрация, подшипник греется выше 80 °C",
434,4cd857ba-990a-5264-9b16-d26a06a3e6f4,accept,issued,accepted,2026-09-16T06:09:37.688221+05:00,,
434,4cd857ba-990a-5264-9b16-d26a06a3e6f4,start,accepted,in_progress,2026-09-16T06:21:58.357495+05:00,,
434,4cd857ba-990a-5264-9b16-d26a06a3e6f4,complete,in_progress,done,2026-09-16T09:26:34.760161+05:00,"Заменён подшипник, узел промыт и смазан, проверено на холостом ходу",
434,,ai_verdict,done,ai_review,2026-09-16T09:28:55.434467+05:00,,
434,38634255-032f-5302-be4f-e3bb175128c8,approve,ai_review,closed,2026-09-16T09:43:15.393197+05:00,,
435,c8297387-4c37-53d3-8120-a214ac80359e,issue,,issued,2026-09-16T08:18:06.097183+05:00,"Плановый ремонт (ППР): Сварочный пост СП-2 — осмотр, смазка, подтяжка креплений, замена изношенных элементов",
435,4cd857ba-990a-5264-9b16-d26a06a3e6f4,accept,issued,accepted,2026-09-16T08:29:57.341076+05:00,,
435,4cd857ba-990a-5264-9b16-d26a06a3e6f4,start,accepted,in_progress,2026-09-16T08:42:42.450601+05:00,,
435,4cd857ba-990a-5264-9b16-d26a06a3e6f4,complete,in_progress,done,2026-09-16T14:02:41.753015+05:00,"Выполнен ППР: Сварочный пост СП-2 — осмотр, смазка узлов, подтяжка креплений",
435,,ai_verdict,done,ai_review,2026-09-16T14:05:01.243555+05:00,,
435,c8297387-4c37-53d3-8120-a214ac80359e,approve,ai_review,closed,2026-09-16T14:27:56.994407+05:00,,
436,c8297387-4c37-53d3-8120-a214ac80359e,issue,,issued,2026-09-16T08:37:11.414444+05:00,"Плановый ремонт (ППР): Дымосос ДН-15 — осмотр, смазка, подтяжка креплений, замена изношенных элементов",
436,4d9937c4-06fe-581d-bbee-b905cacaf2cc,accept,issued,accepted,2026-09-16T08:41:16.317325+05:00,,
436,4d9937c4-06fe-581d-bbee-b905cacaf2cc,start,accepted,in_progress,2026-09-16T08:44:40.903826+05:00,,
436,4d9937c4-06fe-581d-bbee-b905cacaf2cc,pause,in_progress,paused,2026-09-16T09:35:54.244822+05:00,,ждёт запчасти со склада
436,4d9937c4-06fe-581d-bbee-b905cacaf2cc,start,paused,in_progress,2026-09-16T10:21:24.329885+05:00,,
436,4d9937c4-06fe-581d-bbee-b905cacaf2cc,complete,in_progress,done,2026-09-16T11:38:14.341380+05:00,"Выполнен ППР: Дымосос ДН-15 — осмотр, смазка узлов, подтяжка креплений",
436,,ai_verdict,done,ai_review,2026-09-16T11:40:18.212902+05:00,,
436,c8297387-4c37-53d3-8120-a214ac80359e,approve,ai_review,closed,2026-09-16T12:15:58.448897+05:00,,
437,c8297387-4c37-53d3-8120-a214ac80359e,issue,,issued,2026-09-16T12:42:40.040548+05:00,"Падение напора, шум в улитке насоса",
437,4cd857ba-990a-5264-9b16-d26a06a3e6f4,accept,issued,accepted,2026-09-16T12:52:04.515653+05:00,,
437,4cd857ba-990a-5264-9b16-d26a06a3e6f4,start,accepted,in_progress,2026-09-16T13:07:41.718582+05:00,,
437,4cd857ba-990a-5264-9b16-d26a06a3e6f4,complete,in_progress,done,2026-09-16T17:35:04.581216+05:00,"Заменено рабочее колесо, уплотнения, насос опробован",
437,,ai_verdict,done,ai_review,2026-09-16T17:37:19.599362+05:00,,
437,c8297387-4c37-53d3-8120-a214ac80359e,approve,ai_review,closed,2026-09-16T18:16:33.370141+05:00,,
438,38634255-032f-5302-be4f-e3bb175128c8,issue,,issued,2026-09-17T01:34:40.275308+05:00,"Перегрев электродвигателя, гул",
438,524bebbe-f703-5521-8e9d-5a3e54fbbf10,queue,issued,queued,2026-09-17T01:42:36.079185+05:00,,
438,524bebbe-f703-5521-8e9d-5a3e54fbbf10,start,queued,in_progress,2026-09-17T02:07:59.970477+05:00,,
438,524bebbe-f703-5521-8e9d-5a3e54fbbf10,complete,in_progress,done,2026-09-17T05:54:17.200245+05:00,"Заменены подшипники двигателя, проверены обмотки, пуск в норме",
438,,ai_verdict,done,ai_review,2026-09-17T05:56:25.042464+05:00,,
438,38634255-032f-5302-be4f-e3bb175128c8,approve,ai_review,closed,2026-09-17T06:55:33.259333+05:00,,
439,c8297387-4c37-53d3-8120-a214ac80359e,issue,,issued,2026-09-17T08:42:29.092676+05:00,"Плановый ремонт (ППР): Кран мостовой 10 т — осмотр, смазка, подтяжка креплений, замена изношенных элементов",
439,30c23f9b-3046-52c7-aa98-4ded8e8f73ec,accept,issued,accepted,2026-09-17T08:49:18.201283+05:00,,
439,30c23f9b-3046-52c7-aa98-4ded8e8f73ec,start,accepted,in_progress,2026-09-17T09:08:57.803189+05:00,,
439,30c23f9b-3046-52c7-aa98-4ded8e8f73ec,complete,in_progress,done,2026-09-17T10:53:43.738229+05:00,"Выполнен ППР: Кран мостовой 10 т — осмотр, смазка узлов, подтяжка креплений",
439,,ai_verdict,done,ai_review,2026-09-17T10:55:38.057436+05:00,,
439,c8297387-4c37-53d3-8120-a214ac80359e,approve,ai_review,closed,2026-09-17T11:44:34.232927+05:00,,
440,c8297387-4c37-53d3-8120-a214ac80359e,issue,,issued,2026-09-17T09:07:40.800930+05:00,"Плановый ремонт (ППР): Конвейер К-1 — осмотр, смазка, подтяжка креплений, замена изношенных элементов",
440,30c23f9b-3046-52c7-aa98-4ded8e8f73ec,accept,issued,accepted,2026-09-17T09:16:03.674606+05:00,,
440,30c23f9b-3046-52c7-aa98-4ded8e8f73ec,start,accepted,in_progress,2026-09-17T09:22:05.344233+05:00,,
440,30c23f9b-3046-52c7-aa98-4ded8e8f73ec,pause,in_progress,paused,2026-09-17T10:53:57.598825+05:00,,ждёт остановки оборудования
440,30c23f9b-3046-52c7-aa98-4ded8e8f73ec,start,paused,in_progress,2026-09-17T12:13:54.886048+05:00,,
440,30c23f9b-3046-52c7-aa98-4ded8e8f73ec,complete,in_progress,done,2026-09-17T14:31:43.267936+05:00,"Выполнен ППР: Конвейер К-1 — осмотр, смазка узлов, подтяжка креплений",
440,,ai_verdict,done,ai_review,2026-09-17T14:32:56.092790+05:00,,
440,c8297387-4c37-53d3-8120-a214ac80359e,approve,ai_review,closed,2026-09-17T15:01:28.832908+05:00,,
441,c8297387-4c37-53d3-8120-a214ac80359e,issue,,issued,2026-09-17T09:36:35.238995+05:00,"Плановый ремонт (ППР): Конвейер К-3 — осмотр, смазка, подтяжка креплений, замена изношенных элементов",
441,75808db3-d714-5bc1-8824-97b2c7c6f097,accept,issued,accepted,2026-09-17T09:39:03.485416+05:00,,
441,75808db3-d714-5bc1-8824-97b2c7c6f097,start,accepted,in_progress,2026-09-17T09:45:36.511797+05:00,,
441,75808db3-d714-5bc1-8824-97b2c7c6f097,complete,in_progress,done,2026-09-17T13:04:20.638792+05:00,"Выполнен ППР: Конвейер К-3 — осмотр, смазка узлов, подтяжка креплений",
441,,ai_verdict,done,ai_review,2026-09-17T13:06:04.947222+05:00,,
441,c8297387-4c37-53d3-8120-a214ac80359e,approve,ai_review,closed,2026-09-17T13:21:17.734648+05:00,,
442,c8297387-4c37-53d3-8120-a214ac80359e,issue,,issued,2026-09-17T09:57:35.368906+05:00,"Плановый ремонт (ППР): Дробилка ККД-1500 — осмотр, смазка, подтяжка креплений, замена изношенных элементов",
442,1c4d0efe-d6e1-5774-af33-096424b68a1d,accept,issued,accepted,2026-09-17T10:06:54.492494+05:00,,
442,1c4d0efe-d6e1-5774-af33-096424b68a1d,start,accepted,in_progress,2026-09-17T10:16:22.919261+05:00,,
442,1c4d0efe-d6e1-5774-af33-096424b68a1d,complete,in_progress,done,2026-09-17T17:05:45.367062+05:00,"Выполнен ППР: Дробилка ККД-1500 — осмотр, смазка узлов, подтяжка креплений",
442,,ai_verdict,done,ai_review,2026-09-17T17:08:22.158066+05:00,,
442,c8297387-4c37-53d3-8120-a214ac80359e,approve,ai_review,closed,2026-09-17T17:42:55.034187+05:00,,
443,38634255-032f-5302-be4f-e3bb175128c8,issue,,issued,2026-09-17T20:08:34.393309+05:00,"Вибрация, подшипник греется выше 80 °C",
443,1c4d0efe-d6e1-5774-af33-096424b68a1d,accept,issued,accepted,2026-09-17T20:19:56.317484+05:00,,
443,1c4d0efe-d6e1-5774-af33-096424b68a1d,start,accepted,in_progress,2026-09-17T20:34:00.744845+05:00,,
443,1c4d0efe-d6e1-5774-af33-096424b68a1d,complete,in_progress,done,2026-09-17T23:45:48.494880+05:00,"Заменён подшипник, узел промыт и смазан, проверено на холостом ходу",
443,,ai_verdict,done,rework,2026-09-17T23:48:32.236929+05:00,,Работы не соответствуют проблеме / нет фото «после»
443,1c4d0efe-d6e1-5774-af33-096424b68a1d,start,rework,in_progress,2026-09-18T00:47:36.108153+05:00,,
443,1c4d0efe-d6e1-5774-af33-096424b68a1d,complete,in_progress,done,2026-09-18T01:41:36.108153+05:00,"Заменён подшипник, узел промыт и смазан, проверено на холостом ходу",
443,,ai_verdict,done,ai_review,2026-09-18T01:44:05.849224+05:00,,
443,38634255-032f-5302-be4f-e3bb175128c8,approve,ai_review,closed,2026-09-18T02:27:51.279029+05:00,,
444,c8297387-4c37-53d3-8120-a214ac80359e,issue,,issued,2026-09-18T08:21:57.951624+05:00,"Плановый ремонт (ППР): Грохот ГИТ-51 №2 — осмотр, смазка, подтяжка креплений, замена изношенных элементов",
444,30c23f9b-3046-52c7-aa98-4ded8e8f73ec,accept,issued,accepted,2026-09-18T08:36:00.311881+05:00,,
444,30c23f9b-3046-52c7-aa98-4ded8e8f73ec,start,accepted,in_progress,2026-09-18T08:39:20.425054+05:00,,
444,30c23f9b-3046-52c7-aa98-4ded8e8f73ec,complete,in_progress,done,2026-09-18T11:19:22.213417+05:00,"Выполнен ППР: Грохот ГИТ-51 №2 — осмотр, смазка узлов, подтяжка креплений",
444,,ai_verdict,done,ai_review,2026-09-18T11:21:01.083814+05:00,,
444,c8297387-4c37-53d3-8120-a214ac80359e,approve,ai_review,closed,2026-09-18T11:50:52.202902+05:00,,
445,c8297387-4c37-53d3-8120-a214ac80359e,issue,,issued,2026-09-18T08:48:57.617731+05:00,"Плановый ремонт (ППР): Сушильный барабан СБ-2 — осмотр, смазка, подтяжка креплений, замена изношенных элементов",
445,75808db3-d714-5bc1-8824-97b2c7c6f097,accept,issued,accepted,2026-09-18T09:02:24.298644+05:00,,
445,75808db3-d714-5bc1-8824-97b2c7c6f097,start,accepted,in_progress,2026-09-18T09:07:51.416531+05:00,,
445,75808db3-d714-5bc1-8824-97b2c7c6f097,complete,in_progress,done,2026-09-18T16:01:53.001045+05:00,"Выполнен ППР: Сушильный барабан СБ-2 — осмотр, смазка узлов, подтяжка креплений",
445,,ai_verdict,done,ai_review,2026-09-18T16:04:33.046125+05:00,,
445,c8297387-4c37-53d3-8120-a214ac80359e,approve,ai_review,closed,2026-09-18T17:00:02.217716+05:00,,
446,c8297387-4c37-53d3-8120-a214ac80359e,issue,,issued,2026-09-18T15:03:09.457175+05:00,"Течь гидрожидкости, лужа под агрегатом",
446,9d7fbeed-09f8-55cd-9cc1-8e28b1c8a47a,accept,issued,accepted,2026-09-18T15:10:33.252296+05:00,,
446,9d7fbeed-09f8-55cd-9cc1-8e28b1c8a47a,start,accepted,in_progress,2026-09-18T15:24:56.136220+05:00,,
446,9d7fbeed-09f8-55cd-9cc1-8e28b1c8a47a,complete,in_progress,done,2026-09-18T17:56:38.693719+05:00,"Заменены уплотнения, долито масло, течь устранена",
446,,ai_verdict,done,ai_review,2026-09-18T17:57:55.753025+05:00,,
446,c8297387-4c37-53d3-8120-a214ac80359e,approve,ai_review,closed,2026-09-18T18:38:14.514773+05:00,,
447,38634255-032f-5302-be4f-e3bb175128c8,issue,,issued,2026-09-19T02:35:24.805932+05:00,"Проскальзывание цепи, износ звёздочки",
447,30c23f9b-3046-52c7-aa98-4ded8e8f73ec,accept,issued,accepted,2026-09-19T02:38:43.434956+05:00,,
447,30c23f9b-3046-52c7-aa98-4ded8e8f73ec,start,accepted,in_progress,2026-09-19T02:47:10.027601+05:00,,
447,30c23f9b-3046-52c7-aa98-4ded8e8f73ec,complete,in_progress,done,2026-09-19T05:35:08.577151+05:00,"Заменены цепь и звёздочка, выполнено натяжение",
447,,ai_verdict,done,rework,2026-09-19T05:36:55.017370+05:00,,Работы не соответствуют проблеме / нет фото «после»
447,30c23f9b-3046-52c7-aa98-4ded8e8f73ec,start,rework,in_progress,2026-09-19T06:00:56.545353+05:00,,
447,30c23f9b-3046-52c7-aa98-4ded8e8f73ec,complete,in_progress,done,2026-09-19T06:54:56.545353+05:00,"Заменены цепь и звёздочка, выполнено натяжение",
447,,ai_verdict,done,ai_review,2026-09-19T06:56:25.669767+05:00,,
447,38634255-032f-5302-be4f-e3bb175128c8,approve,ai_review,closed,2026-09-19T07:24:19.071567+05:00,,
448,c8297387-4c37-53d3-8120-a214ac80359e,issue,,issued,2026-09-19T09:00:47.712224+05:00,"Плановый ремонт (ППР): Рукавный фильтр РФ-2 — осмотр, смазка, подтяжка креплений, замена изношенных элементов",
448,4d9937c4-06fe-581d-bbee-b905cacaf2cc,accept,issued,accepted,2026-09-19T09:09:22.424244+05:00,,
448,4d9937c4-06fe-581d-bbee-b905cacaf2cc,start,accepted,in_progress,2026-09-19T09:23:58.532131+05:00,,
448,4d9937c4-06fe-581d-bbee-b905cacaf2cc,complete,in_progress,done,2026-09-19T14:08:26.211137+05:00,"Выполнен ППР: Рукавный фильтр РФ-2 — осмотр, смазка узлов, подтяжка креплений",
448,,ai_verdict,done,ai_review,2026-09-19T14:10:31.947687+05:00,,
448,c8297387-4c37-53d3-8120-a214ac80359e,approve,ai_review,closed,2026-09-19T15:08:35.876865+05:00,,
449,c8297387-4c37-53d3-8120-a214ac80359e,issue,,issued,2026-09-19T09:25:18.208804+05:00,"Плановый ремонт (ППР): Питатель пластинчатый ПП-1 — осмотр, смазка, подтяжка креплений, замена изношенных элементов",
449,79413058-e2c0-5b03-adfb-a2a01c58f0d5,accept,issued,accepted,2026-09-19T09:37:17.280183+05:00,,
449,79413058-e2c0-5b03-adfb-a2a01c58f0d5,start,accepted,in_progress,2026-09-19T09:41:57.406020+05:00,,
449,79413058-e2c0-5b03-adfb-a2a01c58f0d5,complete,in_progress,done,2026-09-19T13:15:51.421971+05:00,"Выполнен ППР: Питатель пластинчатый ПП-1 — осмотр, смазка узлов, подтяжка креплений",
449,,ai_verdict,done,ai_review,2026-09-19T13:17:39.251015+05:00,,
449,c8297387-4c37-53d3-8120-a214ac80359e,approve,ai_review,closed,2026-09-19T13:46:19.700761+05:00,,
450,c8297387-4c37-53d3-8120-a214ac80359e,issue,,issued,2026-09-19T09:27:42.987518+05:00,"Плановый ремонт (ППР): Рукавный фильтр РФ-1 — осмотр, смазка, подтяжка креплений, замена изношенных элементов",
450,1c4d0efe-d6e1-5774-af33-096424b68a1d,accept,issued,accepted,2026-09-19T09:41:57.265208+05:00,,
450,1c4d0efe-d6e1-5774-af33-096424b68a1d,start,accepted,in_progress,2026-09-19T09:52:16.747558+05:00,,
450,1c4d0efe-d6e1-5774-af33-096424b68a1d,complete,in_progress,done,2026-09-19T13:25:38.776333+05:00,"Выполнен ППР: Рукавный фильтр РФ-1 — осмотр, смазка узлов, подтяжка креплений",
450,,ai_verdict,done,ai_review,2026-09-19T13:26:52.494909+05:00,,
450,c8297387-4c37-53d3-8120-a214ac80359e,approve,ai_review,closed,2026-09-19T13:47:50.257160+05:00,,
451,c8297387-4c37-53d3-8120-a214ac80359e,issue,,issued,2026-09-19T09:32:17.884201+05:00,"Плановый ремонт (ППР): Токарный станок 1М63 — осмотр, смазка, подтяжка креплений, замена изношенных элементов",
451,4cd857ba-990a-5264-9b16-d26a06a3e6f4,accept,issued,accepted,2026-09-19T09:43:15.773907+05:00,,
451,4cd857ba-990a-5264-9b16-d26a06a3e6f4,start,accepted,in_progress,2026-09-19T09:58:07.704967+05:00,,
451,4cd857ba-990a-5264-9b16-d26a06a3e6f4,complete,in_progress,done,2026-09-19T11:59:33.688821+05:00,"Выполнен ППР: Токарный станок 1М63 — осмотр, смазка узлов, подтяжка креплений",
451,,ai_verdict,done,ai_review,2026-09-19T12:02:10.123789+05:00,,
451,c8297387-4c37-53d3-8120-a214ac80359e,approve,ai_review,closed,2026-09-19T12:38:55.715502+05:00,,
452,c8297387-4c37-53d3-8120-a214ac80359e,issue,,issued,2026-09-19T16:29:12.631504+05:00,"Перегрев электродвигателя, гул",
452,42ef7ac6-1e11-523f-b9a2-a713f308d193,accept,issued,accepted,2026-09-19T16:33:08.242257+05:00,,
452,42ef7ac6-1e11-523f-b9a2-a713f308d193,start,accepted,in_progress,2026-09-19T16:49:00.466221+05:00,,
452,42ef7ac6-1e11-523f-b9a2-a713f308d193,complete,in_progress,done,2026-09-19T20:51:45.227258+05:00,"Заменены подшипники двигателя, проверены обмотки, пуск в норме",
452,,ai_verdict,done,ai_review,2026-09-19T20:53:46.886928+05:00,,
452,c8297387-4c37-53d3-8120-a214ac80359e,approve,ai_review,closed,2026-09-19T21:08:40.093451+05:00,,
453,c8297387-4c37-53d3-8120-a214ac80359e,issue,,issued,2026-09-19T18:02:44.948116+05:00,"Перегрев электродвигателя, гул",
453,524bebbe-f703-5521-8e9d-5a3e54fbbf10,accept,issued,accepted,2026-09-19T18:06:03.406550+05:00,,
453,524bebbe-f703-5521-8e9d-5a3e54fbbf10,start,accepted,in_progress,2026-09-19T18:19:09.963872+05:00,,
453,524bebbe-f703-5521-8e9d-5a3e54fbbf10,complete,in_progress,done,2026-09-19T21:16:58.805601+05:00,"Заменены подшипники двигателя, проверены обмотки, пуск в норме",
453,,ai_verdict,done,ai_review,2026-09-19T21:19:07.341634+05:00,,
453,c8297387-4c37-53d3-8120-a214ac80359e,approve,ai_review,closed,2026-09-19T22:10:56.916666+05:00,,
454,38634255-032f-5302-be4f-e3bb175128c8,issue,,issued,2026-09-19T22:24:02.433964+05:00,"Вибрация, ослабли крепления рамы",
454,75808db3-d714-5bc1-8824-97b2c7c6f097,accept,issued,accepted,2026-09-19T22:31:34.604519+05:00,,
454,75808db3-d714-5bc1-8824-97b2c7c6f097,start,accepted,in_progress,2026-09-19T22:36:15.078160+05:00,,
454,75808db3-d714-5bc1-8824-97b2c7c6f097,pause,in_progress,paused,2026-09-19T23:09:11.546384+05:00,,ждёт запчасти со склада
454,75808db3-d714-5bc1-8824-97b2c7c6f097,start,paused,in_progress,2026-09-20T00:30:15.477281+05:00,,
454,75808db3-d714-5bc1-8824-97b2c7c6f097,complete,in_progress,done,2026-09-20T01:19:40.179617+05:00,"Подтянуты и заменены крепления, проверена вибрация",
454,,ai_verdict,done,ai_review,2026-09-20T01:22:14.330591+05:00,,
454,38634255-032f-5302-be4f-e3bb175128c8,approve,ai_review,closed,2026-09-20T01:40:21.635189+05:00,,
455,38634255-032f-5302-be4f-e3bb175128c8,issue,,issued,2026-09-20T00:33:42.104082+05:00,Шум и нагрев подшипникового узла привода,
455,4cd857ba-990a-5264-9b16-d26a06a3e6f4,accept,issued,accepted,2026-09-20T00:37:23.849593+05:00,,
455,4cd857ba-990a-5264-9b16-d26a06a3e6f4,start,accepted,in_progress,2026-09-20T00:40:39.046582+05:00,,
455,4cd857ba-990a-5264-9b16-d26a06a3e6f4,pause,in_progress,paused,2026-09-20T01:55:14.527435+05:00,,ждёт запчасти со склада
455,4cd857ba-990a-5264-9b16-d26a06a3e6f4,start,paused,in_progress,2026-09-20T04:16:23.912007+05:00,,
455,4cd857ba-990a-5264-9b16-d26a06a3e6f4,complete,in_progress,done,2026-09-20T06:08:17.133286+05:00,"Заменён подшипник, узел промыт и смазан, проверено на холостом ходу",
455,,ai_verdict,done,ai_review,2026-09-20T06:10:14.489804+05:00,,
455,38634255-032f-5302-be4f-e3bb175128c8,approve,ai_review,closed,2026-09-20T06:36:09.145735+05:00,,
456,c8297387-4c37-53d3-8120-a214ac80359e,issue,,issued,2026-09-20T08:27:28.276333+05:00,"Плановый ремонт (ППР): Конвейер К-2 — осмотр, смазка, подтяжка креплений, замена изношенных элементов",
456,2f23346e-8eed-5645-a1b2-d929d4517246,accept,issued,accepted,2026-09-20T08:40:35.062957+05:00,,
456,2f23346e-8eed-5645-a1b2-d929d4517246,start,accepted,in_progress,2026-09-20T08:43:25.732702+05:00,,
456,2f23346e-8eed-5645-a1b2-d929d4517246,complete,in_progress,done,2026-09-20T13:05:49.117179+05:00,"Выполнен ППР: Конвейер К-2 — осмотр, смазка узлов, подтяжка креплений",
456,,ai_verdict,done,ai_review,2026-09-20T13:08:33.908372+05:00,,
456,c8297387-4c37-53d3-8120-a214ac80359e,approve,ai_review,closed,2026-09-20T14:02:19.129139+05:00,,
457,c8297387-4c37-53d3-8120-a214ac80359e,issue,,issued,2026-09-20T08:39:19.872384+05:00,"Плановый ремонт (ППР): Сепаратор пневматический СП-1 — осмотр, смазка, подтяжка креплений, замена изношенных элементов",
457,79413058-e2c0-5b03-adfb-a2a01c58f0d5,accept,issued,accepted,2026-09-20T08:43:18.909421+05:00,,
457,79413058-e2c0-5b03-adfb-a2a01c58f0d5,start,accepted,in_progress,2026-09-20T08:48:12.279210+05:00,,
457,79413058-e2c0-5b03-adfb-a2a01c58f0d5,complete,in_progress,done,2026-09-20T09:59:15.107927+05:00,"Выполнен ППР: Сепаратор пневматический СП-1 — осмотр, смазка узлов, подтяжка креплений",
457,,ai_verdict,done,ai_review,2026-09-20T10:01:12.269625+05:00,,
457,c8297387-4c37-53d3-8120-a214ac80359e,approve,ai_review,closed,2026-09-20T10:40:18.845216+05:00,,
458,c8297387-4c37-53d3-8120-a214ac80359e,issue,,issued,2026-09-20T09:01:21.120824+05:00,"Плановый ремонт (ППР): Грохот ГИТ-51 №1 — осмотр, смазка, подтяжка креплений, замена изношенных элементов",
458,75808db3-d714-5bc1-8824-97b2c7c6f097,reject,issued,rejected,2026-09-20T09:08:49.533426+05:00,,занят аварийным нарядом
458,c8297387-4c37-53d3-8120-a214ac80359e,reassign,rejected,issued,2026-09-20T09:11:51.778025+05:00,,
458,79413058-e2c0-5b03-adfb-a2a01c58f0d5,accept,issued,accepted,2026-09-20T09:26:16.271909+05:00,,
458,79413058-e2c0-5b03-adfb-a2a01c58f0d5,start,accepted,in_progress,2026-09-20T09:46:01.286840+05:00,,
458,79413058-e2c0-5b03-adfb-a2a01c58f0d5,complete,in_progress,done,2026-09-20T13:37:41.859956+05:00,"Выполнен ППР: Грохот ГИТ-51 №1 — осмотр, смазка узлов, подтяжка креплений",
458,,ai_verdict,done,ai_review,2026-09-20T13:39:44.123265+05:00,,
458,c8297387-4c37-53d3-8120-a214ac80359e,approve,ai_review,closed,2026-09-20T14:23:49.272268+05:00,,
459,c8297387-4c37-53d3-8120-a214ac80359e,issue,,issued,2026-09-20T09:18:01.535279+05:00,"Плановый ремонт (ППР): Компрессор ВК-10 — осмотр, смазка, подтяжка креплений, замена изношенных элементов",
459,79413058-e2c0-5b03-adfb-a2a01c58f0d5,accept,issued,accepted,2026-09-20T09:22:22.466196+05:00,,
459,79413058-e2c0-5b03-adfb-a2a01c58f0d5,start,accepted,in_progress,2026-09-20T09:25:02.864929+05:00,,
459,79413058-e2c0-5b03-adfb-a2a01c58f0d5,complete,in_progress,done,2026-09-20T11:30:27.573278+05:00,"Выполнен ППР: Компрессор ВК-10 — осмотр, смазка узлов, подтяжка креплений",
459,,ai_verdict,done,ai_review,2026-09-20T11:31:51.152869+05:00,,
459,c8297387-4c37-53d3-8120-a214ac80359e,approve,ai_review,closed,2026-09-20T11:42:31.582697+05:00,,
460,c8297387-4c37-53d3-8120-a214ac80359e,issue,,issued,2026-09-20T09:45:24.503059+05:00,"Плановый ремонт (ППР): Компрессор ВК-20 — осмотр, смазка, подтяжка креплений, замена изношенных элементов",
460,4cd857ba-990a-5264-9b16-d26a06a3e6f4,accept,issued,accepted,2026-09-20T09:48:33.338129+05:00,,
460,4cd857ba-990a-5264-9b16-d26a06a3e6f4,start,accepted,in_progress,2026-09-20T09:58:24.916562+05:00,,
460,4cd857ba-990a-5264-9b16-d26a06a3e6f4,complete,in_progress,done,2026-09-20T12:08:47.878544+05:00,"Выполнен ППР: Компрессор ВК-20 — осмотр, смазка узлов, подтяжка креплений",
460,,ai_verdict,done,ai_review,2026-09-20T12:09:53.959921+05:00,,
460,c8297387-4c37-53d3-8120-a214ac80359e,approve,ai_review,closed,2026-09-20T12:30:01.260151+05:00,,
461,38634255-032f-5302-be4f-e3bb175128c8,issue,,issued,2026-09-20T20:34:55.295115+05:00,Шум и нагрев подшипникового узла привода,
461,2f23346e-8eed-5645-a1b2-d929d4517246,accept,issued,accepted,2026-09-20T20:37:20.205684+05:00,,
461,2f23346e-8eed-5645-a1b2-d929d4517246,start,accepted,in_progress,2026-09-20T20:44:39.926018+05:00,,
461,2f23346e-8eed-5645-a1b2-d929d4517246,complete,in_progress,done,2026-09-21T00:11:55.672754+05:00,"Заменён подшипник, узел промыт и смазан, проверено на холостом ходу",
461,,ai_verdict,done,ai_review,2026-09-21T00:13:00.436217+05:00,,
461,38634255-032f-5302-be4f-e3bb175128c8,approve,ai_review,closed,2026-09-21T00:33:01.479294+05:00,,
462,38634255-032f-5302-be4f-e3bb175128c8,issue,,issued,2026-09-20T22:45:11.465077+05:00,"Двигатель не запускается, запах гари",
462,ee96e203-5cd8-5eb3-be58-94fd2ac2392a,reject,issued,rejected,2026-09-20T22:50:32.746995+05:00,,нет материалов
462,38634255-032f-5302-be4f-e3bb175128c8,reassign,rejected,issued,2026-09-20T22:52:51.194971+05:00,,
462,afebbbfd-2a78-5649-81b2-ad4f458ca374,accept,issued,accepted,2026-09-20T22:56:38.183452+05:00,,
462,afebbbfd-2a78-5649-81b2-ad4f458ca374,start,accepted,in_progress,2026-09-20T23:07:55.656640+05:00,,
462,afebbbfd-2a78-5649-81b2-ad4f458ca374,complete,in_progress,done,2026-09-21T02:38:25.604445+05:00,"Заменены подшипники двигателя, проверены обмотки, пуск в норме",
462,,ai_verdict,done,ai_review,2026-09-21T02:39:51.045782+05:00,,
462,38634255-032f-5302-be4f-e3bb175128c8,approve,ai_review,closed,2026-09-21T03:07:23.692591+05:00,,
463,c8297387-4c37-53d3-8120-a214ac80359e,issue,,issued,2026-09-21T08:04:05.899354+05:00,"Плановый ремонт (ППР): Конвейер К-7 — осмотр, смазка, подтяжка креплений, замена изношенных элементов",
463,75808db3-d714-5bc1-8824-97b2c7c6f097,accept,issued,accepted,2026-09-21T08:06:08.390346+05:00,,
463,75808db3-d714-5bc1-8824-97b2c7c6f097,start,accepted,in_progress,2026-09-21T08:25:07.354589+05:00,,
463,75808db3-d714-5bc1-8824-97b2c7c6f097,complete,in_progress,done,2026-09-21T12:25:13.986235+05:00,"Выполнен ППР: Конвейер К-7 — осмотр, смазка узлов, подтяжка креплений",
463,,ai_verdict,done,ai_review,2026-09-21T12:26:33.280823+05:00,,
463,c8297387-4c37-53d3-8120-a214ac80359e,approve,ai_review,closed,2026-09-21T12:44:01.363774+05:00,,
464,c8297387-4c37-53d3-8120-a214ac80359e,issue,,issued,2026-09-21T08:58:54.511708+05:00,"Плановый ремонт (ППР): Дробилка КМД-1750 — осмотр, смазка, подтяжка креплений, замена изношенных элементов",
464,2f23346e-8eed-5645-a1b2-d929d4517246,accept,issued,accepted,2026-09-21T09:12:06.332119+05:00,,
464,2f23346e-8eed-5645-a1b2-d929d4517246,start,accepted,in_progress,2026-09-21T09:21:39.274609+05:00,,
464,2f23346e-8eed-5645-a1b2-d929d4517246,complete,in_progress,done,2026-09-21T13:57:16.026054+05:00,"Выполнен ППР: Дробилка КМД-1750 — осмотр, смазка узлов, подтяжка креплений",
464,,ai_verdict,done,ai_review,2026-09-21T14:00:15.124100+05:00,,
464,c8297387-4c37-53d3-8120-a214ac80359e,approve,ai_review,closed,2026-09-21T14:30:31.558817+05:00,,
465,c8297387-4c37-53d3-8120-a214ac80359e,issue,,issued,2026-09-21T09:06:35.266650+05:00,"Плановый ремонт (ППР): Гидропресс П-6326 — осмотр, смазка, подтяжка креплений, замена изношенных элементов",
465,79413058-e2c0-5b03-adfb-a2a01c58f0d5,accept,issued,accepted,2026-09-21T09:14:46.775432+05:00,,
465,79413058-e2c0-5b03-adfb-a2a01c58f0d5,start,accepted,in_progress,2026-09-21T09:31:14.790729+05:00,,
465,79413058-e2c0-5b03-adfb-a2a01c58f0d5,complete,in_progress,done,2026-09-21T11:38:09.237702+05:00,"Выполнен ППР: Гидропресс П-6326 — осмотр, смазка узлов, подтяжка креплений",
465,,ai_verdict,done,ai_review,2026-09-21T11:40:12.475413+05:00,,
465,c8297387-4c37-53d3-8120-a214ac80359e,approve,ai_review,closed,2026-09-21T11:55:36.088077+05:00,,
466,c8297387-4c37-53d3-8120-a214ac80359e,issue,,issued,2026-09-21T09:13:12.962790+05:00,"Плановый ремонт (ППР): Насос ГрАТ-450 №1 — осмотр, смазка, подтяжка креплений, замена изношенных элементов",
466,4d9937c4-06fe-581d-bbee-b905cacaf2cc,accept,issued,accepted,2026-09-21T09:21:02.912452+05:00,,
466,4d9937c4-06fe-581d-bbee-b905cacaf2cc,start,accepted,in_progress,2026-09-21T09:31:33.264691+05:00,,
466,4d9937c4-06fe-581d-bbee-b905cacaf2cc,pause,in_progress,paused,2026-09-21T11:02:22.491534+05:00,,ждёт допуска
466,4d9937c4-06fe-581d-bbee-b905cacaf2cc,start,paused,in_progress,2026-09-21T13:13:53.760734+05:00,,
466,4d9937c4-06fe-581d-bbee-b905cacaf2cc,complete,in_progress,done,2026-09-21T15:30:07.600998+05:00,"Выполнен ППР: Насос ГрАТ-450 №1 — осмотр, смазка узлов, подтяжка креплений",
466,,ai_verdict,done,ai_review,2026-09-21T15:32:11.864833+05:00,,
466,c8297387-4c37-53d3-8120-a214ac80359e,approve,ai_review,closed,2026-09-21T16:26:26.271060+05:00,,
467,c8297387-4c37-53d3-8120-a214ac80359e,issue,,issued,2026-09-21T09:26:27.402960+05:00,"Плановый ремонт (ППР): Насос ГрАТ-450 №2 — осмотр, смазка, подтяжка креплений, замена изношенных элементов",
467,30c23f9b-3046-52c7-aa98-4ded8e8f73ec,accept,issued,accepted,2026-09-21T09:32:49.226280+05:00,,
467,30c23f9b-3046-52c7-aa98-4ded8e8f73ec,start,accepted,in_progress,2026-09-21T09:40:28.311128+05:00,,
467,30c23f9b-3046-52c7-aa98-4ded8e8f73ec,complete,in_progress,done,2026-09-21T13:29:23.324050+05:00,"Выполнен ППР: Насос ГрАТ-450 №2 — осмотр, смазка узлов, подтяжка креплений",
467,,ai_verdict,done,ai_review,2026-09-21T13:30:36.999919+05:00,,
467,c8297387-4c37-53d3-8120-a214ac80359e,approve,ai_review,closed,2026-09-21T14:01:05.326774+05:00,,
468,c8297387-4c37-53d3-8120-a214ac80359e,issue,,issued,2026-09-21T11:25:29.468232+05:00,Не срабатывает пневмоклапан встряхивания,
468,4cd857ba-990a-5264-9b16-d26a06a3e6f4,accept,issued,accepted,2026-09-21T11:28:14.021954+05:00,,
468,4cd857ba-990a-5264-9b16-d26a06a3e6f4,start,accepted,in_progress,2026-09-21T11:44:47.526589+05:00,,
468,4cd857ba-990a-5264-9b16-d26a06a3e6f4,complete,in_progress,done,2026-09-21T13:48:36.102740+05:00,"Заменён клапан, установлен ремкомплект пневмоцилиндра",
468,,ai_verdict,done,ai_review,2026-09-21T13:51:00.580326+05:00,,
468,c8297387-4c37-53d3-8120-a214ac80359e,approve,ai_review,closed,2026-09-21T14:28:11.744983+05:00,,
469,38634255-032f-5302-be4f-e3bb175128c8,issue,,issued,2026-09-21T20:23:09.888954+05:00,"Вибрация, ослабли крепления рамы",
469,30c23f9b-3046-52c7-aa98-4ded8e8f73ec,accept,issued,accepted,2026-09-21T20:30:17.665107+05:00,,
469,30c23f9b-3046-52c7-aa98-4ded8e8f73ec,start,accepted,in_progress,2026-09-21T20:36:26.120614+05:00,,
469,30c23f9b-3046-52c7-aa98-4ded8e8f73ec,complete,in_progress,done,2026-09-21T22:32:30.672661+05:00,"Подтянуты и заменены крепления, проверена вибрация",
469,,ai_verdict,done,ai_review,2026-09-21T22:34:52.543609+05:00,,
469,38634255-032f-5302-be4f-e3bb175128c8,approve,ai_review,closed,2026-09-21T22:51:34.688062+05:00,,
470,38634255-032f-5302-be4f-e3bb175128c8,issue,,issued,2026-09-21T23:57:42.109388+05:00,Узел работает без смазки,
470,2f23346e-8eed-5645-a1b2-d929d4517246,accept,issued,accepted,2026-09-22T00:10:23.182414+05:00,,
470,2f23346e-8eed-5645-a1b2-d929d4517246,start,accepted,in_progress,2026-09-22T00:18:21.948167+05:00,,
470,2f23346e-8eed-5645-a1b2-d929d4517246,complete,in_progress,done,2026-09-22T01:00:58.509410+05:00,"Узлы смазаны, проверен нагрев",
470,,ai_verdict,done,ai_review,2026-09-22T01:02:41.119761+05:00,,
470,38634255-032f-5302-be4f-e3bb175128c8,approve,ai_review,closed,2026-09-22T01:49:33.644804+05:00,,
471,38634255-032f-5302-be4f-e3bb175128c8,issue,,issued,2026-09-22T05:30:16.630486+05:00,"Вибрация, подшипник греется выше 80 °C",
471,79413058-e2c0-5b03-adfb-a2a01c58f0d5,accept,issued,accepted,2026-09-22T05:33:01.546549+05:00,,
471,79413058-e2c0-5b03-adfb-a2a01c58f0d5,start,accepted,in_progress,2026-09-22T05:43:43.880303+05:00,,
471,79413058-e2c0-5b03-adfb-a2a01c58f0d5,pause,in_progress,paused,2026-09-22T06:52:10.467657+05:00,,ждёт остановки оборудования
471,79413058-e2c0-5b03-adfb-a2a01c58f0d5,start,paused,in_progress,2026-09-22T07:58:05.220156+05:00,,
471,79413058-e2c0-5b03-adfb-a2a01c58f0d5,complete,in_progress,done,2026-09-22T09:40:45.101186+05:00,"Заменён подшипник, узел промыт и смазан, проверено на холостом ходу",
471,,ai_verdict,done,ai_review,2026-09-22T09:42:45.327853+05:00,,
471,38634255-032f-5302-be4f-e3bb175128c8,approve,ai_review,closed,2026-09-22T10:09:22.720854+05:00,,
472,c8297387-4c37-53d3-8120-a214ac80359e,issue,,issued,2026-09-22T08:34:31.225913+05:00,"Плановый ремонт (ППР): Сушильный барабан СБ-1 — осмотр, смазка, подтяжка креплений, замена изношенных элементов",
472,79413058-e2c0-5b03-adfb-a2a01c58f0d5,accept,issued,accepted,2026-09-22T08:42:36.318993+05:00,,
472,79413058-e2c0-5b03-adfb-a2a01c58f0d5,start,accepted,in_progress,2026-09-22T09:00:52.293941+05:00,,
472,79413058-e2c0-5b03-adfb-a2a01c58f0d5,complete,in_progress,done,2026-09-22T13:09:26.516212+05:00,"Выполнен ППР: Сушильный барабан СБ-1 — осмотр, смазка узлов, подтяжка креплений",
472,,ai_verdict,done,ai_review,2026-09-22T13:10:50.479624+05:00,,
472,c8297387-4c37-53d3-8120-a214ac80359e,approve,ai_review,closed,2026-09-22T13:25:13.441843+05:00,,
473,c8297387-4c37-53d3-8120-a214ac80359e,issue,,issued,2026-09-22T08:46:50.932614+05:00,"Плановый ремонт (ППР): Насос ГрАТ-450 №3 — осмотр, смазка, подтяжка креплений, замена изношенных элементов",
473,4cd857ba-990a-5264-9b16-d26a06a3e6f4,accept,issued,accepted,2026-09-22T08:52:37.399415+05:00,,
473,4cd857ba-990a-5264-9b16-d26a06a3e6f4,start,accepted,in_progress,2026-09-22T08:59:56.449151+05:00,,
473,4cd857ba-990a-5264-9b16-d26a06a3e6f4,complete,in_progress,done,2026-09-22T12:34:33.257031+05:00,"Выполнен ППР: Насос ГрАТ-450 №3 — осмотр, смазка узлов, подтяжка креплений",
473,,ai_verdict,done,ai_review,2026-09-22T12:35:48.601019+05:00,,
473,c8297387-4c37-53d3-8120-a214ac80359e,approve,ai_review,closed,2026-09-22T12:51:03.459056+05:00,,
474,c8297387-4c37-53d3-8120-a214ac80359e,issue,,issued,2026-09-22T09:02:01.339161+05:00,"Плановый ремонт (ППР): Вентилятор ВМ-12 — осмотр, смазка, подтяжка креплений, замена изношенных элементов",
474,75808db3-d714-5bc1-8824-97b2c7c6f097,accept,issued,accepted,2026-09-22T09:08:23.027071+05:00,,
474,75808db3-d714-5bc1-8824-97b2c7c6f097,start,accepted,in_progress,2026-09-22T09:20:25.039917+05:00,,
474,75808db3-d714-5bc1-8824-97b2c7c6f097,complete,in_progress,done,2026-09-22T12:17:27.487357+05:00,"Выполнен ППР: Вентилятор ВМ-12 — осмотр, смазка узлов, подтяжка креплений",
474,,ai_verdict,done,ai_review,2026-09-22T12:19:17.964954+05:00,,
474,c8297387-4c37-53d3-8120-a214ac80359e,approve,ai_review,closed,2026-09-22T13:18:08.816615+05:00,,
475,38634255-032f-5302-be4f-e3bb175128c8,issue,,issued,2026-09-22T20:15:37.825823+05:00,"Вибрация, ослабли крепления рамы",
475,30c23f9b-3046-52c7-aa98-4ded8e8f73ec,accept,issued,accepted,2026-09-22T20:17:55.514005+05:00,,
475,30c23f9b-3046-52c7-aa98-4ded8e8f73ec,start,accepted,in_progress,2026-09-22T20:26:05.891290+05:00,,
475,30c23f9b-3046-52c7-aa98-4ded8e8f73ec,pause,in_progress,paused,2026-09-22T21:02:35.146220+05:00,,ждёт допуска
475,30c23f9b-3046-52c7-aa98-4ded8e8f73ec,start,paused,in_progress,2026-09-22T23:25:29.936806+05:00,,
475,30c23f9b-3046-52c7-aa98-4ded8e8f73ec,complete,in_progress,done,2026-09-23T00:20:13.819201+05:00,"Подтянуты и заменены крепления, проверена вибрация",
475,,ai_verdict,done,ai_review,2026-09-23T00:21:22.237220+05:00,,
475,38634255-032f-5302-be4f-e3bb175128c8,approve,ai_review,closed,2026-09-23T01:06:25.030457+05:00,,
476,38634255-032f-5302-be4f-e3bb175128c8,issue,,issued,2026-09-22T21:48:33.253116+05:00,"Перегрев узла, сухое трение",
476,2f23346e-8eed-5645-a1b2-d929d4517246,accept,issued,accepted,2026-09-22T21:50:50.337058+05:00,,
476,2f23346e-8eed-5645-a1b2-d929d4517246,start,accepted,in_progress,2026-09-22T21:59:57.059294+05:00,,
476,2f23346e-8eed-5645-a1b2-d929d4517246,pause,in_progress,paused,2026-09-22T22:17:31.741153+05:00,,ждёт запчасти со склада
476,2f23346e-8eed-5645-a1b2-d929d4517246,start,paused,in_progress,2026-09-23T00:25:58.451756+05:00,,
476,2f23346e-8eed-5645-a1b2-d929d4517246,complete,in_progress,done,2026-09-23T00:52:20.474545+05:00,"Узлы смазаны, проверен нагрев",
476,,ai_verdict,done,ai_review,2026-09-23T00:53:24.091195+05:00,,
476,38634255-032f-5302-be4f-e3bb175128c8,approve,ai_review,closed,2026-09-23T01:24:45.314150+05:00,,
477,38634255-032f-5302-be4f-e3bb175128c8,issue,,issued,2026-09-23T02:20:28.855915+05:00,Течь масла из-под уплотнения,
477,48146e97-4033-5976-9433-13e5009595cb,queue,issued,queued,2026-09-23T02:31:52.385599+05:00,,
477,48146e97-4033-5976-9433-13e5009595cb,start,queued,in_progress,2026-09-23T04:06:45.287046+05:00,,
477,48146e97-4033-5976-9433-13e5009595cb,complete,in_progress,done,2026-09-23T06:05:24.436130+05:00,"Заменены уплотнения, долито масло, течь устранена",
477,,ai_verdict,done,ai_review,2026-09-23T06:07:39.698819+05:00,,
477,38634255-032f-5302-be4f-e3bb175128c8,approve,ai_review,closed,2026-09-23T06:53:26.703603+05:00,,
478,38634255-032f-5302-be4f-e3bb175128c8,issue,,issued,2026-09-23T03:20:25.157598+05:00,"Масло в редукторе тёмное, с водой",
478,1c4d0efe-d6e1-5774-af33-096424b68a1d,accept,issued,accepted,2026-09-23T03:21:45.249124+05:00,,
478,1c4d0efe-d6e1-5774-af33-096424b68a1d,start,accepted,in_progress,2026-09-23T03:32:03.012743+05:00,,
478,1c4d0efe-d6e1-5774-af33-096424b68a1d,complete,in_progress,done,2026-09-23T04:50:46.212953+05:00,"Масло заменено, редуктор промыт",
478,,ai_verdict,done,ai_review,2026-09-23T04:51:59.677499+05:00,,
478,38634255-032f-5302-be4f-e3bb175128c8,approve,ai_review,closed,2026-09-23T05:23:43.634513+05:00,,
479,c8297387-4c37-53d3-8120-a214ac80359e,issue,,issued,2026-09-23T08:03:22.851958+05:00,"Перегрев узла, сухое трение",
479,30c23f9b-3046-52c7-aa98-4ded8e8f73ec,accept,issued,accepted,2026-09-23T08:04:28.118202+05:00,,
479,30c23f9b-3046-52c7-aa98-4ded8e8f73ec,start,accepted,in_progress,2026-09-23T08:10:59.439574+05:00,,
479,30c23f9b-3046-52c7-aa98-4ded8e8f73ec,complete,in_progress,done,2026-09-23T09:12:39.463536+05:00,"Узлы смазаны, проверен нагрев",
479,,ai_verdict,done,ai_review,2026-09-23T09:15:09.191191+05:00,,
479,c8297387-4c37-53d3-8120-a214ac80359e,approve,ai_review,closed,2026-09-23T09:55:36.401041+05:00,,
480,c8297387-4c37-53d3-8120-a214ac80359e,issue,,issued,2026-09-23T08:11:15.865049+05:00,"Плановый ремонт (ППР): Дымосос ДН-15 — осмотр, смазка, подтяжка креплений, замена изношенных элементов",
480,1c4d0efe-d6e1-5774-af33-096424b68a1d,accept,issued,accepted,2026-09-23T08:21:57.078554+05:00,,
480,1c4d0efe-d6e1-5774-af33-096424b68a1d,start,accepted,in_progress,2026-09-23T08:33:55.275034+05:00,,
480,1c4d0efe-d6e1-5774-af33-096424b68a1d,complete,in_progress,done,2026-09-23T12:39:26.340265+05:00,"Выполнен ППР: Дымосос ДН-15 — осмотр, смазка узлов, подтяжка креплений",
480,,ai_verdict,done,rework,2026-09-23T12:42:19.679080+05:00,,Работы не соответствуют проблеме / нет фото «после»
480,1c4d0efe-d6e1-5774-af33-096424b68a1d,start,rework,in_progress,2026-09-23T13:36:37.106870+05:00,,
480,1c4d0efe-d6e1-5774-af33-096424b68a1d,complete,in_progress,done,2026-09-23T14:30:37.106870+05:00,"Выполнен ППР: Дымосос ДН-15 — осмотр, смазка узлов, подтяжка креплений",
480,,ai_verdict,done,ai_review,2026-09-23T14:32:00.930522+05:00,,
480,c8297387-4c37-53d3-8120-a214ac80359e,approve,ai_review,closed,2026-09-23T15:18:57.095328+05:00,,
481,c8297387-4c37-53d3-8120-a214ac80359e,issue,,issued,2026-09-23T09:29:25.387536+05:00,"Плановый ремонт (ППР): Сварочный пост СП-2 — осмотр, смазка, подтяжка креплений, замена изношенных элементов",
481,1c4d0efe-d6e1-5774-af33-096424b68a1d,accept,issued,accepted,2026-09-23T09:34:12.479594+05:00,,
481,1c4d0efe-d6e1-5774-af33-096424b68a1d,start,accepted,in_progress,2026-09-23T09:45:08.344451+05:00,,
481,1c4d0efe-d6e1-5774-af33-096424b68a1d,complete,in_progress,done,2026-09-23T12:47:55.375034+05:00,"Выполнен ППР: Сварочный пост СП-2 — осмотр, смазка узлов, подтяжка креплений",
481,,ai_verdict,done,rework,2026-09-23T12:50:42.824684+05:00,,Работы не соответствуют проблеме / нет фото «после»
481,1c4d0efe-d6e1-5774-af33-096424b68a1d,start,rework,in_progress,2026-09-23T13:41:30.042894+05:00,,
481,1c4d0efe-d6e1-5774-af33-096424b68a1d,complete,in_progress,done,2026-09-23T14:35:30.042894+05:00,"Выполнен ППР: Сварочный пост СП-2 — осмотр, смазка узлов, подтяжка креплений",
481,,ai_verdict,done,ai_review,2026-09-23T14:37:31.541238+05:00,,
481,c8297387-4c37-53d3-8120-a214ac80359e,approve,ai_review,closed,2026-09-23T14:59:49.032953+05:00,,
482,c8297387-4c37-53d3-8120-a214ac80359e,issue,,issued,2026-09-23T13:11:57.806236+05:00,"Вибрация, подшипник греется выше 80 °C",
482,1c4d0efe-d6e1-5774-af33-096424b68a1d,queue,issued,queued,2026-09-23T13:15:00.204198+05:00,,
482,1c4d0efe-d6e1-5774-af33-096424b68a1d,start,queued,in_progress,2026-09-23T13:40:27.896751+05:00,,
482,1c4d0efe-d6e1-5774-af33-096424b68a1d,complete,in_progress,done,2026-09-23T17:56:19.312008+05:00,"Заменён подшипник, узел промыт и смазан, проверено на холостом ходу",
482,,ai_verdict,done,ai_review,2026-09-23T17:59:18.107372+05:00,,
482,c8297387-4c37-53d3-8120-a214ac80359e,approve,ai_review,closed,2026-09-23T18:44:57.311270+05:00,,
483,38634255-032f-5302-be4f-e3bb175128c8,issue,,issued,2026-09-24T00:24:25.280969+05:00,"Двигатель не запускается, запах гари",
483,ee96e203-5cd8-5eb3-be58-94fd2ac2392a,accept,issued,accepted,2026-09-24T00:30:55.393002+05:00,,
483,ee96e203-5cd8-5eb3-be58-94fd2ac2392a,start,accepted,in_progress,2026-09-24T00:35:07.009162+05:00,,
483,ee96e203-5cd8-5eb3-be58-94fd2ac2392a,complete,in_progress,done,2026-09-24T05:08:24.576570+05:00,"Заменены подшипники двигателя, проверены обмотки, пуск в норме",
483,,ai_verdict,done,ai_review,2026-09-24T05:11:14.027462+05:00,,
483,38634255-032f-5302-be4f-e3bb175128c8,approve,ai_review,closed,2026-09-24T05:38:14.979877+05:00,,
484,c8297387-4c37-53d3-8120-a214ac80359e,issue,,issued,2026-09-24T08:48:14.025927+05:00,"Плановый ремонт (ППР): Конвейер К-3 — осмотр, смазка, подтяжка креплений, замена изношенных элементов",
484,79413058-e2c0-5b03-adfb-a2a01c58f0d5,accept,issued,accepted,2026-09-24T08:53:38.793050+05:00,,
484,79413058-e2c0-5b03-adfb-a2a01c58f0d5,start,accepted,in_progress,2026-09-24T09:03:15.423962+05:00,,
484,79413058-e2c0-5b03-adfb-a2a01c58f0d5,complete,in_progress,done,2026-09-24T13:52:40.244830+05:00,"Выполнен ППР: Конвейер К-3 — осмотр, смазка узлов, подтяжка креплений",
484,,ai_verdict,done,ai_review,2026-09-24T13:53:57.792030+05:00,,
484,c8297387-4c37-53d3-8120-a214ac80359e,approve,ai_review,closed,2026-09-24T14:52:23.282896+05:00,,
485,c8297387-4c37-53d3-8120-a214ac80359e,issue,,issued,2026-09-24T09:17:44.832954+05:00,"Плановый ремонт (ППР): Кран мостовой 10 т — осмотр, смазка, подтяжка креплений, замена изношенных элементов",
485,1c4d0efe-d6e1-5774-af33-096424b68a1d,accept,issued,accepted,2026-09-24T09:30:23.042977+05:00,,
485,1c4d0efe-d6e1-5774-af33-096424b68a1d,start,accepted,in_progress,2026-09-24T09:38:23.485057+05:00,,
485,1c4d0efe-d6e1-5774-af33-096424b68a1d,complete,in_progress,done,2026-09-24T13:45:32.185717+05:00,"Выполнен ППР: Кран мостовой 10 т — осмотр, смазка узлов, подтяжка креплений",
485,,ai_verdict,done,rework,2026-09-24T13:47:34.499809+05:00,,Работы не соответствуют проблеме / нет фото «после»
485,1c4d0efe-d6e1-5774-af33-096424b68a1d,start,rework,in_progress,2026-09-24T14:36:16.241648+05:00,,
485,1c4d0efe-d6e1-5774-af33-096424b68a1d,complete,in_progress,done,2026-09-24T15:30:16.241648+05:00,"Выполнен ППР: Кран мостовой 10 т — осмотр, смазка узлов, подтяжка креплений",
485,,ai_verdict,done,ai_review,2026-09-24T15:31:28.169046+05:00,,
485,c8297387-4c37-53d3-8120-a214ac80359e,approve,ai_review,closed,2026-09-24T16:16:02.812015+05:00,,
486,c8297387-4c37-53d3-8120-a214ac80359e,issue,,issued,2026-09-24T09:51:31.084547+05:00,"Плановый ремонт (ППР): Дробилка ККД-1500 — осмотр, смазка, подтяжка креплений, замена изношенных элементов",
486,75808db3-d714-5bc1-8824-97b2c7c6f097,reject,issued,rejected,2026-09-24T09:56:30.101185+05:00,,занят аварийным нарядом
486,c8297387-4c37-53d3-8120-a214ac80359e,reassign,rejected,issued,2026-09-24T09:58:17.111200+05:00,,
486,30c23f9b-3046-52c7-aa98-4ded8e8f73ec,accept,issued,accepted,2026-09-24T10:04:31.958725+05:00,,
486,30c23f9b-3046-52c7-aa98-4ded8e8f73ec,start,accepted,in_progress,2026-09-24T10:10:43.879434+05:00,,
486,30c23f9b-3046-52c7-aa98-4ded8e8f73ec,complete,in_progress,done,2026-09-24T22:40:59.070847+05:00,"Выполнен ППР: Дробилка ККД-1500 — осмотр, смазка узлов, подтяжка креплений",
486,,ai_verdict,done,ai_review,2026-09-24T22:42:47.328215+05:00,,
486,c8297387-4c37-53d3-8120-a214ac80359e,approve,ai_review,closed,2026-09-24T23:29:39.120063+05:00,,
487,c8297387-4c37-53d3-8120-a214ac80359e,issue,,issued,2026-09-24T09:57:52.296836+05:00,"Плановый ремонт (ППР): Конвейер К-1 — осмотр, смазка, подтяжка креплений, замена изношенных элементов",
487,4cd857ba-990a-5264-9b16-d26a06a3e6f4,accept,issued,accepted,2026-09-24T10:05:21.309882+05:00,,
487,4cd857ba-990a-5264-9b16-d26a06a3e6f4,start,accepted,in_progress,2026-09-24T10:08:55.230903+05:00,,
487,4cd857ba-990a-5264-9b16-d26a06a3e6f4,complete,in_progress,done,2026-09-24T14:13:29.002333+05:00,"Выполнен ППР: Конвейер К-1 — осмотр, смазка узлов, подтяжка креплений",
487,,ai_verdict,done,ai_review,2026-09-24T14:16:18.492315+05:00,,
487,c8297387-4c37-53d3-8120-a214ac80359e,approve,ai_review,closed,2026-09-24T15:00:01.718374+05:00,,
488,c8297387-4c37-53d3-8120-a214ac80359e,issue,,issued,2026-09-24T12:09:58.032080+05:00,"Вибрация, ослабли крепления рамы",
488,2f23346e-8eed-5645-a1b2-d929d4517246,accept,issued,accepted,2026-09-24T12:14:17.858283+05:00,,
488,2f23346e-8eed-5645-a1b2-d929d4517246,start,accepted,in_progress,2026-09-24T12:16:33.570963+05:00,,
488,2f23346e-8eed-5645-a1b2-d929d4517246,complete,in_progress,done,2026-09-24T13:48:20.994661+05:00,"Подтянуты и заменены крепления, проверена вибрация",
488,,ai_verdict,done,ai_review,2026-09-24T13:49:23.035175+05:00,,
488,c8297387-4c37-53d3-8120-a214ac80359e,approve,ai_review,closed,2026-09-24T14:13:07.666109+05:00,,
489,38634255-032f-5302-be4f-e3bb175128c8,issue,,issued,2026-09-24T23:30:24.523409+05:00,Шум и нагрев подшипникового узла привода,
489,4cd857ba-990a-5264-9b16-d26a06a3e6f4,accept,issued,accepted,2026-09-24T23:40:52.818331+05:00,,
489,4cd857ba-990a-5264-9b16-d26a06a3e6f4,start,accepted,in_progress,2026-09-24T23:49:48.097674+05:00,,
489,4cd857ba-990a-5264-9b16-d26a06a3e6f4,complete,in_progress,done,2026-09-25T01:15:37.976416+05:00,"Заменён подшипник, узел промыт и смазан, проверено на холостом ходу",
489,,ai_verdict,done,ai_review,2026-09-25T01:18:07.945744+05:00,,
489,38634255-032f-5302-be4f-e3bb175128c8,approve,ai_review,closed,2026-09-25T01:52:23.932530+05:00,,
490,38634255-032f-5302-be4f-e3bb175128c8,issue,,issued,2026-09-25T02:01:21.760294+05:00,"Снижение производительности насоса, вибрация",
490,4d9937c4-06fe-581d-bbee-b905cacaf2cc,accept,issued,accepted,2026-09-25T02:02:33.739782+05:00,,
490,4d9937c4-06fe-581d-bbee-b905cacaf2cc,start,accepted,in_progress,2026-09-25T02:16:46.598447+05:00,,
490,4d9937c4-06fe-581d-bbee-b905cacaf2cc,complete,in_progress,done,2026-09-25T08:11:24.290700+05:00,"Заменено рабочее колесо, уплотнения, насос опробован",
490,,ai_verdict,done,ai_review,2026-09-25T08:12:27.743460+05:00,,
490,38634255-032f-5302-be4f-e3bb175128c8,approve,ai_review,closed,2026-09-25T08:27:25.350320+05:00,,
491,c8297387-4c37-53d3-8120-a214ac80359e,issue,,issued,2026-09-25T08:51:05.591088+05:00,"Плановый ремонт (ППР): Грохот ГИТ-51 №2 — осмотр, смазка, подтяжка креплений, замена изношенных элементов",
491,4cd857ba-990a-5264-9b16-d26a06a3e6f4,accept,issued,accepted,2026-09-25T09:02:16.319314+05:00,,
491,4cd857ba-990a-5264-9b16-d26a06a3e6f4,start,accepted,in_progress,2026-09-25T09:06:57.609787+05:00,,
491,4cd857ba-990a-5264-9b16-d26a06a3e6f4,complete,in_progress,done,2026-09-25T11:52:54.500282+05:00,"Выполнен ППР: Грохот ГИТ-51 №2 — осмотр, смазка узлов, подтяжка креплений",
491,,ai_verdict,done,ai_review,2026-09-25T11:54:24.756975+05:00,,
491,c8297387-4c37-53d3-8120-a214ac80359e,approve,ai_review,closed,2026-09-25T12:10:27.897101+05:00,,
492,c8297387-4c37-53d3-8120-a214ac80359e,issue,,issued,2026-09-25T09:33:59.859644+05:00,"Плановый ремонт (ППР): Сушильный барабан СБ-2 — осмотр, смазка, подтяжка креплений, замена изношенных элементов",
492,30c23f9b-3046-52c7-aa98-4ded8e8f73ec,accept,issued,accepted,2026-09-25T09:36:50.738583+05:00,,
492,30c23f9b-3046-52c7-aa98-4ded8e8f73ec,start,accepted,in_progress,2026-09-25T09:49:26.379490+05:00,,
492,30c23f9b-3046-52c7-aa98-4ded8e8f73ec,complete,in_progress,done,2026-09-25T14:19:02.419669+05:00,"Выполнен ППР: Сушильный барабан СБ-2 — осмотр, смазка узлов, подтяжка креплений",
492,,ai_verdict,done,ai_review,2026-09-25T14:21:34.644815+05:00,,
492,c8297387-4c37-53d3-8120-a214ac80359e,approve,ai_review,closed,2026-09-25T14:58:34.280104+05:00,,
493,c8297387-4c37-53d3-8120-a214ac80359e,issue,,issued,2026-09-25T14:54:02.778968+05:00,Шум и нагрев подшипникового узла привода,
493,4d9937c4-06fe-581d-bbee-b905cacaf2cc,accept,issued,accepted,2026-09-25T15:05:31.654552+05:00,,
493,4d9937c4-06fe-581d-bbee-b905cacaf2cc,start,accepted,in_progress,2026-09-25T15:14:23.362576+05:00,,
493,4d9937c4-06fe-581d-bbee-b905cacaf2cc,complete,in_progress,done,2026-09-25T17:03:08.629801+05:00,"Заменён подшипник, узел промыт и смазан, проверено на холостом ходу",
493,,ai_verdict,done,ai_review,2026-09-25T17:05:27.935802+05:00,,
493,c8297387-4c37-53d3-8120-a214ac80359e,approve,ai_review,closed,2026-09-25T17:18:19.339956+05:00,,
494,c8297387-4c37-53d3-8120-a214ac80359e,issue,,issued,2026-09-26T08:33:12.859711+05:00,"Плановый ремонт (ППР): Рукавный фильтр РФ-2 — осмотр, смазка, подтяжка креплений, замена изношенных элементов",
494,79413058-e2c0-5b03-adfb-a2a01c58f0d5,accept,issued,accepted,2026-09-26T08:40:27.247939+05:00,,
494,79413058-e2c0-5b03-adfb-a2a01c58f0d5,start,accepted,in_progress,2026-09-26T08:57:59.327632+05:00,,
494,79413058-e2c0-5b03-adfb-a2a01c58f0d5,complete,in_progress,done,2026-09-26T11:12:59.219417+05:00,"Выполнен ППР: Рукавный фильтр РФ-2 — осмотр, смазка узлов, подтяжка креплений",
494,,ai_verdict,done,ai_review,2026-09-26T11:15:44.383384+05:00,,
494,c8297387-4c37-53d3-8120-a214ac80359e,approve,ai_review,closed,2026-09-26T11:59:04.289273+05:00,,
495,c8297387-4c37-53d3-8120-a214ac80359e,issue,,issued,2026-09-26T08:43:37.504073+05:00,"Плановый ремонт (ППР): Питатель пластинчатый ПП-1 — осмотр, смазка, подтяжка креплений, замена изношенных элементов",
495,4d9937c4-06fe-581d-bbee-b905cacaf2cc,reject,issued,rejected,2026-09-26T08:49:34.446625+05:00,,занят аварийным нарядом
495,c8297387-4c37-53d3-8120-a214ac80359e,reassign,rejected,issued,2026-09-26T08:51:47.335561+05:00,,
495,4cd857ba-990a-5264-9b16-d26a06a3e6f4,accept,issued,accepted,2026-09-26T09:05:33.019836+05:00,,
495,4cd857ba-990a-5264-9b16-d26a06a3e6f4,start,accepted,in_progress,2026-09-26T09:18:51.685632+05:00,,
495,4cd857ba-990a-5264-9b16-d26a06a3e6f4,pause,in_progress,paused,2026-09-26T10:43:21.994667+05:00,,ждёт остановки оборудования
495,4cd857ba-990a-5264-9b16-d26a06a3e6f4,start,paused,in_progress,2026-09-26T13:02:09.956905+05:00,,
495,4cd857ba-990a-5264-9b16-d26a06a3e6f4,complete,in_progress,done,2026-09-26T15:08:55.420458+05:00,"Выполнен ППР: Питатель пластинчатый ПП-1 — осмотр, смазка узлов, подтяжка креплений",
495,,ai_verdict,done,ai_review,2026-09-26T15:09:59.359289+05:00,,
495,c8297387-4c37-53d3-8120-a214ac80359e,approve,ai_review,closed,2026-09-26T15:57:25.447882+05:00,,
496,c8297387-4c37-53d3-8120-a214ac80359e,issue,,issued,2026-09-26T09:08:22.812121+05:00,"Плановый ремонт (ППР): Рукавный фильтр РФ-1 — осмотр, смазка, подтяжка креплений, замена изношенных элементов",
496,75808db3-d714-5bc1-8824-97b2c7c6f097,accept,issued,accepted,2026-09-26T09:12:28.918208+05:00,,
496,75808db3-d714-5bc1-8824-97b2c7c6f097,start,accepted,in_progress,2026-09-26T09:23:29.166972+05:00,,
496,75808db3-d714-5bc1-8824-97b2c7c6f097,pause,in_progress,paused,2026-09-26T10:02:01.424063+05:00,,ждёт остановки оборудования
496,75808db3-d714-5bc1-8824-97b2c7c6f097,start,paused,in_progress,2026-09-26T11:25:35.747712+05:00,,
496,75808db3-d714-5bc1-8824-97b2c7c6f097,complete,in_progress,done,2026-09-26T12:23:24.133348+05:00,"Выполнен ППР: Рукавный фильтр РФ-1 — осмотр, смазка узлов, подтяжка креплений",
496,,ai_verdict,done,ai_review,2026-09-26T12:26:00.823651+05:00,,
496,c8297387-4c37-53d3-8120-a214ac80359e,approve,ai_review,closed,2026-09-26T13:20:50.076126+05:00,,
497,c8297387-4c37-53d3-8120-a214ac80359e,issue,,issued,2026-09-26T09:49:54.201106+05:00,"Плановый ремонт (ППР): Токарный станок 1М63 — осмотр, смазка, подтяжка креплений, замена изношенных элементов",
497,4cd857ba-990a-5264-9b16-d26a06a3e6f4,accept,issued,accepted,2026-09-26T10:03:03.533611+05:00,,
497,4cd857ba-990a-5264-9b16-d26a06a3e6f4,start,accepted,in_progress,2026-09-26T10:20:01.018369+05:00,,
497,4cd857ba-990a-5264-9b16-d26a06a3e6f4,complete,in_progress,done,2026-09-26T12:27:15.278181+05:00,"Выполнен ППР: Токарный станок 1М63 — осмотр, смазка узлов, подтяжка креплений",
497,,ai_verdict,done,ai_review,2026-09-26T12:28:37.712829+05:00,,
497,c8297387-4c37-53d3-8120-a214ac80359e,approve,ai_review,closed,2026-09-26T13:00:08.492704+05:00,,
498,c8297387-4c37-53d3-8120-a214ac80359e,issue,,issued,2026-09-26T17:29:38.179980+05:00,"Перегрев электродвигателя, гул",
498,afebbbfd-2a78-5649-81b2-ad4f458ca374,accept,issued,accepted,2026-09-26T17:32:19.580570+05:00,,
498,afebbbfd-2a78-5649-81b2-ad4f458ca374,start,accepted,in_progress,2026-09-26T17:42:58.119568+05:00,,
498,afebbbfd-2a78-5649-81b2-ad4f458ca374,complete,in_progress,done,2026-09-26T22:02:40.985488+05:00,"Заменены подшипники двигателя, проверены обмотки, пуск в норме",
498,,ai_verdict,done,ai_review,2026-09-26T22:05:39.361034+05:00,,
498,c8297387-4c37-53d3-8120-a214ac80359e,approve,ai_review,closed,2026-09-26T23:00:01.488495+05:00,,
499,38634255-032f-5302-be4f-e3bb175128c8,issue,,issued,2026-09-27T03:32:04.077013+05:00,"Вибрация, подшипник греется выше 80 °C",
499,1c4d0efe-d6e1-5774-af33-096424b68a1d,accept,issued,accepted,2026-09-27T03:34:20.767394+05:00,,
499,1c4d0efe-d6e1-5774-af33-096424b68a1d,start,accepted,in_progress,2026-09-27T03:51:42.463186+05:00,,
499,1c4d0efe-d6e1-5774-af33-096424b68a1d,complete,in_progress,done,2026-09-27T06:46:49.537066+05:00,"Заменён подшипник, узел промыт и смазан, проверено на холостом ходу",
499,,ai_verdict,done,ai_review,2026-09-27T06:48:30.318279+05:00,,
499,38634255-032f-5302-be4f-e3bb175128c8,approve,ai_review,closed,2026-09-27T07:33:43.087727+05:00,,
500,38634255-032f-5302-be4f-e3bb175128c8,issue,,issued,2026-09-27T04:19:51.893218+05:00,"Двигатель не запускается, запах гари",
500,ee96e203-5cd8-5eb3-be58-94fd2ac2392a,accept,issued,accepted,2026-09-27T04:23:06.022902+05:00,,
500,ee96e203-5cd8-5eb3-be58-94fd2ac2392a,start,accepted,in_progress,2026-09-27T04:32:04.239530+05:00,,
500,ee96e203-5cd8-5eb3-be58-94fd2ac2392a,complete,in_progress,done,2026-09-27T08:50:19.982539+05:00,"Заменены подшипники двигателя, проверены обмотки, пуск в норме",
500,,ai_verdict,done,ai_review,2026-09-27T08:51:45.663910+05:00,,
500,38634255-032f-5302-be4f-e3bb175128c8,approve,ai_review,closed,2026-09-27T09:26:05.487693+05:00,,
501,c8297387-4c37-53d3-8120-a214ac80359e,issue,,issued,2026-09-27T08:36:26.436391+05:00,"Плановый ремонт (ППР): Сепаратор пневматический СП-1 — осмотр, смазка, подтяжка креплений, замена изношенных элементов",
501,75808db3-d714-5bc1-8824-97b2c7c6f097,accept,issued,accepted,2026-09-27T08:39:56.206818+05:00,,
501,75808db3-d714-5bc1-8824-97b2c7c6f097,start,accepted,in_progress,2026-09-27T08:50:57.795301+05:00,,
501,75808db3-d714-5bc1-8824-97b2c7c6f097,pause,in_progress,paused,2026-09-27T10:00:21.421939+05:00,,ждёт остановки оборудования
501,75808db3-d714-5bc1-8824-97b2c7c6f097,start,paused,in_progress,2026-09-27T11:41:36.254202+05:00,,
501,75808db3-d714-5bc1-8824-97b2c7c6f097,complete,in_progress,done,2026-09-27T13:25:41.694159+05:00,"Выполнен ППР: Сепаратор пневматический СП-1 — осмотр, смазка узлов, подтяжка креплений",
501,,ai_verdict,done,rework,2026-09-27T13:27:26.884390+05:00,,Работы не соответствуют проблеме / нет фото «после»
501,75808db3-d714-5bc1-8824-97b2c7c6f097,start,rework,in_progress,2026-09-27T14:17:22.451563+05:00,,
501,75808db3-d714-5bc1-8824-97b2c7c6f097,complete,in_progress,done,2026-09-27T15:11:22.451563+05:00,"Выполнен ППР: Сепаратор пневматический СП-1 — осмотр, смазка узлов, подтяжка креплений",
501,,ai_verdict,done,ai_review,2026-09-27T15:12:32.164214+05:00,,
501,c8297387-4c37-53d3-8120-a214ac80359e,approve,ai_review,closed,2026-09-27T16:11:56.306512+05:00,,
502,c8297387-4c37-53d3-8120-a214ac80359e,issue,,issued,2026-09-27T09:22:22.536934+05:00,"Плановый ремонт (ППР): Компрессор ВК-20 — осмотр, смазка, подтяжка креплений, замена изношенных элементов",
502,4d9937c4-06fe-581d-bbee-b905cacaf2cc,accept,issued,accepted,2026-09-27T09:25:49.599923+05:00,,
502,4d9937c4-06fe-581d-bbee-b905cacaf2cc,start,accepted,in_progress,2026-09-27T09:35:23.699998+05:00,,
502,4d9937c4-06fe-581d-bbee-b905cacaf2cc,complete,in_progress,done,2026-09-27T11:08:08.721838+05:00,"Выполнен ППР: Компрессор ВК-20 — осмотр, смазка узлов, подтяжка креплений",
502,,ai_verdict,done,ai_review,2026-09-27T11:10:57.241752+05:00,,
502,c8297387-4c37-53d3-8120-a214ac80359e,approve,ai_review,closed,2026-09-27T11:56:39.483819+05:00,,
503,c8297387-4c37-53d3-8120-a214ac80359e,issue,,issued,2026-09-27T09:39:08.449275+05:00,"Плановый ремонт (ППР): Грохот ГИТ-51 №1 — осмотр, смазка, подтяжка креплений, замена изношенных элементов",
503,4cd857ba-990a-5264-9b16-d26a06a3e6f4,accept,issued,accepted,2026-09-27T09:42:02.418578+05:00,,
503,4cd857ba-990a-5264-9b16-d26a06a3e6f4,start,accepted,in_progress,2026-09-27T09:46:29.876512+05:00,,
503,4cd857ba-990a-5264-9b16-d26a06a3e6f4,complete,in_progress,done,2026-09-27T13:44:41.222789+05:00,"Выполнен ППР: Грохот ГИТ-51 №1 — осмотр, смазка узлов, подтяжка креплений",
503,,ai_verdict,done,ai_review,2026-09-27T13:46:41.088245+05:00,,
503,c8297387-4c37-53d3-8120-a214ac80359e,approve,ai_review,closed,2026-09-27T14:44:57.557850+05:00,,
504,c8297387-4c37-53d3-8120-a214ac80359e,issue,,issued,2026-09-27T09:46:18.632719+05:00,"Плановый ремонт (ППР): Конвейер К-2 — осмотр, смазка, подтяжка креплений, замена изношенных элементов",
504,4cd857ba-990a-5264-9b16-d26a06a3e6f4,accept,issued,accepted,2026-09-27T09:57:51.036600+05:00,,
504,4cd857ba-990a-5264-9b16-d26a06a3e6f4,start,accepted,in_progress,2026-09-27T10:10:54.924719+05:00,,
504,4cd857ba-990a-5264-9b16-d26a06a3e6f4,complete,in_progress,done,2026-09-27T15:09:44.008562+05:00,"Выполнен ППР: Конвейер К-2 — осмотр, смазка узлов, подтяжка креплений",
504,,ai_verdict,done,ai_review,2026-09-27T15:11:22.578285+05:00,,
504,c8297387-4c37-53d3-8120-a214ac80359e,approve,ai_review,closed,2026-09-27T15:34:17.526088+05:00,,
505,c8297387-4c37-53d3-8120-a214ac80359e,issue,,issued,2026-09-27T09:55:21.399798+05:00,"Плановый ремонт (ППР): Компрессор ВК-10 — осмотр, смазка, подтяжка креплений, замена изношенных элементов",
505,4cd857ba-990a-5264-9b16-d26a06a3e6f4,accept,issued,accepted,2026-09-27T10:03:28.450947+05:00,,
505,4cd857ba-990a-5264-9b16-d26a06a3e6f4,start,accepted,in_progress,2026-09-27T10:17:35.207838+05:00,,
505,4cd857ba-990a-5264-9b16-d26a06a3e6f4,complete,in_progress,done,2026-09-27T11:48:46.641631+05:00,"Выполнен ППР: Компрессор ВК-10 — осмотр, смазка узлов, подтяжка креплений",
505,,ai_verdict,done,ai_review,2026-09-27T11:50:12.359409+05:00,,
505,c8297387-4c37-53d3-8120-a214ac80359e,approve,ai_review,closed,2026-09-27T12:47:04.333723+05:00,,
506,c8297387-4c37-53d3-8120-a214ac80359e,issue,,issued,2026-09-27T10:58:12.502894+05:00,"Снижение производительности насоса, вибрация",
506,1c4d0efe-d6e1-5774-af33-096424b68a1d,reject,issued,rejected,2026-09-27T11:03:54.209333+05:00,,занят аварийным нарядом
506,c8297387-4c37-53d3-8120-a214ac80359e,reassign,rejected,issued,2026-09-27T11:06:31.371445+05:00,,
506,75808db3-d714-5bc1-8824-97b2c7c6f097,accept,issued,accepted,2026-09-27T11:14:14.777441+05:00,,
506,75808db3-d714-5bc1-8824-97b2c7c6f097,start,accepted,in_progress,2026-09-27T11:30:38.008198+05:00,,
506,75808db3-d714-5bc1-8824-97b2c7c6f097,complete,in_progress,done,2026-09-27T14:44:56.937685+05:00,"Заменено рабочее колесо, уплотнения, насос опробован",
506,,ai_verdict,done,ai_review,2026-09-27T14:47:41.398197+05:00,,
506,c8297387-4c37-53d3-8120-a214ac80359e,approve,ai_review,closed,2026-09-27T15:27:57.773299+05:00,,
507,c8297387-4c37-53d3-8120-a214ac80359e,issue,,issued,2026-09-27T14:28:20.995792+05:00,"Масло в редукторе тёмное, с водой",
507,4cd857ba-990a-5264-9b16-d26a06a3e6f4,accept,issued,accepted,2026-09-27T14:40:03.273733+05:00,,
507,4cd857ba-990a-5264-9b16-d26a06a3e6f4,start,accepted,in_progress,2026-09-27T14:46:49.559561+05:00,,
507,4cd857ba-990a-5264-9b16-d26a06a3e6f4,complete,in_progress,done,2026-09-27T16:19:15.770138+05:00,"Масло заменено, редуктор промыт",
507,,ai_verdict,done,ai_review,2026-09-27T16:20:16.579669+05:00,,
507,c8297387-4c37-53d3-8120-a214ac80359e,approve,ai_review,closed,2026-09-27T16:43:12.037187+05:00,,
508,c8297387-4c37-53d3-8120-a214ac80359e,issue,,issued,2026-09-28T08:16:11.025031+05:00,"Плановый ремонт (ППР): Насос ГрАТ-450 №2 — осмотр, смазка, подтяжка креплений, замена изношенных элементов",
508,1c4d0efe-d6e1-5774-af33-096424b68a1d,accept,issued,accepted,2026-09-28T08:29:09.568032+05:00,,
508,1c4d0efe-d6e1-5774-af33-096424b68a1d,start,accepted,in_progress,2026-09-28T08:46:01.756718+05:00,,
508,1c4d0efe-d6e1-5774-af33-096424b68a1d,pause,in_progress,paused,2026-09-28T10:43:56.005335+05:00,,ждёт запчасти со склада
508,1c4d0efe-d6e1-5774-af33-096424b68a1d,start,paused,in_progress,2026-09-28T12:33:37.197023+05:00,,
508,1c4d0efe-d6e1-5774-af33-096424b68a1d,complete,in_progress,done,2026-09-28T15:30:28.569949+05:00,"Выполнен ППР: Насос ГрАТ-450 №2 — осмотр, смазка узлов, подтяжка креплений",
508,,ai_verdict,done,ai_review,2026-09-28T15:32:20.994043+05:00,,
508,c8297387-4c37-53d3-8120-a214ac80359e,approve,ai_review,closed,2026-09-28T16:04:34.006392+05:00,,
509,c8297387-4c37-53d3-8120-a214ac80359e,issue,,issued,2026-09-28T08:23:51.300236+05:00,"Плановый ремонт (ППР): Насос ГрАТ-450 №1 — осмотр, смазка, подтяжка креплений, замена изношенных элементов",
509,4d9937c4-06fe-581d-bbee-b905cacaf2cc,accept,issued,accepted,2026-09-28T08:26:13.711818+05:00,,
509,4d9937c4-06fe-581d-bbee-b905cacaf2cc,start,accepted,in_progress,2026-09-28T08:40:37.404724+05:00,,
509,4d9937c4-06fe-581d-bbee-b905cacaf2cc,pause,in_progress,paused,2026-09-28T10:04:38.632116+05:00,,ждёт допуска
509,4d9937c4-06fe-581d-bbee-b905cacaf2cc,start,paused,in_progress,2026-09-28T11:27:42.624943+05:00,,
509,4d9937c4-06fe-581d-bbee-b905cacaf2cc,complete,in_progress,done,2026-09-28T13:33:44.466031+05:00,"Выполнен ППР: Насос ГрАТ-450 №1 — осмотр, смазка узлов, подтяжка креплений",
509,,ai_verdict,done,ai_review,2026-09-28T13:36:07.189514+05:00,,
509,c8297387-4c37-53d3-8120-a214ac80359e,approve,ai_review,closed,2026-09-28T14:09:03.258184+05:00,,
510,c8297387-4c37-53d3-8120-a214ac80359e,issue,,issued,2026-09-28T09:17:40.059317+05:00,"Плановый ремонт (ППР): Конвейер К-7 — осмотр, смазка, подтяжка креплений, замена изношенных элементов",
510,79413058-e2c0-5b03-adfb-a2a01c58f0d5,accept,issued,accepted,2026-09-28T09:27:59.028695+05:00,,
510,79413058-e2c0-5b03-adfb-a2a01c58f0d5,start,accepted,in_progress,2026-09-28T09:35:26.705285+05:00,,
510,79413058-e2c0-5b03-adfb-a2a01c58f0d5,complete,in_progress,done,2026-09-28T12:44:58.618428+05:00,"Выполнен ППР: Конвейер К-7 — осмотр, смазка узлов, подтяжка креплений",
510,,ai_verdict,done,ai_review,2026-09-28T12:47:19.566507+05:00,,
510,c8297387-4c37-53d3-8120-a214ac80359e,approve,ai_review,closed,2026-09-28T12:58:02.699814+05:00,,
511,c8297387-4c37-53d3-8120-a214ac80359e,issue,,issued,2026-09-28T09:32:46.123988+05:00,"Плановый ремонт (ППР): Дробилка КМД-1750 — осмотр, смазка, подтяжка креплений, замена изношенных элементов",
511,4d9937c4-06fe-581d-bbee-b905cacaf2cc,accept,issued,accepted,2026-09-28T09:41:55.504986+05:00,,
511,4d9937c4-06fe-581d-bbee-b905cacaf2cc,start,accepted,in_progress,2026-09-28T09:52:08.521537+05:00,,
511,4d9937c4-06fe-581d-bbee-b905cacaf2cc,complete,in_progress,done,2026-09-28T18:12:23.786325+05:00,"Выполнен ППР: Дробилка КМД-1750 — осмотр, смазка узлов, подтяжка креплений",
511,,ai_verdict,done,ai_review,2026-09-28T18:13:58.628300+05:00,,
511,c8297387-4c37-53d3-8120-a214ac80359e,approve,ai_review,closed,2026-09-28T18:58:34.026890+05:00,,
512,c8297387-4c37-53d3-8120-a214ac80359e,issue,,issued,2026-09-28T09:46:41.851751+05:00,"Плановый ремонт (ППР): Гидропресс П-6326 — осмотр, смазка, подтяжка креплений, замена изношенных элементов",
512,4d9937c4-06fe-581d-bbee-b905cacaf2cc,accept,issued,accepted,2026-09-28T09:50:36.209694+05:00,,
512,4d9937c4-06fe-581d-bbee-b905cacaf2cc,start,accepted,in_progress,2026-09-28T09:53:31.136507+05:00,,
512,4d9937c4-06fe-581d-bbee-b905cacaf2cc,complete,in_progress,done,2026-09-28T12:05:42.110094+05:00,"Выполнен ППР: Гидропресс П-6326 — осмотр, смазка узлов, подтяжка креплений",
512,,ai_verdict,done,ai_review,2026-09-28T12:06:59.036045+05:00,,
512,c8297387-4c37-53d3-8120-a214ac80359e,approve,ai_review,closed,2026-09-28T12:22:30.250481+05:00,,
513,38634255-032f-5302-be4f-e3bb175128c8,issue,,issued,2026-09-28T21:42:05.400641+05:00,Шум и нагрев подшипникового узла привода,
513,2f23346e-8eed-5645-a1b2-d929d4517246,accept,issued,accepted,2026-09-28T21:43:08.630586+05:00,,
513,2f23346e-8eed-5645-a1b2-d929d4517246,start,accepted,in_progress,2026-09-28T21:54:39.741026+05:00,,
513,2f23346e-8eed-5645-a1b2-d929d4517246,pause,in_progress,paused,2026-09-28T22:46:43.305860+05:00,,ждёт допуска
513,2f23346e-8eed-5645-a1b2-d929d4517246,start,paused,in_progress,2026-09-29T00:03:41.353374+05:00,,
513,2f23346e-8eed-5645-a1b2-d929d4517246,complete,in_progress,done,2026-09-29T01:21:46.700625+05:00,"Заменён подшипник, узел промыт и смазан, проверено на холостом ходу",
513,,ai_verdict,done,ai_review,2026-09-29T01:23:46.266653+05:00,,
513,38634255-032f-5302-be4f-e3bb175128c8,approve,ai_review,closed,2026-09-29T01:35:08.957175+05:00,,
514,38634255-032f-5302-be4f-e3bb175128c8,issue,,issued,2026-09-29T04:38:26.671056+05:00,"Вибрация, подшипник греется выше 80 °C",
514,2f23346e-8eed-5645-a1b2-d929d4517246,accept,issued,accepted,2026-09-29T04:44:48.769895+05:00,,
514,2f23346e-8eed-5645-a1b2-d929d4517246,start,accepted,in_progress,2026-09-29T05:01:43.080111+05:00,,
514,2f23346e-8eed-5645-a1b2-d929d4517246,complete,in_progress,done,2026-09-29T07:29:40.232782+05:00,"Заменён подшипник, узел промыт и смазан, проверено на холостом ходу",
514,,ai_verdict,done,ai_review,2026-09-29T07:30:48.996946+05:00,,
514,38634255-032f-5302-be4f-e3bb175128c8,approve,ai_review,closed,2026-09-29T08:06:07.043960+05:00,,
515,38634255-032f-5302-be4f-e3bb175128c8,issue,,issued,2026-09-29T05:56:49.812518+05:00,"Течь гидрожидкости, лужа под агрегатом",
515,9d7fbeed-09f8-55cd-9cc1-8e28b1c8a47a,accept,issued,accepted,2026-09-29T06:00:20.444054+05:00,,
515,9d7fbeed-09f8-55cd-9cc1-8e28b1c8a47a,start,accepted,in_progress,2026-09-29T06:04:56.851140+05:00,,
515,9d7fbeed-09f8-55cd-9cc1-8e28b1c8a47a,complete,in_progress,done,2026-09-29T07:54:58.428781+05:00,"Заменены уплотнения, долито масло, течь устранена",
515,,ai_verdict,done,ai_review,2026-09-29T07:57:39.508704+05:00,,
515,38634255-032f-5302-be4f-e3bb175128c8,approve,ai_review,closed,2026-09-29T08:49:42.126049+05:00,,
516,38634255-032f-5302-be4f-e3bb175128c8,issue,,issued,2026-09-29T05:59:08.459426+05:00,"Вибрация, подшипник греется выше 80 °C",
516,30c23f9b-3046-52c7-aa98-4ded8e8f73ec,accept,issued,accepted,2026-09-29T06:02:06.915804+05:00,,
516,30c23f9b-3046-52c7-aa98-4ded8e8f73ec,start,accepted,in_progress,2026-09-29T06:10:00.170414+05:00,,
516,30c23f9b-3046-52c7-aa98-4ded8e8f73ec,complete,in_progress,done,2026-09-29T09:08:04.836315+05:00,"Заменён подшипник, узел промыт и смазан, проверено на холостом ходу",
516,,ai_verdict,done,ai_review,2026-09-29T09:09:47.808666+05:00,,
516,38634255-032f-5302-be4f-e3bb175128c8,approve,ai_review,closed,2026-09-29T09:27:03.906661+05:00,,
517,c8297387-4c37-53d3-8120-a214ac80359e,issue,,issued,2026-09-29T08:17:49.461350+05:00,"Плановый ремонт (ППР): Насос ГрАТ-450 №3 — осмотр, смазка, подтяжка креплений, замена изношенных элементов",
517,30c23f9b-3046-52c7-aa98-4ded8e8f73ec,accept,issued,accepted,2026-09-29T08:22:54.958825+05:00,,
517,30c23f9b-3046-52c7-aa98-4ded8e8f73ec,start,accepted,in_progress,2026-09-29T08:41:42.842410+05:00,,
517,30c23f9b-3046-52c7-aa98-4ded8e8f73ec,complete,in_progress,done,2026-09-29T12:43:42.309383+05:00,"Выполнен ППР: Насос ГрАТ-450 №3 — осмотр, смазка узлов, подтяжка креплений",
517,,ai_verdict,done,ai_review,2026-09-29T12:46:28.053541+05:00,,
517,c8297387-4c37-53d3-8120-a214ac80359e,approve,ai_review,closed,2026-09-29T13:37:36.587920+05:00,,
518,c8297387-4c37-53d3-8120-a214ac80359e,issue,,issued,2026-09-29T08:21:14.128425+05:00,"Плановый ремонт (ППР): Сушильный барабан СБ-1 — осмотр, смазка, подтяжка креплений, замена изношенных элементов",
518,79413058-e2c0-5b03-adfb-a2a01c58f0d5,accept,issued,accepted,2026-09-29T08:30:05.970482+05:00,,
518,79413058-e2c0-5b03-adfb-a2a01c58f0d5,start,accepted,in_progress,2026-09-29T08:48:11.527502+05:00,,
518,79413058-e2c0-5b03-adfb-a2a01c58f0d5,complete,in_progress,done,2026-09-29T15:34:41.277187+05:00,"Выполнен ППР: Сушильный барабан СБ-1 — осмотр, смазка узлов, подтяжка креплений",
518,,ai_verdict,done,ai_review,2026-09-29T15:36:47.076767+05:00,,
518,c8297387-4c37-53d3-8120-a214ac80359e,approve,ai_review,closed,2026-09-29T16:25:53.306169+05:00,,
519,c8297387-4c37-53d3-8120-a214ac80359e,issue,,issued,2026-09-29T09:54:47.429692+05:00,"Плановый ремонт (ППР): Вентилятор ВМ-12 — осмотр, смазка, подтяжка креплений, замена изношенных элементов",
519,2f23346e-8eed-5645-a1b2-d929d4517246,accept,issued,accepted,2026-09-29T10:06:45.332787+05:00,,
519,2f23346e-8eed-5645-a1b2-d929d4517246,start,accepted,in_progress,2026-09-29T10:18:50.693045+05:00,,
519,2f23346e-8eed-5645-a1b2-d929d4517246,complete,in_progress,done,2026-09-29T12:03:41.317305+05:00,"Выполнен ППР: Вентилятор ВМ-12 — осмотр, смазка узлов, подтяжка креплений",
519,,ai_verdict,done,ai_review,2026-09-29T12:06:13.451064+05:00,,
519,c8297387-4c37-53d3-8120-a214ac80359e,approve,ai_review,closed,2026-09-29T12:49:52.098400+05:00,,
520,c8297387-4c37-53d3-8120-a214ac80359e,issue,,issued,2026-09-29T17:09:47.945115+05:00,Выбивает автомат при пуске,
520,afebbbfd-2a78-5649-81b2-ad4f458ca374,accept,issued,accepted,2026-09-29T17:12:53.319203+05:00,,
520,afebbbfd-2a78-5649-81b2-ad4f458ca374,start,accepted,in_progress,2026-09-29T17:26:57.250475+05:00,,
520,afebbbfd-2a78-5649-81b2-ad4f458ca374,complete,in_progress,done,2026-09-29T18:29:17.925295+05:00,"Заменён автомат, проверена нагрузка, защита отрегулирована",
520,,ai_verdict,done,ai_review,2026-09-29T18:31:18.938997+05:00,,
520,c8297387-4c37-53d3-8120-a214ac80359e,approve,ai_review,closed,2026-09-29T18:57:49.497872+05:00,,
521,c8297387-4c37-53d3-8120-a214ac80359e,issue,,issued,2026-09-30T09:07:20.483446+05:00,"Плановый ремонт (ППР): Дымосос ДН-15 — осмотр, смазка, подтяжка креплений, замена изношенных элементов",
521,4cd857ba-990a-5264-9b16-d26a06a3e6f4,accept,issued,accepted,2026-09-30T09:20:35.026777+05:00,,
521,4cd857ba-990a-5264-9b16-d26a06a3e6f4,start,accepted,in_progress,2026-09-30T09:25:39.821772+05:00,,
521,4cd857ba-990a-5264-9b16-d26a06a3e6f4,complete,in_progress,done,2026-09-30T11:32:56.480958+05:00,"Выполнен ППР: Дымосос ДН-15 — осмотр, смазка узлов, подтяжка креплений",
521,,ai_verdict,done,ai_review,2026-09-30T11:34:04.174071+05:00,,
521,c8297387-4c37-53d3-8120-a214ac80359e,approve,ai_review,closed,2026-09-30T11:58:22.371164+05:00,,
522,c8297387-4c37-53d3-8120-a214ac80359e,issue,,issued,2026-09-30T09:44:36.437191+05:00,"Плановый ремонт (ППР): Сварочный пост СП-2 — осмотр, смазка, подтяжка креплений, замена изношенных элементов",
522,75808db3-d714-5bc1-8824-97b2c7c6f097,accept,issued,accepted,2026-09-30T09:48:58.406962+05:00,,
522,75808db3-d714-5bc1-8824-97b2c7c6f097,start,accepted,in_progress,2026-09-30T09:58:36.538958+05:00,,
522,75808db3-d714-5bc1-8824-97b2c7c6f097,complete,in_progress,done,2026-09-30T11:57:41.462890+05:00,"Выполнен ППР: Сварочный пост СП-2 — осмотр, смазка узлов, подтяжка креплений",
522,,ai_verdict,done,ai_review,2026-09-30T12:00:32.563921+05:00,,
522,c8297387-4c37-53d3-8120-a214ac80359e,approve,ai_review,closed,2026-09-30T12:50:05.044351+05:00,,
523,c8297387-4c37-53d3-8120-a214ac80359e,issue,,issued,2026-09-30T15:55:19.534398+05:00,"Падение напора, шум в улитке насоса",
523,79413058-e2c0-5b03-adfb-a2a01c58f0d5,accept,issued,accepted,2026-09-30T16:03:31.845101+05:00,,
523,79413058-e2c0-5b03-adfb-a2a01c58f0d5,start,accepted,in_progress,2026-09-30T16:16:13.199642+05:00,,
523,79413058-e2c0-5b03-adfb-a2a01c58f0d5,complete,in_progress,done,2026-09-30T20:32:40.615574+05:00,"Заменено рабочее колесо, уплотнения, насос опробован",
523,,ai_verdict,done,ai_review,2026-09-30T20:34:52.334483+05:00,,
523,c8297387-4c37-53d3-8120-a214ac80359e,approve,ai_review,closed,2026-09-30T21:31:54.071736+05:00,,
524,38634255-032f-5302-be4f-e3bb175128c8,issue,,issued,2026-10-01T00:17:37.713203+05:00,Срабатывает тепловая защита,
524,42ef7ac6-1e11-523f-b9a2-a713f308d193,accept,issued,accepted,2026-10-01T00:26:30.815205+05:00,,
524,42ef7ac6-1e11-523f-b9a2-a713f308d193,start,accepted,in_progress,2026-10-01T00:43:11.638464+05:00,,
524,42ef7ac6-1e11-523f-b9a2-a713f308d193,complete,in_progress,done,2026-10-01T01:40:46.655472+05:00,"Заменён автомат, проверена нагрузка, защита отрегулирована",
524,,ai_verdict,done,ai_review,2026-10-01T01:42:23.561074+05:00,,
524,38634255-032f-5302-be4f-e3bb175128c8,approve,ai_review,closed,2026-10-01T01:52:29.273924+05:00,,
525,38634255-032f-5302-be4f-e3bb175128c8,issue,,issued,2026-10-01T03:16:48.287636+05:00,"Двигатель не запускается, запах гари",
525,afebbbfd-2a78-5649-81b2-ad4f458ca374,accept,issued,accepted,2026-10-01T03:27:34.388749+05:00,,
525,afebbbfd-2a78-5649-81b2-ad4f458ca374,start,accepted,in_progress,2026-10-01T03:41:17.775720+05:00,,
525,afebbbfd-2a78-5649-81b2-ad4f458ca374,complete,in_progress,done,2026-10-01T07:11:22.677604+05:00,"Заменены подшипники двигателя, проверены обмотки, пуск в норме",
525,,ai_verdict,done,ai_review,2026-10-01T07:14:12.423316+05:00,,
525,38634255-032f-5302-be4f-e3bb175128c8,approve,ai_review,closed,2026-10-01T08:09:33.515022+05:00,,
526,c8297387-4c37-53d3-8120-a214ac80359e,issue,,issued,2026-10-01T08:24:18.225648+05:00,"Плановый ремонт (ППР): Конвейер К-3 — осмотр, смазка, подтяжка креплений, замена изношенных элементов",
526,4cd857ba-990a-5264-9b16-d26a06a3e6f4,accept,issued,accepted,2026-10-01T08:38:41.409362+05:00,,
526,4cd857ba-990a-5264-9b16-d26a06a3e6f4,start,accepted,in_progress,2026-10-01T08:44:28.061033+05:00,,
526,4cd857ba-990a-5264-9b16-d26a06a3e6f4,complete,in_progress,done,2026-10-01T11:16:37.675031+05:00,"Выполнен ППР: Конвейер К-3 — осмотр, смазка узлов, подтяжка креплений",
526,,ai_verdict,done,ai_review,2026-10-01T11:18:57.479694+05:00,,
526,c8297387-4c37-53d3-8120-a214ac80359e,approve,ai_review,closed,2026-10-01T12:08:34.789582+05:00,,
527,c8297387-4c37-53d3-8120-a214ac80359e,issue,,issued,2026-10-01T09:01:33.235813+05:00,"Плановый ремонт (ППР): Конвейер К-1 — осмотр, смазка, подтяжка креплений, замена изношенных элементов",
527,4cd857ba-990a-5264-9b16-d26a06a3e6f4,accept,issued,accepted,2026-10-01T09:06:39.043682+05:00,,
527,4cd857ba-990a-5264-9b16-d26a06a3e6f4,start,accepted,in_progress,2026-10-01T09:21:42.242301+05:00,,
527,4cd857ba-990a-5264-9b16-d26a06a3e6f4,complete,in_progress,done,2026-10-01T13:24:35.642506+05:00,"Выполнен ППР: Конвейер К-1 — осмотр, смазка узлов, подтяжка креплений",
527,,ai_verdict,done,ai_review,2026-10-01T13:26:13.541445+05:00,,
527,c8297387-4c37-53d3-8120-a214ac80359e,approve,ai_review,closed,2026-10-01T13:47:15.430537+05:00,,
528,c8297387-4c37-53d3-8120-a214ac80359e,issue,,issued,2026-10-01T09:18:41.758835+05:00,"Плановый ремонт (ППР): Кран мостовой 10 т — осмотр, смазка, подтяжка креплений, замена изношенных элементов",
528,4cd857ba-990a-5264-9b16-d26a06a3e6f4,accept,issued,accepted,2026-10-01T09:23:23.996196+05:00,,
528,4cd857ba-990a-5264-9b16-d26a06a3e6f4,start,accepted,in_progress,2026-10-01T09:42:04.626884+05:00,,
528,4cd857ba-990a-5264-9b16-d26a06a3e6f4,complete,in_progress,done,2026-10-01T13:19:15.525387+05:00,"Выполнен ППР: Кран мостовой 10 т — осмотр, смазка узлов, подтяжка креплений",
528,,ai_verdict,done,ai_review,2026-10-01T13:21:01.805298+05:00,,
528,c8297387-4c37-53d3-8120-a214ac80359e,approve,ai_review,closed,2026-10-01T14:10:42.803335+05:00,,
529,c8297387-4c37-53d3-8120-a214ac80359e,issue,,issued,2026-10-01T09:36:36.978488+05:00,"Плановый ремонт (ППР): Дробилка ККД-1500 — осмотр, смазка, подтяжка креплений, замена изношенных элементов",
529,2f23346e-8eed-5645-a1b2-d929d4517246,accept,issued,accepted,2026-10-01T09:45:28.627375+05:00,,
529,2f23346e-8eed-5645-a1b2-d929d4517246,start,accepted,in_progress,2026-10-01T09:51:04.044463+05:00,,
529,2f23346e-8eed-5645-a1b2-d929d4517246,complete,in_progress,done,2026-10-01T15:06:03.625418+05:00,"Выполнен ППР: Дробилка ККД-1500 — осмотр, смазка узлов, подтяжка креплений",
529,,ai_verdict,done,ai_review,2026-10-01T15:08:24.657474+05:00,,
529,c8297387-4c37-53d3-8120-a214ac80359e,approve,ai_review,closed,2026-10-01T15:32:42.997151+05:00,,
530,c8297387-4c37-53d3-8120-a214ac80359e,issue,,issued,2026-10-01T12:14:27.728440+05:00,"Вибрация, ослабли крепления рамы",
530,1c4d0efe-d6e1-5774-af33-096424b68a1d,accept,issued,accepted,2026-10-01T12:19:06.215597+05:00,,
530,1c4d0efe-d6e1-5774-af33-096424b68a1d,start,accepted,in_progress,2026-10-01T12:29:30.678445+05:00,,
530,1c4d0efe-d6e1-5774-af33-096424b68a1d,complete,in_progress,done,2026-10-01T13:31:58.984970+05:00,"Подтянуты и заменены крепления, проверена вибрация",
530,,ai_verdict,done,ai_review,2026-10-01T13:33:39.743721+05:00,,
530,c8297387-4c37-53d3-8120-a214ac80359e,approve,ai_review,closed,2026-10-01T14:05:16.965182+05:00,,
531,c8297387-4c37-53d3-8120-a214ac80359e,issue,,issued,2026-10-01T15:36:12.234623+05:00,Залипание контактов контактора,
531,524bebbe-f703-5521-8e9d-5a3e54fbbf10,reject,issued,rejected,2026-10-01T15:39:38.213927+05:00,,нет допуска
531,c8297387-4c37-53d3-8120-a214ac80359e,reassign,rejected,issued,2026-10-01T15:40:43.591523+05:00,,
531,afebbbfd-2a78-5649-81b2-ad4f458ca374,accept,issued,accepted,2026-10-01T15:53:19.274250+05:00,,
531,afebbbfd-2a78-5649-81b2-ad4f458ca374,start,accepted,in_progress,2026-10-01T15:58:34.911730+05:00,,
531,afebbbfd-2a78-5649-81b2-ad4f458ca374,pause,in_progress,paused,2026-10-01T16:44:50.812161+05:00,,ждёт допуска
531,afebbbfd-2a78-5649-81b2-ad4f458ca374,start,paused,in_progress,2026-10-01T17:27:02.266304+05:00,,
531,afebbbfd-2a78-5649-81b2-ad4f458ca374,complete,in_progress,done,2026-10-01T18:36:26.116950+05:00,"Заменён пускатель/контактор, проверена схема управления",
531,,ai_verdict,done,ai_review,2026-10-01T18:38:22.029864+05:00,,
531,c8297387-4c37-53d3-8120-a214ac80359e,approve,ai_review,closed,2026-10-01T19:15:22.492978+05:00,,
532,c8297387-4c37-53d3-8120-a214ac80359e,issue,,issued,2026-10-02T09:27:21.415491+05:00,"Плановый ремонт (ППР): Грохот ГИТ-51 №2 — осмотр, смазка, подтяжка креплений, замена изношенных элементов",
532,2f23346e-8eed-5645-a1b2-d929d4517246,accept,issued,accepted,2026-10-02T09:37:25.076862+05:00,,
532,2f23346e-8eed-5645-a1b2-d929d4517246,start,accepted,in_progress,2026-10-02T09:47:32.345433+05:00,,
532,2f23346e-8eed-5645-a1b2-d929d4517246,complete,in_progress,done,2026-10-02T13:54:11.112655+05:00,"Выполнен ППР: Грохот ГИТ-51 №2 — осмотр, смазка узлов, подтяжка креплений",
532,,ai_verdict,done,ai_review,2026-10-02T13:57:10.511983+05:00,,
532,c8297387-4c37-53d3-8120-a214ac80359e,approve,ai_review,closed,2026-10-02T14:37:24.971363+05:00,,
533,c8297387-4c37-53d3-8120-a214ac80359e,issue,,issued,2026-10-02T09:41:56.352896+05:00,"Плановый ремонт (ППР): Сушильный барабан СБ-2 — осмотр, смазка, подтяжка креплений, замена изношенных элементов",
533,79413058-e2c0-5b03-adfb-a2a01c58f0d5,accept,issued,accepted,2026-10-02T09:50:22.560212+05:00,,
533,79413058-e2c0-5b03-adfb-a2a01c58f0d5,start,accepted,in_progress,2026-10-02T10:01:31.456920+05:00,,
533,79413058-e2c0-5b03-adfb-a2a01c58f0d5,complete,in_progress,done,2026-10-02T16:04:20.327960+05:00,"Выполнен ППР: Сушильный барабан СБ-2 — осмотр, смазка узлов, подтяжка креплений",
533,,ai_verdict,done,ai_review,2026-10-02T16:07:20.178461+05:00,,
533,c8297387-4c37-53d3-8120-a214ac80359e,approve,ai_review,closed,2026-10-02T16:59:59.567173+05:00,,
534,38634255-032f-5302-be4f-e3bb175128c8,issue,,issued,2026-10-03T02:45:24.956511+05:00,Залипание контактов контактора,
534,afebbbfd-2a78-5649-81b2-ad4f458ca374,accept,issued,accepted,2026-10-03T02:56:43.573996+05:00,,
534,afebbbfd-2a78-5649-81b2-ad4f458ca374,start,accepted,in_progress,2026-10-03T03:06:23.953243+05:00,,
534,afebbbfd-2a78-5649-81b2-ad4f458ca374,pause,in_progress,paused,2026-10-03T03:38:11.048594+05:00,,ждёт остановки оборудования
534,afebbbfd-2a78-5649-81b2-ad4f458ca374,start,paused,in_progress,2026-10-03T04:31:00.955155+05:00,,
534,afebbbfd-2a78-5649-81b2-ad4f458ca374,complete,in_progress,done,2026-10-03T05:18:41.598182+05:00,"Заменён пускатель/контактор, проверена схема управления",
534,,ai_verdict,done,ai_review,2026-10-03T05:21:18.102753+05:00,,
534,38634255-032f-5302-be4f-e3bb175128c8,approve,ai_review,closed,2026-10-03T06:06:10.068633+05:00,,
535,c8297387-4c37-53d3-8120-a214ac80359e,issue,,issued,2026-10-03T08:35:37.982571+05:00,"Плановый ремонт (ППР): Токарный станок 1М63 — осмотр, смазка, подтяжка креплений, замена изношенных элементов",
535,4d9937c4-06fe-581d-bbee-b905cacaf2cc,accept,issued,accepted,2026-10-03T08:44:53.464601+05:00,,
535,4d9937c4-06fe-581d-bbee-b905cacaf2cc,start,accepted,in_progress,2026-10-03T09:03:17.196337+05:00,,
535,4d9937c4-06fe-581d-bbee-b905cacaf2cc,complete,in_progress,done,2026-10-03T12:19:41.313031+05:00,"Выполнен ППР: Токарный станок 1М63 — осмотр, смазка узлов, подтяжка креплений",
535,,ai_verdict,done,ai_review,2026-10-03T12:21:09.417938+05:00,,
535,c8297387-4c37-53d3-8120-a214ac80359e,approve,ai_review,closed,2026-10-03T13:08:27.815888+05:00,,
536,c8297387-4c37-53d3-8120-a214ac80359e,issue,,issued,2026-10-03T08:50:39.965974+05:00,"Плановый ремонт (ППР): Питатель пластинчатый ПП-1 — осмотр, смазка, подтяжка креплений, замена изношенных элементов",
536,2f23346e-8eed-5645-a1b2-d929d4517246,accept,issued,accepted,2026-10-03T08:53:20.302997+05:00,,
536,2f23346e-8eed-5645-a1b2-d929d4517246,start,accepted,in_progress,2026-10-03T09:11:19.644204+05:00,,
536,2f23346e-8eed-5645-a1b2-d929d4517246,complete,in_progress,done,2026-10-03T12:14:38.174061+05:00,"Выполнен ППР: Питатель пластинчатый ПП-1 — осмотр, смазка узлов, подтяжка креплений",
536,,ai_verdict,done,ai_review,2026-10-03T12:17:22.981028+05:00,,
536,c8297387-4c37-53d3-8120-a214ac80359e,approve,ai_review,closed,2026-10-03T12:38:57.421737+05:00,,
537,c8297387-4c37-53d3-8120-a214ac80359e,issue,,issued,2026-10-03T09:07:32.386000+05:00,"Плановый ремонт (ППР): Рукавный фильтр РФ-1 — осмотр, смазка, подтяжка креплений, замена изношенных элементов",
537,4d9937c4-06fe-581d-bbee-b905cacaf2cc,accept,issued,accepted,2026-10-03T09:17:00.080352+05:00,,
537,4d9937c4-06fe-581d-bbee-b905cacaf2cc,start,accepted,in_progress,2026-10-03T09:21:46.463028+05:00,,
537,4d9937c4-06fe-581d-bbee-b905cacaf2cc,complete,in_progress,done,2026-10-03T13:12:44.196393+05:00,"Выполнен ППР: Рукавный фильтр РФ-1 — осмотр, смазка узлов, подтяжка креплений",
537,,ai_verdict,done,ai_review,2026-10-03T13:14:56.141162+05:00,,
537,c8297387-4c37-53d3-8120-a214ac80359e,approve,ai_review,closed,2026-10-03T13:45:39.256376+05:00,,
538,c8297387-4c37-53d3-8120-a214ac80359e,issue,,issued,2026-10-03T09:40:29.216895+05:00,"Плановый ремонт (ППР): Рукавный фильтр РФ-2 — осмотр, смазка, подтяжка креплений, замена изношенных элементов",
538,4d9937c4-06fe-581d-bbee-b905cacaf2cc,accept,issued,accepted,2026-10-03T09:51:49.518730+05:00,,
538,4d9937c4-06fe-581d-bbee-b905cacaf2cc,start,accepted,in_progress,2026-10-03T10:07:54.427311+05:00,,
538,4d9937c4-06fe-581d-bbee-b905cacaf2cc,pause,in_progress,paused,2026-10-03T10:55:11.467966+05:00,,ждёт допуска
538,4d9937c4-06fe-581d-bbee-b905cacaf2cc,start,paused,in_progress,2026-10-03T12:00:29.978959+05:00,,
538,4d9937c4-06fe-581d-bbee-b905cacaf2cc,complete,in_progress,done,2026-10-03T13:11:25.539942+05:00,"Выполнен ППР: Рукавный фильтр РФ-2 — осмотр, смазка узлов, подтяжка креплений",
538,,ai_verdict,done,ai_review,2026-10-03T13:12:36.774720+05:00,,
538,c8297387-4c37-53d3-8120-a214ac80359e,approve,ai_review,closed,2026-10-03T13:36:56.256540+05:00,,
539,38634255-032f-5302-be4f-e3bb175128c8,issue,,issued,2026-10-03T20:24:55.293888+05:00,"Течь гидрожидкости, лужа под агрегатом",
539,48146e97-4033-5976-9433-13e5009595cb,accept,issued,accepted,2026-10-03T20:36:39.981353+05:00,,
539,48146e97-4033-5976-9433-13e5009595cb,start,accepted,in_progress,2026-10-03T20:53:42.458566+05:00,,
539,48146e97-4033-5976-9433-13e5009595cb,complete,in_progress,done,2026-10-03T22:08:54.082398+05:00,"Заменены уплотнения, долито масло, течь устранена",
539,,ai_verdict,done,ai_review,2026-10-03T22:11:17.659233+05:00,,
539,38634255-032f-5302-be4f-e3bb175128c8,approve,ai_review,closed,2026-10-03T22:21:17.687015+05:00,,
540,38634255-032f-5302-be4f-e3bb175128c8,issue,,issued,2026-10-03T20:35:28.630664+05:00,Гидроцилиндр не держит давление,
540,48146e97-4033-5976-9433-13e5009595cb,accept,issued,accepted,2026-10-03T20:41:56.657626+05:00,,
540,48146e97-4033-5976-9433-13e5009595cb,start,accepted,in_progress,2026-10-03T20:59:13.748704+05:00,,
540,48146e97-4033-5976-9433-13e5009595cb,complete,in_progress,done,2026-10-04T00:27:23.454494+05:00,"Отремонтирован гидроцилиндр, заменены манжеты",
540,,ai_verdict,done,ai_review,2026-10-04T00:29:27.378902+05:00,,
540,38634255-032f-5302-be4f-e3bb175128c8,approve,ai_review,closed,2026-10-04T01:07:37.804258+05:00,,
541,c8297387-4c37-53d3-8120-a214ac80359e,issue,,issued,2026-10-04T08:39:07.507788+05:00,"Плановый ремонт (ППР): Сепаратор пневматический СП-1 — осмотр, смазка, подтяжка креплений, замена изношенных элементов",
541,4d9937c4-06fe-581d-bbee-b905cacaf2cc,accept,issued,accepted,2026-10-04T08:41:24.414069+05:00,,
541,4d9937c4-06fe-581d-bbee-b905cacaf2cc,start,accepted,in_progress,2026-10-04T08:54:38.291718+05:00,,
541,4d9937c4-06fe-581d-bbee-b905cacaf2cc,complete,in_progress,done,2026-10-04T12:23:02.505914+05:00,"Выполнен ППР: Сепаратор пневматический СП-1 — осмотр, смазка узлов, подтяжка креплений",
541,,ai_verdict,done,ai_review,2026-10-04T12:25:09.763062+05:00,,
541,c8297387-4c37-53d3-8120-a214ac80359e,approve,ai_review,closed,2026-10-04T12:38:48.256298+05:00,,
542,c8297387-4c37-53d3-8120-a214ac80359e,issue,,issued,2026-10-04T09:01:41.136383+05:00,"Плановый ремонт (ППР): Компрессор ВК-10 — осмотр, смазка, подтяжка креплений, замена изношенных элементов",
542,30c23f9b-3046-52c7-aa98-4ded8e8f73ec,accept,issued,accepted,2026-10-04T09:07:19.367138+05:00,,
542,30c23f9b-3046-52c7-aa98-4ded8e8f73ec,start,accepted,in_progress,2026-10-04T09:26:23.966693+05:00,,
542,30c23f9b-3046-52c7-aa98-4ded8e8f73ec,complete,in_progress,done,2026-10-04T11:44:34.397133+05:00,"Выполнен ППР: Компрессор ВК-10 — осмотр, смазка узлов, подтяжка креплений",
542,,ai_verdict,done,ai_review,2026-10-04T11:46:56.771858+05:00,,
542,c8297387-4c37-53d3-8120-a214ac80359e,approve,ai_review,closed,2026-10-04T12:11:10.765988+05:00,,
543,c8297387-4c37-53d3-8120-a214ac80359e,issue,,issued,2026-10-04T09:12:35.676223+05:00,"Перегрев узла, сухое трение",
543,4d9937c4-06fe-581d-bbee-b905cacaf2cc,accept,issued,accepted,2026-10-04T09:23:06.818931+05:00,,
543,4d9937c4-06fe-581d-bbee-b905cacaf2cc,start,accepted,in_progress,2026-10-04T09:34:20.064231+05:00,,
543,4d9937c4-06fe-581d-bbee-b905cacaf2cc,complete,in_progress,done,2026-10-04T10:17:46.030493+05:00,"Узлы смазаны, проверен нагрев",
543,,ai_verdict,done,ai_review,2026-10-04T10:19:03.682423+05:00,,
543,c8297387-4c37-53d3-8120-a214ac80359e,approve,ai_review,closed,2026-10-04T11:07:17.094368+05:00,,
544,c8297387-4c37-53d3-8120-a214ac80359e,issue,,issued,2026-10-04T09:15:12.027653+05:00,"Плановый ремонт (ППР): Конвейер К-2 — осмотр, смазка, подтяжка креплений, замена изношенных элементов",
544,2f23346e-8eed-5645-a1b2-d929d4517246,accept,issued,accepted,2026-10-04T09:19:21.269442+05:00,,
544,2f23346e-8eed-5645-a1b2-d929d4517246,start,accepted,in_progress,2026-10-04T09:22:23.421458+05:00,,
544,2f23346e-8eed-5645-a1b2-d929d4517246,complete,in_progress,done,2026-10-04T11:13:43.372439+05:00,"Выполнен ППР: Конвейер К-2 — осмотр, смазка узлов, подтяжка креплений",
544,,ai_verdict,done,ai_review,2026-10-04T11:16:40.143974+05:00,,
544,c8297387-4c37-53d3-8120-a214ac80359e,approve,ai_review,closed,2026-10-04T11:52:33.493650+05:00,,
545,c8297387-4c37-53d3-8120-a214ac80359e,issue,,issued,2026-10-04T09:36:57.306792+05:00,"Плановый ремонт (ППР): Грохот ГИТ-51 №1 — осмотр, смазка, подтяжка креплений, замена изношенных элементов",
545,4d9937c4-06fe-581d-bbee-b905cacaf2cc,accept,issued,accepted,2026-10-04T09:41:33.801706+05:00,,
545,4d9937c4-06fe-581d-bbee-b905cacaf2cc,start,accepted,in_progress,2026-10-04T09:48:45.671690+05:00,,
545,4d9937c4-06fe-581d-bbee-b905cacaf2cc,complete,in_progress,done,2026-10-04T13:25:19.738501+05:00,"Выполнен ППР: Грохот ГИТ-51 №1 — осмотр, смазка узлов, подтяжка креплений",
545,,ai_verdict,done,ai_review,2026-10-04T13:27:39.928027+05:00,,
545,c8297387-4c37-53d3-8120-a214ac80359e,approve,ai_review,closed,2026-10-04T14:05:49.086567+05:00,,
546,c8297387-4c37-53d3-8120-a214ac80359e,issue,,issued,2026-10-04T09:43:21.365545+05:00,"Плановый ремонт (ППР): Компрессор ВК-20 — осмотр, смазка, подтяжка креплений, замена изношенных элементов",
546,75808db3-d714-5bc1-8824-97b2c7c6f097,accept,issued,accepted,2026-10-04T09:46:51.177798+05:00,,
546,75808db3-d714-5bc1-8824-97b2c7c6f097,start,accepted,in_progress,2026-10-04T09:53:35.464743+05:00,,
546,75808db3-d714-5bc1-8824-97b2c7c6f097,complete,in_progress,done,2026-10-04T12:22:51.419756+05:00,"Выполнен ППР: Компрессор ВК-20 — осмотр, смазка узлов, подтяжка креплений",
546,,ai_verdict,done,ai_review,2026-10-04T12:24:09.802183+05:00,,
546,c8297387-4c37-53d3-8120-a214ac80359e,approve,ai_review,closed,2026-10-04T12:38:16.343634+05:00,,
547,c8297387-4c37-53d3-8120-a214ac80359e,issue,,issued,2026-10-04T14:17:04.441805+05:00,"Стук, откручиваются болты опоры",
547,30c23f9b-3046-52c7-aa98-4ded8e8f73ec,reject,issued,rejected,2026-10-04T14:21:33.951750+05:00,,нет допуска
547,c8297387-4c37-53d3-8120-a214ac80359e,reassign,rejected,issued,2026-10-04T14:22:49.153134+05:00,,
547,79413058-e2c0-5b03-adfb-a2a01c58f0d5,accept,issued,accepted,2026-10-04T14:24:59.528299+05:00,,
547,79413058-e2c0-5b03-adfb-a2a01c58f0d5,start,accepted,in_progress,2026-10-04T14:28:06.785172+05:00,,
547,79413058-e2c0-5b03-adfb-a2a01c58f0d5,complete,in_progress,done,2026-10-04T15:53:56.943850+05:00,"Подтянуты и заменены крепления, проверена вибрация",
547,,ai_verdict,done,ai_review,2026-10-04T15:56:37.736823+05:00,,
547,c8297387-4c37-53d3-8120-a214ac80359e,approve,ai_review,closed,2026-10-04T16:23:55.807389+05:00,,
